topic_id,macro_topic,macro_topic_name,source,subgroup,final_merge_group_id,micro_topic_id,display_label,topic_name_original,topic_label_refined,overall_summary,phase_1_years,phase_2_years,phase_3_years,phase_4_years,phase_1_summary,phase_2_summary,phase_3_summary,phase_4_summary,evolution_pattern,evidence_note,paper_status,selection_bucket,noncorporate_inclusion_reason,best_matched_corporate_group_id,best_dyad,topic_size,group_size,active_year_count,active_year_min,active_year_max,overall_keywords
academic_T1::academic_T1_PG09,T1,Clean energy transition,academic,academic_T1,academic_T1_PG09,18,Agrivoltaics Technology Evolution,18_agrivoltaics_agrivoltaic_agrophotovoltaic_agriphotovoltaics,Agrivoltaics Technology Evolution,"The micro-topic traces the evolution of agrivoltaics from early concepts in closed ecological systems to highly technical, integrated systems focusing on land and energy optimization.",2009-2012,2014-2018,2019-2022,2023-2025,"Early conceptualization, focusing on closed ecological systems, bioregenerative life support, and initial deployment challenges like irrigation monitoring.","Emergence of the core agrivoltaics concept, focusing on microclimatic effects, integration into greenhouses, and initial climate change mitigation discussions.","Intensive focus on the synergistic potential, resource efficiency (land/water), and the development of policy/modeling frameworks for APV systems.","Maturation into advanced system design, heavily integrating sensor technology, AI, and hardware optimization (e.g., foldable panels) alongside hydroponic integration.",,,aligned,included_noncorporate,direct_pair_with_corporate_above_threshold,corporate_T1_PG04,academic__corporate,318,2,15,2009,2025,"[""agrivoltaics"", ""agrivoltaic"", ""agrophotovoltaic"", ""agriphotovoltaics"", ""hydroponics"", ""hydroponic"", ""crops"", ""greenhouses"", ""greenhouse"", ""croplands""]"
academic_T1::academic_T1_S084,T1,Clean energy transition,academic,academic_T1,academic_T1_S084,33,Bibliometric Analysis of Energy and Sustainability Trends,84_bibliometric_scientometric_scientometrics_bibliometrix,Bibliometric Analysis of Energy and Sustainability Trends,"This micro-topic consistently tracks the application of bibliometric and scientometric methodologies to map the evolution, structure, and trends within the literature concerning energy systems, sustainability, and renewable energy technologies across various international databases.",2014,2016-2018,2020-2022,2023-2025,"Initial focus on applying bibliometric methods to understand the intersection of applied engineering, economic development, and specific industrial sectors like manufacturing and mining.","Early development phase characterized by applying bibliometrics to visualize and quantify trends in global energy policy and renewable energy research, with an emerging focus on visualization techniques.","Intensification of the focus on quantitative analysis, specifically comparing database contents (Scopus vs. WoS) and mapping the structural evolution of research related to climate mitigation and sustainable development.","Maturity phase, characterized by highly consistent application of advanced bibliometric and scientometric tools to map complex themes like energy transitions, co-authorship networks, and the broader landscape of sustainable energy systems.",Steady Maturation and Deepening of Methodological Focus,"The evolution shows a clear progression from initial sectoral application (2014) to methodological refinement (2016-2018), followed by intense thematic mapping and comparison (2020-2022), culminating in a highly sophisticated, network-aware analysis of energy transitions (2023-2025).",aligned,included_noncorporate,direct_pair_with_corporate_above_threshold,corporate_T1_PG04,academic__corporate,68,1,9,2014,2025,"[""bibliometric"", ""scientometric"", ""scientometrics"", ""bibliometrix"", ""decarbonised"", ""trends"", ""papers"", ""scopus"", ""interdisciplinary"", ""scientopy""]"
academic_T1::academic_T1_S004,T1,Clean energy transition,academic,academic_T1,academic_T1_S004,3,Biomass Energy Conversion Pathways and Sustainability Assessment,4_bioenergy_biomass_gasification_biorefinery,Biomass Energy Conversion Pathways and Sustainability Assessment,"The micro-topic tracks the evolution of biomass energy research, moving from early thermal integration concepts to broad assessments of feedstock potential, culminating in a focus on integrated biorefinery and gasification pathways across diverse global contexts.",2000-2005,2006-2011,2012-2018,2019-2025,"Early focus on thermal integration, waste processing, and small-scale decentralized energy solutions using incineration and gasification.","Shift towards integrated systems, life cycle assessments, and regional feasibility studies across agricultural and industrial residues.","Broadening scope to sustainability assessments, feedstock potential modeling, and the technical viability of various bioenergy outputs like biodiesel and biogas.","Intense focus on large-scale potential assessment, geospatial modeling, and the integration of advanced concepts like biorefineries and syngas production within the context of the bioeconomy.",,,aligned,included_noncorporate,direct_pair_with_corporate_above_threshold,corporate_T1_PG04,academic__corporate,955,1,25,2000,2025,"[""bioenergy"", ""biomass"", ""gasification"", ""biorefinery"", ""biogas"", ""biochar"", ""bioeconomy"", ""syngas"", ""feedstocks"", ""ghg""]"
academic_T1::academic_T1_S080,T1,Clean energy transition,academic,academic_T1,academic_T1_S080,31,Central Asian Energy Transition and Water Security,80_uzbekistan_azerbaijan_kazakhstan_hydropower,Central Asian Energy Transition and Water Security,"The micro-topic tracks the evolution of energy discussions in Central Asia, shifting from early focuses on transboundary water and hydropower conflicts to broader themes of renewable energy adoption, ecosystem sustainability, and geopolitical energy security across the region.",2010,2011-2012,2016-2019,2020-2025,Initial focus on the conflict between upstream hydropower generation and downstream irrigation/water demands in transboundary river systems.,"Early exploration of governance and energy sector development, with a brief pivot towards broader energy security and policy reviews.","Diversification away from core hydropower to examine renewable potential (solar/PV, bioenergy) and socio-economic impacts in mountain regions and specific countries.","Mature focus on the regional energy transition, integrating hydropower limitations with broader themes of ecosystem preservation, sustainable development, and geopolitical energy security across the key Central Asian economies.",,,aligned,included_noncorporate,direct_pair_with_corporate_above_threshold,corporate_T1_PG04,academic__corporate,75,1,11,2010,2025,"[""uzbekistan"", ""azerbaijan"", ""kazakhstan"", ""hydropower"", ""kyrgyzstan"", ""geopolitical"", ""sectors"", ""tajikistan"", ""economies"", ""climatic""]"
academic_T1::academic_T1_PG08,T1,Clean energy transition,academic,academic_T1,academic_T1_PG08,15,China's Low-Carbon Energy Transition and Regional Focus,15_china_guangdong_lowcarbon_heilongjiang,China's Low-Carbon Energy Transition and Regional Focus,"The micro-topic generally tracks the evolution of China's energy transition towards low-carbon goals, shifting focus from broad national policy and renewable integration challenges to specific regional case studies and technical modeling.",2004-2010,2011-2013,2014-2018,2019-2025,"Early phase characterized by significant topic drift, with evidence heavily focused on non-Chinese geographies (Jordan, India, Taiwan) while attempting to touch upon China's renewable energy status.","Focus solidifies on China's national energy transition, specifically analyzing the integration challenges of hydropower and wind power into the national grid system.","Strong alignment with the topic name, emphasizing low-carbon ecosystems, pollution control, and specific regional efforts within China, notably Guangdong.","The focus narrows onto China's long-term decarbonization targets (2030/2050), utilizing advanced modeling and addressing the complexities of its coal-dependent structure, though regional specificity remains inconsistent.",,,aligned,included_noncorporate,direct_pair_with_corporate_above_threshold,corporate_T1_PG04,academic__corporate,479,3,22,2004,2025,"[""china"", ""guangdong"", ""lowcarbon"", ""heilongjiang"", ""agglomerations"", ""emission"", ""chengdu"", ""beijing"", ""gansu"", ""hunan""]"
academic_T1::academic_T1_S009,T1,Clean energy transition,academic,academic_T1,academic_T1_S009,8,Cointegration and Econometric Analysis of Energy-Economy Nexus,9_cointegration_econometric_oecd_autoregressive,Cointegration and Econometric Analysis of Energy-Economy Nexus,"The micro-topic consistently applies advanced econometric techniques, particularly cointegration and autoregressive models, to study the long-term causal relationships between economic indicators (like GDP) and energy/environmental variables across various international economic groupings, with a strong presence of OECD contexts.",2011-2013,2014-2017,2018-2021,2022-2025,"Initial phase focused on applying panel data techniques to energy demand analysis, structural changes, and early investigations into the relationship between renewable energy adoption and GHG emissions using ARDL and causality tests.","The focus broadened to include the nexus between energy consumption, economic growth, and governance factors within OECD nations, utilizing cointegration and panel models to analyze causality across different economic contexts.","This phase solidified the application of advanced time-series methods (VECM, ARDL) to study the dynamic interplay between renewable energy, economic indicators, and causality across various regional groupings, including emerging economies.","The most recent phase shows a high degree of methodological consistency, heavily relying on cointegration and ARDL to assess long-run equilibrium relationships between economic expansion, energy use, and environmental outcomes across diverse national contexts.",Consistent methodological refinement and broadening of geographical scope while maintaining the core econometric focus.,"The evolution shows a steady increase in frequency and a refinement from general energy demand modeling (2011) to highly specific, advanced ARDL/cointegration applications across multiple global groupings (2024-2025).",aligned,included_noncorporate,direct_pair_with_corporate_above_threshold,corporate_T1_PG04,academic__corporate,396,1,14,2011,2025,"[""cointegration"", ""econometric"", ""oecd"", ""autoregressive"", ""brics"", ""gdp"", ""economies"", ""causality"", ""regression"", ""co2""]"
academic_T1::academic_T1_S072,T1,Clean energy transition,academic,academic_T1,academic_T1_S072,27,EU Energy Transition Monitoring and Policy Implementation,72_eurostat_eu_baltic_indicators,EU Energy Transition Monitoring and Policy Implementation,"The micro-topic tracks the evolution of EU energy policy implementation, focusing heavily on renewable energy adoption, economic competitiveness, and indicator tracking across various member states, with a notable, though sometimes tangential, focus on Eastern/Baltic countries.",2005-2009,2011-2015,2016-2021,2022-2025,"Early phase characterized by national policy deep dives into specific renewable energy technologies (wind, industrial development) within the EU context, with initial attention on Poland and Denmark.","Mid-period shift towards broader EU policy modeling, focusing on feasibility studies, emission targets, and comparative national performance across various EU economies.","A strong, sustained focus on case studies within Central and Eastern Europe, particularly Romania, examining the financial realities, policy hurdles, and implementation challenges of renewable energy adoption.","Later phase returns to a more quantitative, high-level EU monitoring role, using Eurostat data to assess overall progress against strategic targets, culminating in a strong focus on the Baltic region's specific transition.",Policy Focus -> Comparative Modeling -> Regional Case Studies (CEE) -> Macro-Level Monitoring (EU/Baltic),The topic exhibits a clear drift from broad EU policy discussions to intense national/regional case studies (Romania/Baltics) before settling back into a high-level EU indicator assessment.,aligned,included_noncorporate,direct_pair_with_corporate_above_threshold,corporate_T1_PG04,academic__corporate,91,1,17,2005,2025,"[""eurostat"", ""eu"", ""baltic"", ""indicators"", ""countries"", ""estonia"", ""latvia"", ""econometric"", ""ress"", ""sdg7""]"
academic_T1::academic_T1_S019,T1,Clean energy transition,academic,academic_T1,academic_T1_S019,12,Evolution of Bioenergy and Energy Transition in Ukraine,19_ukraine_ukrainian_bioenergy_economy,Evolution of Bioenergy and Energy Transition in Ukraine,"The micro-topic tracks the evolution of energy discussions related to Ukraine, moving from early, broad assessments of Russian energy systems to a highly focused, technical, and geopolitical analysis of Ukraine's renewable energy transition, with a strong emphasis on bioenergy and grid modernization.",2001,2014-2017,2018-2022,2023-2025,"Initial focus on Russian energy sector analysis, touching upon bioenergy utilization and technological innovations.","Early focus on domestic policy mechanisms, stability, and the potential for renewable energy development in Ukraine, alongside broader regional modernization efforts.","Intense focus on specific Ukrainian energy resources and systems, including hydropower potential, market liberalization, and the integration of various renewable technologies (bioenergy, solar, hydro) into the national energy strategy.","Mature focus on achieving energy security and resilience in Ukraine through advanced integration of bioenergy and other renewables into modernized, secure energy grids, heavily influenced by geopolitical realities.",Broad Regional Assessment -> Domestic Policy Focus -> Resource Specific Development -> Geopolitical Resilience & Integration,"The topic shows a clear geographical and thematic shift from early Russian energy discussions to a sustained, deep dive into Ukraine's renewable energy potential and its integration challenges.",aligned,included_noncorporate,direct_pair_with_corporate_above_threshold,corporate_T1_PG04,academic__corporate,261,1,13,2001,2025,"[""ukraine"", ""ukrainian"", ""bioenergy"", ""economy"", ""eu"", ""competitiveness"", ""russia"", ""urals"", ""conclusions"", ""modernization""]"
academic_T1::academic_T1_S005,T1,Clean energy transition,academic,academic_T1,academic_T1_S005,4,Evolution of Electrification Strategies in Africa towards SDG Goals,5_electrification_sdg_subsidies_2030,Evolution of Electrification Strategies in Africa towards SDG Goals,"The micro-topic tracks the evolution of electrification efforts across Africa, shifting from early institutional/methodological concerns to a strong focus on decentralized, sustainable, and policy-driven solutions, particularly within the Nigerian context, with an increasing emphasis on achieving SDG targets by 2030.",2000-2004,2005-2011,2012-2018,2019-2025,"Initial phase characterized by foundational discussions on institutional energy efficiency, establishing project baselines, and analyzing early regulatory frameworks for energy markets in developing economies.","Focus broadened to implementation challenges, contrasting large-scale programs with decentralized models, and examining the role of financing and policy mechanisms in rural electrification across various African contexts.","The discourse intensified on the sustainability of energy access, critically assessing the limitations of existing infrastructure (like fuelwood dependence) and the socio-economic impacts of energy deficits on households.","The final phase became highly focused on actionable, scalable solutions, emphasizing the deployment of microgrids and renewable energy technologies to meet SDG targets, with a dominant lens on Nigeria's energy transition strategy.",Foundational/Methodological -> Implementation/Policy Hurdles -> Sustainability/Socioeconomic Impact -> Scalable Deployment/National Strategy,"The transition shows a clear movement from broad, theoretical/regional discussions (2000-2011) to a highly focused, technology-driven, and nationally-contextualized approach centered on Nigeria's renewable energy pathway (2019-2025).",aligned,included_noncorporate,direct_pair_with_corporate_above_threshold,corporate_T1_PG04,academic__corporate,840,1,25,2000,2025,"[""electrification"", ""sdg"", ""subsidies"", ""2030"", ""nigeria"", ""minigrids"", ""initiatives"", ""rural"", ""households"", ""socioeconomic""]"
academic_T1::academic_T1_PG01,T1,Clean energy transition,academic,academic_T1,academic_T1_PG01,0,Evolution of Electrochemical Energy Storage Materials,0_anodes_cathodes_electrochemical_ions,Evolution of Electrochemical Energy Storage Materials,"The micro-topic evolved from early explorations of fuel cells and hydrogen systems to a deep focus on advanced battery and supercapacitor material science, heavily emphasizing sustainable, ion-based, and nanostructured components.",2000-2002,2003-2007,2008-2013,2014-2025,"Early focus on macro-level energy systems, including fuel cells and initial investigations into electrochemical storage mechanisms using specific electrode chemistries.","Transition into dedicated battery and storage material development, focusing on high-energy density chemistries like Li/S and characterizing electrode performance using electrochemical techniques.","Broadening scope to sustainable and alternative ion systems, including CO2 reduction, ionic liquids, and the rise of sodium-ion battery research.","Intense focus on next-generation, sustainable energy storage, driven by solid-state, aqueous, and advanced carbon/graphene materials for both batteries and supercapacitors.",,,aligned,included_noncorporate,direct_pair_with_corporate_above_threshold,corporate_T1_PG04,academic__corporate,7040,23,26,2000,2025,"[""anodes"", ""cathodes"", ""electrochemical"", ""ions"", ""supercapacitors"", ""supercapacitor"", ""ionic"", ""electrolyte"", ""rechargeable"", ""electrodes""]"
academic_T1::academic_T1_S075,T1,Clean energy transition,academic,academic_T1,academic_T1_S075,29,Evolution of Net Zero Energy Building Concepts,75_ashrae_residential_kwh_nzeb,Evolution of Net Zero Energy Building Concepts,"The micro-topic tracks the evolution of Net Zero Energy Building (NZEB) concepts, moving from early international design competitions to detailed technical assessments of energy performance, integration challenges, and global policy application across various building types and climates.",2004-2010,2012-2017,2018-2021,2022-2025,"Early phase focused on demonstration projects, ranging from international design competitions to specific net-zero residential case studies.","Mid-period focused on theoretical critiques, contrasting system types (e.g., decentralized vs. multi-building) and framing NZEB as a necessary transition mechanism to address GHG emissions.","This phase deepened the focus on implementation barriers, advanced system integration (BEMS), and applying NZEB concepts across diverse global policy and climate contexts.","The most recent phase emphasizes rigorous techno-economic assessment, simulation tool application (e.g., EnergyPlus), and the optimization of NZEB performance across various global geographies and retrofitting scenarios.",,,aligned,included_noncorporate,direct_pair_with_corporate_above_threshold,corporate_T1_PG04,academic__corporate,88,1,14,2004,2025,"[""ashrae"", ""residential"", ""kwh"", ""nzeb"", ""nzebs"", ""insulation"", ""heating"", ""building"", ""microclimate"", ""nzec""]"
academic_T1::academic_T1_PG04,T1,Clean energy transition,academic,academic_T1,academic_T1_PG04,5,Evolution of Participatory Stakeholder Engagement in Energy Transitions,5_participatory_energiewende_stakeholders_stakeholder,Evolution of Participatory Stakeholder Engagement in Energy Transitions,"The micro-topic tracks the evolution of participatory engagement, moving from early community readiness and local governance concerns to highly technical, systemic, and discourse-driven analyses of the Energiewende and decentralized energy systems.",2000-2004,2005-2009,2010-2018,2019-2024,"Early focus on foundational community readiness, local governance, and rural economic challenges as prerequisites for systemic change.","Shift towards applying participatory methods to specific development contexts, including water governance, infrastructure decentralization, and early systemic/foresight modeling.","Deep dive into the socio-technical systems perspective, analyzing the dynamics, regimes, and structural challenges of large-scale energy transitions (Energiewende) through a participatory lens.","Maturation into complex ecosystem analysis, focusing on the mechanisms of stakeholder collaboration, co-creation, and the integration of decentralized technologies within evolving governance frameworks.",Foundational -> Contextual Application -> Systemic Analysis -> Ecosystem Integration,"The progression shows a clear thematic drift from broad development/community capacity (early years) to highly specialized, systemic, and discourse-oriented energy transition studies (later years).",aligned,included_noncorporate,direct_pair_with_corporate_above_threshold,corporate_T1_PG04,academic__corporate,3633,17,26,2000,2025,"[""participatory"", ""energiewende"", ""stakeholders"", ""stakeholder"", ""sociotechnical"", ""participation"", ""cooperatives"", ""governance"", ""initiatives"", ""collaboration""]"
academic_T1::academic_T1_S090,T1,Clean energy transition,academic,academic_T1,academic_T1_S090,36,Fintech and Sustainable Energy Financing Mechanisms,90_smes_microfinance_fintech_liquidity,Fintech and Sustainable Energy Financing Mechanisms,"The micro-topic initially explored microfinance and early financing mechanisms, rapidly shifting focus towards renewable energy project financing, risk management, and the application of advanced financial technologies (Fintech) and ESG metrics across various investment stages.",2010-2012,2014-2018,2019-2023,2024-2025,"Early focus on foundational financing challenges, including renewable energy project financing mechanisms (like CDM) and comparative studies of microcredit models.","Mid-period concentration on specific financing gaps for SMEs, risk mitigation strategies, and the role of financial knowledge in investment decisions.","Strong emergence of internationalization themes, followed by a sustained focus on Fintech indicators, ESG integration, and sustainable development goals within finance.","Recent evolution into a meta-analytical phase, heavily involving scientometric mapping of the research landscape and analyzing investment viability through advanced financial modeling and green bonds.",,,aligned,included_noncorporate,direct_pair_with_corporate_above_threshold,corporate_T1_PG04,academic__corporate,59,1,14,2010,2025,"[""smes"", ""microfinance"", ""fintech"", ""liquidity"", ""financing"", ""crowdfunding"", ""investment"", ""mfis"", ""investors"", ""funding""]"
academic_T1::academic_T1_S058,T1,Clean energy transition,academic,academic_T1,academic_T1_S058,23,Fusion and Advanced Reactor Trajectories,58_tokamaks_iter_tokamak_reactors,Fusion and Advanced Reactor Trajectories,"The micro-topic tracks the evolution from early energy mix considerations to a strong focus on advanced fission and fusion technologies, culminating in a sustained emphasis on ITER and tokamak development as the primary pathway for future energy security.",2001-2008,2009-2017,2018-2022,2023-2025,"Early focus on nuclear's role in energy transition, spanning long-term scenarios, international governance, and initial explorations of advanced fission concepts alongside early mentions of ITER.","A sustained period dominated by advanced fission concepts, fuel cycle optimization (actinides, thorium), and comparative assessments against fossil fuels, with intermittent mentions of ITER.","The discourse begins to pivot strongly towards fusion breeding and the role of ITER in achieving decarbonization goals, integrating advanced reactor concepts with fusion pathways.","Intense, sustained focus on the technical challenges of fusion energy, specifically tokamaks and ITER, alongside the necessary international and public partnership frameworks for realization.",,,aligned,included_noncorporate,direct_pair_with_corporate_above_threshold,corporate_T1_PG04,academic__corporate,123,1,21,2001,2025,"[""tokamaks"", ""iter"", ""tokamak"", ""reactors"", ""nuclear"", ""thermonuclear"", ""reactor"", ""fusion"", ""actinide"", ""fission""]"
academic_T1::academic_T1_S031,T1,Clean energy transition,academic,academic_T1,academic_T1_S031,16,Geothermal Resource Assessment and Application in Subsurface Systems,31_geothermal_hydrothermal_boreholes_geostructures,Geothermal Resource Assessment and Application in Subsurface Systems,The micro-topic evolved from early pilot studies on soil remediation to a highly focused investigation of advanced geostructures and large-scale resource potential across various geographical contexts.,2006-2008,2010-2014,2015-2019,2020-2025,"Early focus on feasibility, primarily linking geothermal heating to soil remediation and assessing the viability of using local groundwater/aquifers for heating.","Shift towards technical design and regulatory frameworks, heavily focusing on Ground Source Heat Pumps (GSHP) performance, thermal modeling, and establishing design standards.","Increased focus on specific resource types and technologies, including Engineered Geothermal Systems (EGS), hydrothermal applications, and the role of geological structures in energy extraction.","Maturation into advanced system integration, focusing on thermal interactions, geotechnical aspects, and the optimization of specific subsurface structures like energywalls and BTES for large-scale urban and regional deployment.",,,aligned,included_noncorporate,direct_pair_with_corporate_above_threshold,corporate_T1_PG04,academic__corporate,194,1,18,2006,2025,"[""geothermal"", ""hydrothermal"", ""boreholes"", ""geostructures"", ""hydrogeological"", ""groundwater"", ""heating"", ""borehole"", ""energywall"", ""geological""]"
academic_T1::academic_T1_S041,T1,Clean energy transition,academic,academic_T1,academic_T1_S041,20,Inductive/Electromagnetic WPT for EVs,41_inductance_electromagnetic_ev_evs,Inductive/Electromagnetic WPT for EVs,"The research trajectory moved from initial feasibility demonstrations for e-bikes to highly technical optimization of dynamic, sustainable, and integrated wireless charging systems for various EV applications.",2016-2017,2018-2021,2022-2023,2024-2025,"Early conceptualization and feasibility testing of inductive power transfer, initially focused on e-bikes and incorporating early safety/material science aspects.","System design maturation, focusing on high-speed road charging, infrastructure planning, and integrating advanced components like rectennas and metamaterials into WPT systems.",Intense focus on Dynamic Wireless Power Transfer (DWPT) and pushing technical boundaries through detailed system design and optimization algorithms.,"Maturity phase emphasizing the sustainable implementation, efficiency enhancement, and integration of WPT into broader transportation networks, including renewable energy sources.",,,aligned,included_noncorporate,manual_override_from_excluded_review,corporate_T1_PG04,,162,1,10,2016,2025,"[""inductance"", ""electromagnetic"", ""ev"", ""evs"", ""wireless"", ""charging"", ""coils"", ""coil"", ""mobility"", ""transmitting""]"
academic_T1::academic_T1_S034,T1,Clean energy transition,academic,academic_T1,academic_T1_S034,17,Interdisciplinary STEM Education in Energy Systems,34_ee_interdisciplinary_students_capstone,Interdisciplinary STEM Education in Energy Systems,"The micro-topic traces the evolution of integrating interdisciplinary, project-based learning into engineering education, specifically focusing on renewable energy and sustainability. The trajectory moves from early conceptual explorations to formalized curriculum development, culminating in a strong focus on measurable competencies and global sustainability goals.",2003-2007,2008-2014,2015-2019,2020-2025,"Initial phase characterized by foundational explorations into interdisciplinary concepts, contrasting theoretical physics with educational approaches, and early awareness campaigns regarding renewable energy and international sustainability efforts.","This phase saw a shift towards practical integration, moving from theoretical awareness to applying energy concepts within specific engineering domains (like turbines/infrastructure) and formalizing interdisciplinary projects within undergraduate curricula.","The focus solidified on the 'capstone' experience as the primary vehicle for integration. Themes centered on applying energy economy principles, utilizing specific project formats (like design competitions), and adapting curricula to meet national energy development needs.","The most recent phase is characterized by methodological maturity, focusing heavily on benchmarking pedagogical standards, defining specific competencies, and aligning educational outcomes directly with global frameworks like the SDGs and future energy technologies (e.g., green hydrogen).",Conceptual Foundation -> Practical Integration -> Project Formalization -> Competency Benchmarking,"The progression shows a clear maturation from broad awareness (2003-2007) to highly specialized, outcome-driven curriculum design (2020-2025).",aligned,included_noncorporate,direct_pair_with_corporate_above_threshold,corporate_T1_PG04,academic__corporate,179,1,20,2003,2025,"[""ee"", ""interdisciplinary"", ""students"", ""capstone"", ""undergraduate"", ""stem"", ""learners"", ""educational"", ""interdisciplinarity"", ""learning""]"
academic_T1::academic_T1_S008,T1,Clean energy transition,academic,academic_T1,academic_T1_S008,7,MCDM Application in Energy Assessment,8_topsis_multicriteria_ahp_emergy,MCDM Application in Energy Assessment,"The micro-topic tracks the evolution of applying combined MCDM techniques, primarily TOPSIS and AHP, to evaluate and prioritize various renewable energy sources and system designs across different geographical and technological contexts.",2004-2010,2011-2015,2016-2019,2020-2025,"Early application phase focusing on applying multi-criteria evaluation to specific energy systems, including solar PV, decentralized energy planning, and waste management integration.","Methodological development phase characterized by applying AHP and MCDM to regional planning, bioenergy, and specific national energy challenges (e.g., Turkey, rural contexts).",Refinement and integration phase where the combination of fuzzy MCDM methods (TOPSIS/AHP) becomes prominent for assessing sustainable energy technologies and addressing uncertainty in energy systems.,"Advanced application phase, showing high frequency, where the focus solidifies on using integrated MCDM (TOPSIS/AHP) for suitability assessment and portfolio selection across increasingly complex and globalized energy contexts.",,,aligned,included_noncorporate,direct_pair_with_corporate_above_threshold,corporate_T1_PG04,academic__corporate,471,1,18,2004,2025,"[""topsis"", ""multicriteria"", ""ahp"", ""emergy"", ""mcdm"", ""prioritization"", ""criteria"", ""suitability"", ""selection"", ""ranking""]"
academic_T1::academic_T1_PG05,T1,Clean energy transition,academic,academic_T1,academic_T1_PG05,6,PV-based Microgrid Development and Optimization,6_microgrids_microgrid_pv_photovoltaic,PV-based Microgrid Development and Optimization,"The micro-topic evolved from early considerations of island energy dependency to a highly technical focus on optimizing and implementing PV-based hybrid microgrids for rural and industrial electrification, culminating in advanced system monitoring.",2005-2010,2011-2017,2018-2022,2023-2025,"Initial focus on the energy situation and sustainability challenges in island contexts, identifying the need for renewable energy adoption.","Shift towards technical design, system reliability, and optimization of hybrid systems integrating generators and renewables for decentralized power.","Deep dive into advanced microgrid architectures, specifically focusing on DC microgrids, control mechanisms, and techno-economic feasibility studies.","Maturation into advanced system implementation, emphasizing intelligent monitoring, data processing, and broad application across various geographical and industrial settings.",,,aligned,included_noncorporate,direct_pair_with_corporate_above_threshold,corporate_T1_PG04,academic__corporate,1002,3,19,2005,2025,"[""microgrids"", ""microgrid"", ""pv"", ""photovoltaic"", ""kwh"", ""turbines"", ""biomass"", ""electrification"", ""generators"", ""diesel""]"
academic_T1::academic_T1_PG07,T1,Clean energy transition,academic,academic_T1,academic_T1_PG07,13,Piezoelectric Energy Harvesting Evolution,13_piezoelectric_piezoelectricity_piezo_pzt,Piezoelectric Energy Harvesting Evolution,"The micro-topic tracks the evolution of piezoelectric energy harvesting, starting from broad MEMS/thermoelectric concepts, transitioning through ambient energy scavenging and mechanical vibration harvesting, and culminating in highly specialized applications like footstep and flexible nanogenerators.",2007-2009,2010-2014,2015-2018,2019-2025,Early exploration of piezoelectricity alongside other ambient energy sources like thermoelectric effects and power scavenging for sensor networks.,"Focus shifts to specific mechanical energy conversion mechanisms, including microwind, pavement harvesting, and the development of sensorless control systems for harvesters.",Intense focus on optimizing the physical design and efficiency of piezoelectric devices to harvest energy from mechanical vibration and movement.,"Maturation into highly specialized applications, including bio-energy harvesting for implants, advanced TENG integration, and performance tuning for specific human activities like footsteps.",,,aligned,included_noncorporate,manual_override_from_excluded_review,corporate_T1_PG04,,686,3,18,2007,2025,"[""piezoelectric"", ""piezoelectricity"", ""piezo"", ""pzt"", ""thermoelectric"", ""sensors"", ""footstep"", ""sensor"", ""gait"", ""powering""]"
academic_T1::academic_T1_S017,T1,Clean energy transition,academic,academic_T1,academic_T1_S017,11,Renewable Energy Integration in Desalination,17_desalination_desalinated_seawater_salinity,Renewable Energy Integration in Desalination,"The micro-topic tracks the evolution of desalination research, heavily focused on integrating various renewable energy sources, primarily solar (PV, thermal), with desalination processes to improve sustainability and economic viability across different geographical contexts.",2004-2008,2009-2013,2014-2018,2019-2025,"Early focus on assessing the viability of desalination powered by specific energy sources, including nuclear and early solar/PV thermal systems.","Expansion into solar-driven purification methods, including membrane technologies (nanofiltration) and broader integration of solar thermal and PV systems.","Maturation of the theme, with a strong emphasis on techno-economic feasibility, system design, and applying renewable energy integration to combat water scarcity in specific regions.","Dominance of the theme, characterized by rich case studies focusing on advanced integration of PV, wind, geothermal, and wave energy into desalination systems to achieve high levels of sustainability and cost reduction.","Steady progression from initial energy source evaluation to complex, multi-source renewable integration and techno-economic optimization.","The topic shows a clear trend from early, singular energy focus (nuclear/early solar) to a highly integrated, multi-source renewable energy landscape (PV, wind, wave, geothermal) by the later years.",aligned,included_noncorporate,direct_pair_with_corporate_above_threshold,corporate_T1_PG04,academic__corporate,288,1,20,2004,2025,"[""desalination"", ""desalinated"", ""seawater"", ""salinity"", ""saltwater"", ""osmosis"", ""evaporators"", ""evaporator"", ""freshwater"", ""evaporation""]"
academic_T1::academic_T1_PG06,T1,Clean energy transition,academic,academic_T1,academic_T1_PG06,10,Renewable Energy Pathways and System Integration for Decarbonization,10_renewables_geoenergy_2050_ghg,Renewable Energy Pathways and System Integration for Decarbonization,"The micro-topic traces the evolution of research from broad policy discussions on sustainable energy pathways to highly technical modeling of integrated thermal and energy systems, with a strong emphasis on geothermal and waste heat recovery.",2000-2005,2006-2011,2012-2017,2018-2025,"Early phase focused on establishing feasible pathways for sustainable energy systems, driven by incremental improvements across various energy sectors and initial policy evaluations against global trends.","The focus broadened to include market dynamics, national policy responses, and the necessity of rigorous lifecycle analysis to guide the energy transition toward GHG reduction targets.","This phase intensified the focus on climate mitigation, driven by international frameworks (UNFCCC, IPCC), emphasizing the replacement of fossil fuels with specific renewable technologies and assessing national energy security.","The research became highly technical, concentrating on system integration, optimization, and efficiency gains, particularly through the application of ORC technology to low-grade heat sources (geothermal, waste heat) within complex thermal networks, while also considering ecosystem impacts.",Broad Policy -> Policy/Market Tension -> Climate Mitigation Focus -> Technical System Integration,The transition is marked by a shift from macro-level policy/sustainability discussions (2000-2011) to a micro-level engineering focus on thermal energy conversion and system optimization (2018-2025).,aligned,included_noncorporate,direct_pair_with_corporate_above_threshold,corporate_T1_PG04,academic__corporate,820,4,26,2000,2025,"[""renewables"", ""geoenergy"", ""2050"", ""ghg"", ""hydropower"", ""ecosystems"", ""fuels"", ""economies"", ""pollution"", ""energies""]"
academic_T1::academic_T1_S077,T1,Clean energy transition,academic,academic_T1,academic_T1_S077,30,Solar PV Integration and Sustainability in Brazil,77_electricidad_sostenibilidad_fotovoltaicas_eletrica,Solar PV Integration and Sustainability in Brazil,"The micro-topic tracks the evolution of solar photovoltaic (PV) technology discourse, moving from initial conceptualization of sustainable energy solutions to detailed technical evaluations, implementation case studies across various Brazilian contexts, and ongoing analysis of economic and regulatory frameworks.",2006-2007,2010-2017,2018-2021,2022-2025,"Initial conceptualization and early implementation reporting, focusing on the fundamental need for sustainable energy and the introduction of photovoltaic concepts into specific projects.","A phase characterized by technical deepening, moving from theoretical efficiency evaluations (2010) to specific system implementations like SHS (2012) and early regional potential analyses (2014), before branching into hybrid systems and specific case studies (2015-2017).","Intensification of focus on system modeling, economic feasibility, and distribution models. This period sees a strong emphasis on quantitative analysis, simulation, and the role of PV in broader energy distribution frameworks.","Maturation into a focus on large-scale integration, policy, and lifecycle management within the Brazilian context. The discourse becomes highly practical, covering technical validation, policy frameworks, and multidisciplinary sustainability assessments.",Conceptualization -> Technical Deepening/Implementation -> Modeling/Distribution Analysis -> Maturation/Policy Integration,"The progression shows a clear shift from broad sustainability concerns to increasingly granular technical, economic, and policy discussions specific to the Brazilian energy matrix.",aligned,included_noncorporate,direct_pair_with_corporate_above_threshold,corporate_T1_PG04,academic__corporate,79,1,16,2006,2025,"[""electricidad"", ""sostenibilidad"", ""fotovoltaicas"", ""eletrica"", ""solares"", ""sustentavel"", ""energia"", ""sistemas"", ""tecnológica"", ""desenvolvimento""]"
academic_T1::academic_T1_S038,T1,Clean energy transition,academic,academic_T1,academic_T1_S038,19,Sustainable Propulsion Transition in Aerospace and UAVs,38_aerospace_aeronautical_uavs_uav,Sustainable Propulsion Transition in Aerospace and UAVs,"The micro-topic tracks the evolution of sustainable propulsion technologies, moving from early fuel cell feasibility studies to a mature focus on hybrid/electric integration, decarbonization strategies, and infrastructure challenges across both large aircraft and UAVs.",2010-2011,2016-2017,2018-2021,2022-2025,"Initial focus on feasibility studies, primarily centered on integrating fuel cell systems and exploring hybrid systems using biofuels into commercial and research aircraft.","A brief phase focusing on specific hardware integration challenges, such as energy harvesting via piezoelectric materials in rotorcraft and the design/reliability of power electronics (inverters) for electric rotorcraft.","A strong pivot towards advanced propulsion solutions driven by environmental concerns, heavily featuring electrofuels, hybrid/electric drives, and thermal management across aircraft types.","The focus matures into a comprehensive view of the transition, emphasizing the integration of electric/hybrid systems into all aircraft categories (including multirotors/UAVs), alongside the necessary ecosystem development, infrastructure, and regulatory compliance for full decarbonization.",Feasibility/Early Integration -> Component/System Detail -> Advanced Propulsion Transition -> Full Ecosystem Decarbonization,"The progression shows a clear shift from chemical energy integration (fuel cells/biofuels) to electrical energy integration (batteries/inverters) and finally to systemic, regulatory, and infrastructure challenges.",aligned,included_noncorporate,direct_pair_with_corporate_above_threshold,corporate_T1_PG04,academic__corporate,171,1,12,2010,2025,"[""aerospace"", ""aeronautical"", ""uavs"", ""uav"", ""aircraft"", ""aviation"", ""rotorcraft"", ""airbus"", ""propulsion"", ""boeing""]"
academic_T1::academic_T1_PG03,T1,Clean energy transition,academic,academic_T1,academic_T1_PG03,2,V2G and EV Integration Evolution,2_v2g_evs_phev_phevs,V2G and EV Integration Evolution,"The micro-topic traces the evolution of EV integration, starting from early energy conversion concepts, moving through specific vehicle types (PHEV/PEV), and culminating in a strong focus on Vehicle-to-Grid (V2G) bidirectional energy exchange, infrastructure planning, and renewable energy integration.",2002-2003,2008-2013,2014-2019,2020-2025,"Early conceptualization phase, focusing on advanced energy conversion technologies (fuel cells) and initial project documentation in the context of electromobility.","Focus shifts to assessing the viability of advanced energy storage and propulsion systems (ultracapacitors, PHEVs) and the initial integration challenges of EVs into mobility and power systems.","Intense focus on the technical and systemic hurdles of widespread EV adoption, emphasizing smart charging, grid integration, and the emergence of bidirectional concepts like V2G.","Maturation into advanced modeling and deployment challenges, heavily centered on V2G optimization within microgrids, infrastructure planning (EVSE), and integrating EVs with renewable energy sources.",Conceptualization -> System Viability Assessment -> Grid Integration & Bidirectionality -> Advanced Deployment & Optimization,"The progression shows a clear shift from general energy concepts (2002) to specific vehicle integration (2011-2013), followed by a strong technical focus on grid interaction (2016-2019), and finally settling on V2G optimization and infrastructure planning in the later years (2020-2025).",aligned,included_noncorporate,manual_override_from_excluded_review,corporate_T1_PG04,,1780,5,20,2002,2025,"[""v2g"", ""evs"", ""phev"", ""phevs"", ""ev"", ""v2v"", ""pv"", ""v2b"", ""v2h"", ""pev""]"
academic_T1::academic_T1_PG11,T1,Clean energy transition,academic,academic_T1,academic_T1_PG11,24,Geothermal Energy Transition in Indonesia,24_geothermal_indonesia_npp_nre,Geothermal Energy Transition in Indonesia,"The micro-topic tracks the evolution of geothermal energy discussions within the Indonesian context, moving from early potential assessments to detailed policy, system dynamics, and Net Zero Emission (NZE) planning across various Indonesian regions.",2015,2017,2019-2021,2022-2025,"Initial technical assessment of renewable energy potential, specifically geothermal, for long-term electricity planning in Indonesian regions.",Focus shifts to policy scenarios and system dynamics modeling for sustainable electricity production in major Indonesian hubs like Jakarta.,"Intense focus on the constraints and challenges preventing the full realization of Indonesia's geothermal potential, alongside regional planning targets.","Maturation into a comprehensive evaluation of Indonesia's energy transition, balancing geothermal potential against broader energy security, NPP integration, and achieving Net Zero Emission goals across specific Indonesian regions.",Ascending technical depth and geographical specificity within Indonesia.,"The topic exhibits significant noise from non-Indonesian energy crisis discussions in earlier years, but the core trajectory solidifies around Indonesian geothermal potential and policy challenges from 2015 onwards.",excluded,included_noncorporate,direct_pair_with_corporate_above_threshold,corporate_T1_PG04,academic__corporate,224,2,16,2007,2025,"[""geothermal"", ""indonesia"", ""npp"", ""nre"", ""nrem"", ""sumatra"", ""aceh"", ""swot"", ""indonesian"", ""kalimantan""]"
academic_T1::academic_T1_PG10,T1,Clean energy transition,academic,academic_T1,academic_T1_PG10,21,Oceanographic Waves and Marine Energy Technology,21_oceanographic_waves_ocean_wave,Oceanographic Waves and Marine Energy Technology,"The micro-topic tracks the evolution of research interest in harnessing ocean waves and marine environments for energy generation, transitioning from broad strategic views to highly technical engineering and deployment challenges, with a strong late-stage convergence toward offshore wind infrastructure.",2002-2005,2011-2017,2018-2021,2022-2025,"Early focus on the dual aspects of marine activity: strategic national maritime power (seapower, shipbuilding) alongside the nascent potential of ocean energy technologies.","A period dominated by the technical feasibility and design challenges of wave energy conversion systems, including modeling, material science (steel), and early system integration studies.","Intensification of technical development, focusing on device-level engineering improvements (WECs), system integration (hybrid systems), and rigorous testing/optimization of wave energy harvesting.","A significant shift towards the large-scale deployment and infrastructure challenges of marine energy, heavily influenced by the maturation of floating offshore wind technology and associated logistical hurdles.",Conceptual/Strategic -> Technical Design -> System Optimization -> Deployment/Infrastructure Scaling,"The transition shows a clear movement from broad marine strategy (2002) to pure energy device engineering (2017), followed by a strong pull towards the industrial scale of offshore wind infrastructure (2022-2025), even when the core topic is waves.",external_relevant_unpaired,included_noncorporate,manual_override_from_excluded_review,corporate_T1_PG03,,206,2,15,2002,2025,"[""oceanographic"", ""waves"", ""ocean"", ""wave"", ""seas"", ""oceanic"", ""sea"", ""seapower"", ""oceans"", ""marine""]"
academic_T1::academic_T1_S063,T1,Clean energy transition,academic,academic_T1,academic_T1_S063,25,Turbine Aerodynamics and Design Evolution (HAWT/VAWT),63_turbines_vawt_vawts_airfoils,Turbine Aerodynamics and Design Evolution (HAWT/VAWT),"The micro-topic tracks the evolution of turbine design, heavily focusing on aerodynamic optimization, transitioning from general CFD application to specific focus on VAWTs, and culminating in integrated urban deployment strategies.",2012-2013,2014-2018,2019-2021,2022-2025,Initial focus on broad turbine design improvement using simulation tools (CFD/ANSYS) while also considering environmental impacts like noise and vibration.,"A period of methodological refinement, moving from physical testing (wind tunnels) to detailed aerodynamic modeling of specific components like airfoils and shrouds, with a strong presence of both HAWT and VAWT concepts.","Intensification on numerical analysis, particularly applying CFD to VAWT flow characteristics and beginning to explore integration into architectural structures.","The focus narrows significantly toward deployment feasibility in built environments, emphasizing the aerodynamic interactions of VAWT arrays within urban settings and low-wind resource assessment using advanced simulation.",Broad Design -> Component Optimization -> Numerical Modeling -> Urban Integration,"The evidence shows a clear progression from general design/testing (2012-2013) to detailed aerodynamic modeling (2014-2018), followed by a strong numerical/VAWT focus (2019-2021), and finally settling on deployment challenges in constrained urban environments (2022-2025).",external_relevant_unpaired,included_noncorporate,manual_override_from_excluded_review,corporate_T1_PG03,,118,1,13,2012,2025,"[""turbines"", ""vawt"", ""vawts"", ""airfoils"", ""turbine"", ""airfoil"", ""aerodynamic"", ""windmill"", ""cfd"", ""ansys""]"
corporate_T1::corporate_T1_S015,T1,Clean energy transition,corporate,corporate_T1,corporate_T1_S015,7,Contractual Risk and Negotiation Dynamics in Financing,15_financing_contracts_negotiation_profitability,Contractual Risk and Negotiation Dynamics in Financing,"The micro-topic tracks the evolution of concerns around financing contracts, focusing initially on operational risks and marketing spend, then shifting heavily towards industry competition, negotiation hurdles, and structural liabilities across the years.",2011-2013,2014-2015,2016-2018,2020,"Early focus on operational risks within fixed price contracts, heavily influenced by the efficiency of advertising and promotional spending on profitability.","Shift towards external market pressures, specifically the impact of industry competition on securing favorable financing agreements.",Focus broadens to include structural elements like liability and the role of cooperatives alongside ongoing risks in agreements.,The most recent evidence highlights the persistent challenge of navigating complex industry competition and jurisdictional structures during negotiations.,,,corporate_anchor,included_corporate,all_corporate_groups_included,,,15,1,9,2011,2020,"[""financing"", ""contracts"", ""negotiation"", ""profitability"", ""risks"", ""concerns"", ""agreements"", ""cooperatives"", ""liability"", ""investor""]"
corporate_T1::corporate_T1_S004,T1,Clean energy transition,corporate,corporate_T1,corporate_T1_S004,4,Energy Supply Chain Vulnerabilities in Mining,4_mining_utilities_energy_shortages,Energy Supply Chain Vulnerabilities in Mining,"The micro-topic tracks the evolution of mining's dependence on energy and utilities, moving from localized supply chain risks to broader themes of energy source competition, regulatory shifts, and the transition toward decarbonization.",2008-2009,2010-2014,2015-2019,2020-2025,"Early focus on immediate, localized supply chain vulnerabilities, including dependence on single energy suppliers, regulatory burdens, and securing critical resources like water and electricity.","The focus broadens to include competition between different energy sources (hydro, fossil fuels) and the direct impact of fluctuating energy and utility costs on mining profitability and operations.","The narrative shifts towards operational resilience and market forces, specifically addressing reliance on backup generation (generators), physical shortages (drought/brownouts), and the growing influence of energy policy debates like nuclear acceptance.","The evolution culminates in a focus on systemic, large-scale challenges: managing supply chain risks amidst global market volatility, navigating utility deregulation, and addressing the strategic pressures of decarbonization and emissions targets.",Localized Risk -> Source Competition -> Operational Resilience -> Systemic Transition,The progression shows a clear thematic shift from immediate physical shortages (2008-2012) to policy and market structure influences (2017-2019) and finally to long-term sustainability and grid challenges (2020-2025).,corporate_anchor,included_corporate,all_corporate_groups_included,,,50,1,17,2008,2025,"[""mining"", ""utilities"", ""energy"", ""shortages"", ""supply"", ""mines"", ""electricity"", ""fluctuations"", ""renewable"", ""fuel""]"
corporate_T1::corporate_T1_PG04,T1,Clean energy transition,corporate,corporate_T1,corporate_T1_PG04,3,Evolution of Demand Drivers in Energy Transition,3_demand_consumers_emissions_consumer,Evolution of Demand Drivers in Energy Transition,"The micro-topic tracks the evolving interplay between energy demand, consumer behavior, emissions targets, and regulatory frameworks across the energy sector, shifting from a focus on generation mix to a strong emphasis on the renewable energy transition.",2007-2009,2012-2017,2018-2022,2023-2025,"Early focus on the interplay between domestic fossil fuel generation (coal, gas) and immediate regulatory pressures regarding emissions.",Mid-period characterized by advocacy for transitional fuels (like natural gas) and intense focus on the regulatory battles surrounding emissions standards.,"Shift towards market dynamics, heavily influenced by consumer demand shifts, infrastructure limitations (pipelines), and the initial impacts of climate policy.","Dominant focus on the accelerating energy transition, driven by ESG concerns, renewable energy adoption, and stringent regulatory frameworks impacting fossil fuel demand.",,,corporate_anchor,included_corporate,all_corporate_groups_included,,,66,2,15,2007,2025,"[""demand"", ""consumers"", ""emissions"", ""consumer"", ""fuels"", ""regulation"", ""gas"", ""biofuels"", ""fuel"", ""energy""]"
corporate_T1::corporate_T1_S010,T1,Clean energy transition,corporate,corporate_T1,corporate_T1_S010,6,Evolution of Hydroelectric Energy Markets in Peru and Ecuador,10_peru_hydroelectric_ecuador_markets,Evolution of Hydroelectric Energy Markets in Peru and Ecuador,"The micro-topic tracks the evolving focus on the energy markets of Peru and Ecuador, heavily centered on hydroelectric power, market stability, and project risks across the years.",2007-2008,2009-2010,2011-2012,2014-2015,"Initial focus on comprehensively assessing the state and development potential of the electricity and natural gas markets in both Peru and Ecuador, contrasting market maturity and inherent risks.","Shift towards specific project viability assessments, particularly concerning gas-to-power projects and the role of hydroelectric capacity within the Peruvian and Ecuadorian market contexts.","Increased emphasis on the Peruvian market's specific challenges, focusing heavily on regulatory compliance, infrastructure development (pipelines), and construction risks.","Later years show a continued focus on the Peruvian market's stability and generation mix, while also touching upon broader themes of technological efficiency and emerging market opportunities.",,,corporate_anchor,included_corporate,all_corporate_groups_included,,,20,1,8,2007,2015,"[""peru"", ""hydroelectric"", ""ecuador"", ""markets"", ""peruvian"", ""hydro"", ""risks"", ""stability"", ""electricity"", ""deregulated""]"
corporate_T1::corporate_T1_PG02,T1,Clean energy transition,corporate,corporate_T1,corporate_T1_PG02,1,Infrastructure Bottlenecks and Market Access Risk,1_pipelines_midstream_infrastructure_unavailability,Infrastructure Bottlenecks and Market Access Risk,"The micro-topic tracks the evolution of concerns regarding the availability and capacity of midstream infrastructure (pipelines, processing facilities) as a primary constraint on production and marketability, shifting from early focus on exploration/political risk to a sustained focus on logistical and third-party capacity limitations.",2002-2005,2006-2009,2011-2019,2020-2025,"Early focus on the foundational risks: accessing reserves (2002), political/environmental risks (2004), and the capital expenditure required for initial midstream growth/construction (2005).","Transition into immediate operational hurdles and supply chain constraints (2006-2007), followed by a strong focus on the physical constraints of infrastructure existence and marketability (2008-2009).","A sustained period where the core theme solidifies: production realization is critically dependent on the availability and capacity of third-party transportation and processing infrastructure, leading to market access issues.","The focus becomes highly refined and persistent, emphasizing the direct impact of midstream infrastructure unavailability on production shutdowns, marketability, and the associated contractual/physical limitations of external assets.",Escalation and Refinement,"The topic evolves from broad development/risk concerns (Phase 1) to a highly focused, persistent theme of logistical bottlenecks caused by external infrastructure capacity (Phases 3 & 4).",corporate_anchor,included_corporate,all_corporate_groups_included,,,114,3,22,2002,2025,"[""pipelines"", ""midstream"", ""infrastructure"", ""unavailability"", ""pipeline"", ""production"", ""transportation"", ""transport"", ""availability"", ""supply""]"
corporate_T1::corporate_T1_PG01,T1,Clean energy transition,corporate,corporate_T1,corporate_T1_PG01,0,Persistent Competitive Pressure in Petroleum Industry,0_competitors_competition_petroleum_industry,Persistent Competitive Pressure in Petroleum Industry,"The micro-topic consistently tracks the intense and pervasive competitive landscape within the petroleum and energy industry, characterized by the entity's struggle against larger, better-resourced competitors across all operational phases.",2005-2025,,,,"The entire period is characterized by sustained, intense competition in the petroleum industry. The core narrative revolves around the entity's disadvantages against larger, better-resourced competitors regarding property acquisition, production, and market position.",,,,Stable,"The topic remains highly consistent throughout the years, with minor shifts in focus (e.g., methane, midstream, renewables) but the overarching theme of competitive disadvantage against larger players remains constant.",corporate_anchor,included_corporate,all_corporate_groups_included,,,158,4,21,2005,2025,"[""competitors"", ""competition"", ""petroleum"", ""industry"", ""drilling"", ""acquiring"", ""contracting"", ""leases"", ""production"", ""competitive""]"
corporate_T1::corporate_T1_PG03,T1,Clean energy transition,corporate,corporate_T1,corporate_T1_PG03,2,Renewable Project Viability and Market Constraints,2_hcf_capability_renewable_profitability,Renewable Project Viability and Market Constraints,"The micro-topic tracks corporate framing of renewable and adjacent energy-transition activity through commercialization constraints: market adoption, financing, transmission access, regulatory and permitting exposure, competition, and supply-chain or customer-demand risks. HCF is a prominent early example in the evidence, but the consolidated topic is broader than HCF-specific technology.",2009-2010,2011-2015,2017-2018,2021-2025,"Initial phase characterized by intense market competition in solar manufacturing and the active pursuit of market entry across Asia, heavily influenced by early regulatory frameworks and available incentives.","A period dominated by infrastructure and financial constraints. Focus shifted to physical bottlenecks (transmission/wind), securing capital through subsidies, and navigating complex regulatory environments (FERC) to ensure project viability.","The focus narrows onto the persistent friction points of regulatory compliance and permitting processes, indicating a maturation of the business risk profile toward governmental oversight.","The later phase becomes highly diversified, cycling through technological supply chain risks (shortages, materials), intense competition from utilities, and ongoing challenges with evolving market requirements and permitting hurdles.",,,corporate_anchor,included_corporate,all_corporate_groups_included,,,92,3,14,2009,2025,"[""hcf"", ""capability"", ""renewable"", ""profitability"", ""subsidies"", ""capabilities"", ""customers"", ""marketing"", ""manufacturing"", ""reliability""]"
corporate_T1::corporate_T1_PG05,T1,Clean energy transition,corporate,corporate_T1,corporate_T1_PG05,5,Technological Risk and Competitive Parity in Energy Industries,5_industry_technological_technologies_technical,Technological Risk and Competitive Parity in Energy Industries,"This micro-topic tracks the persistent theme of how rapid technological advancements create competitive pressures and risks within the energy/oil and gas industry. The evolution shows a consistent focus on technological obsolescence, implementation costs, and the disparity between competitors' resources over nearly two decades.",2008-2009,2010-2012,2013-2019,2020-2025,Initial framing of the topic centered on the dual risks of technological advancements and external forces like market competition and governmental regulation within the industry.,"The focus sharpened onto operational realities, detailing competitive disadvantages stemming from technological adoption challenges, resource constraints (like drilling rigs), and inherent industry competition.",This phase solidified the core narrative: technological change poses a material risk to operations and financial condition. The emphasis remained heavily on competitive disadvantage driven by the pace of technological change and associated implementation costs.,"The later phase maintained the competitive technology theme but broadened the scope, specifically highlighting the impact of advanced drilling technologies and, in the most recent data, the emerging role of digital technologies and information systems in competitive positioning.",Consistent Reinforcement with Increasing Specificity,"The topic maintained a high degree of thematic consistency across all years, primarily revolving around technology risk vs. competition, with minor shifts in the specific industry focus (e.g., drilling vs. general operations) or the type of technology mentioned (e.g., physical vs. digital).",corporate_anchor,included_corporate,all_corporate_groups_included,,,56,3,15,2008,2025,"[""industry"", ""technological"", ""technologies"", ""technical"", ""leases"", ""technology"", ""competitive"", ""commercially"", ""operations"", ""advantages""]"
media_T1::media_T1_S006,T1,Clean energy transition,media,media_T1,media_T1_S006,3,Advanced Energy Storage Systems Evolution,6_storelectric_supercapacitors_battery_batteries,Advanced Energy Storage Systems Evolution,"The micro-topic tracks the evolution of energy storage concepts, moving from early material science concerns to integrated grid solutions, with a strong focus on electric vehicles and bidirectional energy flow.",2007-2012,2014-2018,2019-2022,2023-2024,"Early focus on fundamental materials science, sustainability, and initial integration into renewable energy and automotive contexts, including concerns over heavy metals and early grid stabilization concepts.","A period of intense technological maturation and commercial visibility, characterized by rich coverage of various battery types (including graphene) and the rise of major players like Tesla in grid-scale deployment.","The focus shifts towards the functional application of batteries in the grid, specifically emphasizing bidirectional energy flow (V2G) and the growing importance of battery repurposing/second-life applications.","The most recent phase narrows into market realities, focusing on the integration challenges, supply chain issues, and consumer adoption within specific regional renewable energy markets (e.g., Australia).",Material Science/Early Integration -> Technological Maturation/Commercialization -> Functional Integration/Sustainability -> Market Reality/Adoption Challenges,"The phases are defined by the dominant thematic shift in the annual evidence: from material/early application (P1), to high-tech deployment (P2), to bidirectional grid function (P3), and finally to market/consumer context (P4).",aligned,included_noncorporate,direct_pair_with_corporate_above_threshold,corporate_T1_PG04,media__corporate,104,1,14,2007,2024,"[""storelectric"", ""supercapacitors"", ""battery"", ""batteries"", ""elon"", ""ev"", ""evs"", ""v2g"", ""electric"", ""tesla""]"
media_T1::media_T1_S003,T1,Clean energy transition,media,media_T1,media_T1_S003,1,Australian Renewable Energy Policy and Infrastructure Evolution,3_renewables_australians_australia_nsw,Australian Renewable Energy Policy and Infrastructure Evolution,"The micro-topic tracks the evolution of renewable energy discussions in Australia, moving from early infrastructure proposals to intense debates on targets, investment, and grid capacity across various states.",2011-2012,2013-2018,2019-2022,2023-2024,"Early focus on integrating renewables into network infrastructure, including proposals to convert stations into power generators.","A period dominated by debates on the adequacy of renewable energy targets, investment levels, and the varying policy commitments across Australian states.","The focus shifts towards concrete policy action, including advancements in specific technologies (like microgrids) and the growing recognition of transmission infrastructure challenges (e.g., AusNet capacity).","The most recent phase is characterized by high-level discussions on specific capacity figures, long-term targets (2050), and ongoing legislative and investment commitments.",Infrastructure Focus -> Target Debate -> Policy Implementation/Grid Focus -> Long-Term Commitment,The progression shows a clear maturation from conceptual integration issues to highly quantified policy and infrastructure challenges.,aligned,included_noncorporate,direct_pair_with_corporate_above_threshold,corporate_T1_PG04,media__corporate,270,1,12,2011,2024,"[""renewables"", ""australians"", ""australia"", ""nsw"", ""adelaide"", ""2030"", ""emissions"", ""queensland"", ""2025"", ""australian""]"
media_T1::media_T1_S009,T1,Clean energy transition,media,media_T1,media_T1_S009,5,Evolution of Smart Energy Monitoring and Grid Integration,9_metering_energyorbit_efficiency_efficient,Evolution of Smart Energy Monitoring and Grid Integration,"The micro-topic tracks the evolution from basic consumer energy monitoring to complex, decentralized, and automated grid integration, heavily influenced by technology providers like EnergyOrbit, spanning personal engagement to massive infrastructure challenges.",2007-2009,2010-2013,2014-2017,2018-2024,"Early focus on personal energy monitoring and the emergence of foundational metering technologies, driven by consumer engagement and initial technology rollouts.","Shift towards systemic and infrastructural concerns, focusing on the role of ICT, automation, and the transition towards smarter, more complex energy systems and grid upgrades.","Deep dive into the architectural requirements of modernizing the energy system, emphasizing decentralization, interoperability, and the technical integration of advanced grid components.","Focus narrows onto the realization and challenges of future energy systems, including predictive modeling, microgrids, decarbonization efforts, and the role of demand-side flexibility in grid balancing.",,,aligned,included_noncorporate,direct_pair_with_corporate_above_threshold,corporate_T1_PG04,media__corporate,80,1,16,2007,2024,"[""metering"", ""energyorbit"", ""efficiency"", ""efficient"", ""utility"", ""appliances"", ""smarter"", ""automation"", ""smart"", ""meters""]"
media_T1::media_T1_PG01,T1,Clean energy transition,media,media_T1,media_T1_PG01,0,Renewable Energy Transition Challenges and Policy Debates,0_renewables_2050_turbines_emissions,Renewable Energy Transition Challenges and Policy Debates,"The micro-topic tracks the evolution of renewable energy discourse from early policy investment in nascent technologies to complex debates on deployment hurdles, technology mix, and decarbonization targets across decades.",2000-2004,2005-2009,2010-2018,2019-2025,"Early focus on government investment, policy action, and the introduction of various renewable technologies (offshore wind, biomass, solar) as solutions to emissions targets.","Intense focus on the policy battles, technological limitations, and competing energy paradigms (renewables vs. nuclear vs. fossil fuels) during the transition period.","Maturation of the debate, shifting towards implementation challenges, community acceptance, and the necessity of a diverse energy portfolio (including marine/tidal) to meet long-term goals.","Focus narrows onto the immediate challenges of phasing out legacy fuels (coal), achieving near-term decarbonization (2030/2040), and addressing new energy demands (e.g., AI datacentres).",,,aligned,included_noncorporate,direct_pair_with_corporate_above_threshold,corporate_T1_PG04,media__corporate,1812,5,26,2000,2025,"[""renewables"", ""2050"", ""turbines"", ""emissions"", ""biomass"", ""carbon"", ""coal"", ""fuels"", ""environmental"", ""2030""]"
media_T1::media_T1_S007,T1,Clean energy transition,media,media_T1,media_T1_S007,4,"Subsidies, Affordability, and Regulatory Scrutiny of Energy Costs",7_subsidising_affordability_discount_afford,"Subsidies, Affordability, and Regulatory Scrutiny of Energy Costs","The micro-topic tracks the evolution of concerns around energy affordability, moving from early regulatory critiques to intense focus on direct financial relief, subsidies, and market structure failures.",2004-2009,2011-2017,2018-2021,2022-2024,"Early phase characterized by skepticism towards regulators' pursuit of low prices, direct impacts of supplier hikes, and initial discussions on customer pressure amidst wholesale market changes.","A period focused on the financial strain on consumers due to price increases, contrasting the current privatized market with historical ownership models, and the role of policy in affordability.","The narrative shifts towards immediate financial relief needs, followed by a strong focus on market failures, the inadequacy of existing caps, and the urgent necessity for structural regulatory reform.","The most recent phase is dominated by direct government intervention through subsidies and discounts to assist customers with bills, alongside ongoing critiques of market dysfunction and infrastructure reliability.",Critique of Market -> Financial Strain -> Regulatory Crisis -> Direct Subsidy Intervention,"The progression shows a clear shift from abstract regulatory/market critiques (Phase 1) to concrete financial impacts (Phase 2), followed by a crisis response (Phase 3), culminating in sustained government financial support (Phase 4).",aligned,included_noncorporate,direct_pair_with_corporate_above_threshold,corporate_T1_S004,media__corporate,100,1,17,2004,2024,"[""subsidising"", ""affordability"", ""discount"", ""afford"", ""ofgem"", ""customers"", ""bills"", ""wholesale"", ""paying"", ""customer""]"
academic_T2::academic_T2_PG04,T2,Operational sustainability and circular production,academic,academic_T2,academic_T2_PG04,4,Biosorption and Adsorption of Pollutants in Wastewater,4_biosorption_wastewater_adsorbents_effluents,Biosorption and Adsorption of Pollutants in Wastewater,The micro-topic evolved from early interests in general wastewater reuse and wetland systems to a highly focused investigation on the application of biosorbents and adsorbents derived from various biomass wastes for the removal of heavy metals and organic pollutants from effluents.,2000-2002,2003-2007,2008-2014,2015-2024,"Initial focus on broad wastewater management, including policy aspects of reuse, and early investigation into wetland systems for effluent treatment.","Transition towards specific contaminant removal using biomass residues (biosorbents) for heavy metals, alongside early explorations of advanced separation technologies like ion exchange.","A period characterized by intense focus on water reuse pathways (irrigation, groundwater recharge) alongside the development and testing of various physico-chemical removal methods, including membrane filtration and photocatalysis.","The topic solidified around the core mechanism of biosorption/adsorption, heavily emphasizing the use of low-cost, sustainable agricultural and industrial waste derivatives (biochar, peels) for contaminant remediation, culminating in a strong focus on biomass application.",Broad Management -> Specific Contaminant Removal -> Process Integration/Reuse -> Biomass Optimization,"The topic shows a clear trajectory from general water management (2000-2002) to a sustained, deep dive into the mechanism and application of biosorbents/adsorbents derived from waste streams (2017-2024).",aligned,included_noncorporate,direct_pair_with_corporate_above_threshold,corporate_T2_S004,academic__corporate,1112,4,26,2000,2025,"[""biosorption"", ""wastewater"", ""adsorbents"", ""effluents"", ""biosorbents"", ""photocatalyst"", ""biochar"", ""effluent"", ""photocatalysts"", ""adsorption""]"
academic_T2::academic_T2_S076,T2,Operational sustainability and circular production,academic,academic_T2,academic_T2_S076,27,Cellulose Nanomaterials in Paper and Composites,76_nanocelluloses_nanocellulose_nanopaper_cellulose,Cellulose Nanomaterials in Paper and Composites,"The research trajectory moved from early process improvements in paper recycling to a deep focus on synthesizing and applying various forms of cellulose nanomaterials (CNCs, CNFs) to enhance the properties of paper and create advanced, sustainable composites.",2008-2013,2016-2019,2020-2022,2023-2025,"Early focus on process sustainability, including using recycled newsprint, improving paper strength via chemical agents, and exploring enzymatic/ultrasonic recycling methods.","Shift towards material science, focusing on the properties of cellulose fibers and the development of specific nanomaterial forms like CNFs for enhanced material performance.","Intense focus on production routes and characterization, utilizing various biomass wastes (MGW, bagasse) to produce and test cellulose nanomaterials for functional applications.","Maturation into advanced application development, concentrating on using nanocelluloses to create high-performance, sustainable packaging and composite materials while addressing recyclability.",Process Improvement -> Material Synthesis -> Waste Valorization/Characterization -> Advanced Application Development,The evolution shows a clear progression from process-oriented sustainability (early years) to material-centric application development (later years).,aligned,included_noncorporate,direct_pair_with_corporate_above_threshold,corporate_T2_S007,academic__corporate,68,1,16,2008,2025,"[""nanocelluloses"", ""nanocellulose"", ""nanopaper"", ""cellulose"", ""papermaking"", ""cellulosic"", ""pulping"", ""lignin"", ""biomass"", ""nanofibers""]"
academic_T2::academic_T2_S021,T2,Operational sustainability and circular production,academic,academic_T2,academic_T2_S021,12,Chemical Safety and Risk Management Evolution,21_ohs_osh_hse_safety,Chemical Safety and Risk Management Evolution,"The micro-topic tracks the evolution of chemical safety discourse from early concerns over industrial toxins and international policy (2000s) toward highly technical, proactive risk management, chemical substitution, and complex regulatory frameworks within the EU context (2010s-2020s).",2000-2003,2004-2010,2011-2018,2019-2025,"Initial focus on global chemical hazards, including toxicology, international policy responses (OECD), and early concerns regarding contaminants and bioaccumulation.","A transitional phase marked by highly specific incident responses (HazMat), a shift toward proactive safety initiatives, and intense scrutiny of national chemical regulatory frameworks (e.g., TSCA critique).","Deep dive into complex chemical fate, risk assessment methodologies (xenobiotics, bioaccumulation), and the influence of major international policy agreements (SAICM, UNEP) on chemical management.","The most recent phase is dominated by advanced, integrated regulatory mechanisms (REACH, GHS, ECHA) focusing on chemical mixtures, substitution, and applying systematic risk management tools across industrial and human security domains.",Policy Focus -> Incident Response/Critique -> Scientific Modeling/International Frameworks -> Advanced Regulatory Implementation,"The progression shows a clear shift from broad hazard identification to highly granular, process-oriented regulatory compliance and substitution science.",aligned,included_noncorporate,direct_pair_with_corporate_above_threshold,corporate_T2_S000,academic__corporate,258,1,26,2000,2025,"[""ohs"", ""osh"", ""hse"", ""safety"", ""smes"", ""ohsms"", ""ppe"", ""compliance"", ""workplace"", ""hazards""]"
academic_T2::academic_T2_S088,T2,Operational sustainability and circular production,academic,academic_T2,academic_T2_S088,29,Evolution of Sustainability Assessment Frameworks for Water Infrastructure,88_wastewater_infrastructure_stakeholders_indicator,Evolution of Sustainability Assessment Frameworks for Water Infrastructure,"The micro-topic evolved from early focus on basin-scale capacity and pollution abatement to a highly methodological focus on developing and applying multi-criteria decision analysis (MCDA) and sustainability indicators across various infrastructure types, culminating in frameworks aligned with global goals.",2000-2003,2005-2011,2012-2017,2018-2024,"Initial phase focused on foundational applications: developing capacity models in river basins, followed by integrated watershed approaches for pollution abatement and early work on wastewater reclamation and reuse.","Transition into structured assessment methodologies, moving from broad criteria development to specific applications like barrier perspectives, multi-criteria decision support systems, and early integration of reuse technologies.","Intensification of quantitative assessment tools, heavily utilizing MCDA to evaluate the environmental, social, and economic feasibility of infrastructure projects, including specific focus on social sustainability indicators.","Maturation into comprehensive, integrated frameworks. The focus shifted towards advanced decision-making tools (AHP, MCDM) to manage complexity, incorporate stakeholder input, and align assessments with global sustainability targets like the SDGs.",,,aligned,included_noncorporate,direct_pair_with_corporate_above_threshold,corporate_T2_S004,academic__corporate,54,1,23,2000,2024,"[""wastewater"", ""infrastructure"", ""stakeholders"", ""indicator"", ""indicators"", ""interdisciplinary"", ""utilities"", ""watersheds"", ""watershed"", ""reclamation""]"
academic_T2::academic_T2_S010,T2,Operational sustainability and circular production,academic,academic_T2,academic_T2_S010,7,LCA Application in Biorefinery Sustainability Assessment,10_biorefineries_biorefinery_bioeconomy_lca,LCA Application in Biorefinery Sustainability Assessment,"The micro-topic tracks the evolution of using Life Cycle Assessment (LCA) to evaluate the environmental performance of biorefineries and bioenergy systems derived from biomass, showing a clear progression from initial environmental trade-off evaluations to complex, integrated techno-economic and sustainability assessments.",2003-2007,2008-2013,2014-2019,2020-2025,"Early phase focused on establishing the use of LCA to evaluate environmental trade-offs of early bio-based alternatives, including biofuels and specific process impacts like SO2 and GHG emissions.","Mid-period characterized by a deepening focus on LCA methodology, particularly concerning GHG accounting, feedstock scrutiny, and applying LCA to specific fuel types like biodiesel and early cellulosic ethanol.","This phase saw a strong methodological refinement, heavily emphasizing the application of LCA to biorefinery process design, feedstock logistics, and quantifying environmental impacts across various biofuel pathways.","The most recent phase is characterized by a convergence on integrated sustainability assessment, combining LCA with techno-economic analysis (TEA) to evaluate complex biorefinery configurations, waste valorization, and circular economy pathways.",Conceptualization -> Methodological Deepening -> Process Optimization -> Integrated Sustainability Assessment,"The evolution shows a clear trend from initial environmental screening (2003-2007) to highly integrated, multi-criteria sustainability modeling (2020-2025).",aligned,included_noncorporate,direct_pair_with_corporate_above_threshold,corporate_T2_S007,academic__corporate,396,1,22,2003,2025,"[""biorefineries"", ""biorefinery"", ""bioeconomy"", ""lca"", ""biomass"", ""bioenergy"", ""bioethanol"", ""gasification"", ""biofuel"", ""biofuels""]"
academic_T2::academic_T2_S024,T2,Operational sustainability and circular production,academic,academic_T2,academic_T2_S024,14,Petroleum Production Water Management and Treatment,24_oilfield_petroleum_drilling_offshore,Petroleum Production Water Management and Treatment,"The micro-topic evolved from early concerns with waste disposal and chemical synthesis to a highly focused, advanced discussion on the sustainable management, treatment, and reuse of produced water across various stages of oil and gas extraction, particularly in shale and offshore environments.",2000-2004,2012-2017,2018-2021,2022-2025,"Initial focus on the fundamental problems of oilfield waste disposal and early process development, including chemical synthesis techniques.","A transitional phase where the topic broadened significantly, touching upon environmental remediation of various contaminants (solvents, sediments) alongside the emerging issues of produced water reuse and regulatory frameworks.","Intensification around the core issue of water management in unconventional plays (shale), focusing on fluid dynamics, water quality assessment, and the technical challenges of reuse.","The most advanced phase, characterized by a strong focus on high-level, sustainable treatment technologies (ZLD, salinity reduction, advanced chemical treatment) specifically for offshore and high-salinity produced water streams.",,,aligned,included_noncorporate,direct_pair_with_corporate_above_threshold,corporate_T2_S004,academic__corporate,234,1,18,2000,2025,"[""oilfield"", ""petroleum"", ""drilling"", ""offshore"", ""downhole"", ""subsea"", ""wellbore"", ""salinity"", ""shale"", ""fluids""]"
academic_T2::academic_T2_PG08,T2,Operational sustainability and circular production,academic,academic_T2,academic_T2_PG08,11,Sustainable Manufacturing Processes in Metalworking,11_machining_machinability_manufacturing_milling,Sustainable Manufacturing Processes in Metalworking,"The micro-topic tracks the evolution of sustainable practices within metalworking, shifting from early focuses on lubrication and coatings to a dominant theme of Life Cycle Assessment (LCA) comparing additive manufacturing against subtractive machining methods, while also incorporating material waste utilization.",2003-2008,2010-2014,2015-2021,2022-2025,"Early focus on process-specific sustainability, including advanced lubrication/coatings (2003) and mixed themes of sustainable metallurgy and fluid dynamics (2006-2008).","Transition towards process optimization, heavily emphasizing cryogenic machining, grinding lubrication, and early assessments of manufacturing science advances.","Strong focus on quantifying sustainability through LCA, comparing CNC milling and AM, and applying these assessments to specific components like turbomachinery.","Maturation into a focus on holistic material utilization, heavily involving LCA comparisons between AM and traditional methods, alongside the utilization of industrial waste streams (e.g., red mud) as sustainable inputs.",,,aligned,included_noncorporate,direct_pair_with_corporate_above_threshold,corporate_T2_S007,academic__corporate,351,2,19,2003,2025,"[""machining"", ""machinability"", ""manufacturing"", ""milling"", ""alloys"", ""metalworking"", ""cnc"", ""carbide"", ""aerospace"", ""lubrication""]"
academic_T2::academic_T2_PG01,T2,Operational sustainability and circular production,academic,academic_T2,academic_T2_PG01,0,Transport Emissions and Sustainable Mobility Assessment,0_emissions_evs_ev_transport,Transport Emissions and Sustainable Mobility Assessment,"The micro-topic evolved from early, localized assessments of road traffic pollution to broad, systemic evaluations of sustainability across various domains. It gradually narrowed its focus, with increasing intensity, towards quantifying emissions within the context of transport and mobility, culminating in a specific focus on electric vehicle viability and comparative lifecycle assessments.",2000-2002,2003-2013,2014-2019,2020-2025,"Initial phase focused on establishing foundational methodologies, primarily quantifying air pollution costs from road traffic in urban settings and developing early evaluation frameworks for transport emissions.","A period of methodological diffusion where the topic broadened significantly, applying sustainability and LCA frameworks to diverse systems (agriculture, buildings, land use) while maintaining a peripheral link to transport assessment.","The focus began to re-orient towards transport and mobility, with increasing attention on intermodal systems and the application of LCA to infrastructure and production systems, though still highly mixed with other domains.","The topic sharply converged on transport and emissions, moving from broad infrastructure assessments to a dedicated focus on electric mobility (EVs, PHEVs) and comparative lifecycle assessments within urban and national transport policy contexts.",Broad Methodological Application -> Systemic Diffusion -> Transport Re-focus -> Specific EV/Transport Convergence,"The evolution shows a clear trend away from the initial, narrow focus on Brussels pollution towards a sustained, albeit often diluted, application of LCA/sustainability metrics across multiple sectors, before finally crystallizing around electric transport technologies.",aligned,included_noncorporate,manual_override_from_excluded_review,corporate_T2_S007,,2322,14,26,2000,2025,"[""emissions"", ""evs"", ""ev"", ""transport"", ""ghg"", ""intermodal"", ""automotive"", ""transportation"", ""vehicles"", ""emission""]"
academic_T2::academic_T2_S075,T2,Operational sustainability and circular production,academic,academic_T2,academic_T2_S075,26,DEA Applications in Sustainability Assessment,75_envelopment_efficiencies_eco_disposability,DEA Applications in Sustainability Assessment,"The micro-topic tracks the evolution of using Data Envelopment Analysis (DEA) and related efficiency metrics to assess the sustainability performance of economic entities, transitioning from broad globalization debates to highly specific methodological applications in energy, industry, and ESG contexts.",2000-2005,2006-2014,2015-2021,2022-2025,"Initial phase focused on the theoretical debate surrounding globalization's environmental impact, quickly transitioning into the application of quantitative methods like DEA to evaluate climate policies and comparative sustainability dimensions.","This phase is characterized by a methodological refinement period, where the focus narrows onto specific applications of DEA/AHP/SLACK methods to evaluate performance in renewable energy (PV), productivity indicators, and energy sector emissions.","The focus broadens to integrating economic growth metrics (GDP) with environmental outcomes using DEA for policy advice, CSR assessment, and sectoral efficiency benchmarking across various contexts like corporations and countries.","The most recent phase shows a maturation into integrated, complex sustainability assessments, combining DEA with other tools (TOPSIS) to measure multi-faceted efficiencies, incorporating concepts like biocapacity, ESG, and addressing methodological limitations in ecosystems.",Methodological Refinement and Contextual Deepening,"The evolution shows a clear trajectory from broad theoretical debates (2000) to highly specialized methodological applications (2014), followed by a sustained focus on integrating economic performance with environmental outcomes (2015-2021), culminating in complex, multi-dimensional sustainability modeling (2022-2025).",excluded,included_noncorporate,manual_override_from_excluded_review,corporate_T2_S004,,70,1,16,2000,2025,"[""envelopment"", ""efficiencies"", ""eco"", ""disposability"", ""prosperities"", ""dea"", ""pollutions"", ""innovation"", ""gdp"", ""globalisation""]"
academic_T2::academic_T2_PG10,T2,Operational sustainability and circular production,academic,academic_T2,academic_T2_PG10,15,IoT/Sensor Application in Water/Waste Management,15_iot_sensors_bins_rfid,IoT/Sensor Application in Water/Waste Management,"The micro-topic initially touched on nutrient removal in hydroponics/aquaculture effluents, but rapidly drifted through various stages of wastewater and sludge management (sludge treatment, nutrient recovery, thermal processes, bioreactors). The topic only regained a thematic link to sensing/IoT in the later years, focusing on process monitoring rather than physical bin tracking.",2000-2003,2004-2010,2011-2017,2018-2025,"Early focus on nutrient removal from aquaculture effluents using plant systems, quickly shifting to process-specific wastewater treatment challenges like nutrient removal and sludge disposal.","Intense focus on sludge management pathways, including thermal treatment, dewatering, and resource recovery (energy/nutrients) from biosolids.","Dominance of advanced biological treatment technologies, particularly microbial fuel cells (MFCs) and microalgae utilization for nutrient recovery and energy generation in wastewater.","The topic stabilizes around monitoring and resource recovery, with a strong thematic return to sensing technology (sensors, IoT) applied to water quality and process optimization, though the 'bins/RFID' aspect remains largely unverified in the evidence.",,,excluded,included_noncorporate,direct_pair_with_corporate_above_threshold,corporate_T2_S004,academic__corporate,1401,11,26,2000,2025,"[""iot"", ""sensors"", ""bins"", ""rfid"", ""disposal"", ""bin"", ""recyclable"", ""sensor"", ""trash"", ""inefficiencies""]"
academic_T2::academic_T2_PG09,T2,Operational sustainability and circular production,academic,academic_T2,academic_T2_PG09,13,Stormwater Management Evolution,13_stormwater_bioretention_rainwater_runoff,Stormwater Management Evolution,The micro-topic tracks the evolution of stormwater management from early concepts of sustainable drainage to highly technical applications in aquifer recharge and infrastructure retrofitting.,2001-2003,2004-2008,2009-2016,2017-2025,"Early focus on identifying opportunities for sustainable urban water services, integrating drainage with broader water planning, and initial interest in water recycling.","Shift towards technical investigation of pollution mechanisms, groundwater interaction, and the initial application of holistic drainage planning (SUDS advocacy).","Intense focus on the technical comparison, implementation, and performance assessment of various Sustainable Drainage Systems (SuDS) and Best Management Practices (BMPs) across different contexts.","Maturation into advanced applications, heavily emphasizing Managed Aquifer Recharge (MAR), water conservation, and the economic/technical validation of retrofitting SuDS into existing urban infrastructure.",Conceptualization -> Technical Investigation -> Implementation/Comparison -> Advanced Application/Validation,The progression shows a clear movement from broad policy/planning concerns to highly specific technical implementations like MAR and SuDS retrofitting.,excluded,included_noncorporate,direct_pair_with_corporate_above_threshold,corporate_T2_S004,academic__corporate,298,2,25,2001,2025,"[""stormwater"", ""bioretention"", ""rainwater"", ""runoff"", ""sewerage"", ""catchments"", ""drainage"", ""catchment"", ""hydrological"", ""sewers""]"
academic_T2::academic_T2_S031,T2,Operational sustainability and circular production,academic,academic_T2,academic_T2_S031,16,Adaptive Reuse of Industrial and Heritage Sites,31_reuse_redevelopment_preservation_reusing,Adaptive Reuse of Industrial and Heritage Sites,"The micro-topic tracks the evolution of adaptive reuse strategies, moving from initial case studies on specific building transformations to a highly complex, multidisciplinary focus on industrial heritage preservation, brownfield regeneration, and systemic sustainability challenges across various global contexts.",2005-2008,2012-2017,2018-2021,2022-2025,"Early focus on specific case studies, primarily concerning the reuse of industrial or patrician buildings, emphasizing initial guidelines and technical application.","Broadening scope to include brownfield regeneration, material conservation, and the integration of sustainability concepts into architectural reuse projects.","Intensification on industrial heritage, linking reuse to large-scale urban regeneration challenges, and addressing the theoretical complexities of obsolescence.","Maturation into a policy and systemic focus, heavily emphasizing revitalization, architectural integration, and the socio-economic hurdles of implementing sustainable reuse across diverse geographies.",,,external_relevant_unpaired,included_noncorporate,manual_override_from_excluded_review,corporate_T2_PG01,,186,1,17,2005,2025,"[""reuse"", ""redevelopment"", ""preservation"", ""reusing"", ""revitalization"", ""architectural"", ""buildings"", ""renovation"", ""architecture"", ""reused""]"
academic_T2::academic_T2_PG02,T2,Operational sustainability and circular production,academic,academic_T2,academic_T2_PG02,1,Circular Economy Adoption in Construction Waste Management,1_reuse_ce_stakeholders_stakeholder,Circular Economy Adoption in Construction Waste Management,"The micro-topic traces the evolution of concerns regarding material reuse and circularity within the construction sector, moving from early process-focused waste management challenges to highly formalized, systemic adoption of Circular Economy (CE) principles involving diverse stakeholders.",2001-2004,2005-2009,2010-2018,2019-2025,"Initial focus on the physical challenges of waste management, specifically material recovery from demolition and the need for basic stakeholder awareness regarding construction and demolition waste (CDW).","The focus broadens from physical processes to include participatory community involvement, performance assessment tools (like LEED), and early attempts to understand human behavior and attitudes towards waste minimization.","A strong technical and geographical focus emerges on C&DW management, driven by European contexts, emphasizing deconstruction, landfill diversion, and the application of quantitative assessment methods.","The topic matures into a systemic CE framework, heavily emphasizing the maturity of circularity adoption within the construction sector, the role of organizational processes, and the integration of stakeholders into advanced design and policy roadmaps.",Process Focus -> Behavioral/Assessment Focus -> Technical/Geographical Focus -> Systemic CE Framework,"The progression shows a clear shift from tactical waste handling (2001-2004) to strategic, systemic integration of CE principles (2019-2025), with intermediate phases dedicated to behavioral science and performance metrics.",external_relevant_unpaired,included_noncorporate,direct_pair_with_corporate_above_threshold,corporate_T2_PG01,academic__corporate,2000,7,24,2001,2025,"[""reuse"", ""ce"", ""stakeholders"", ""stakeholder"", ""cdwm"", ""circularity"", ""construction"", ""sector"", ""implementation"", ""building""]"
academic_T2::academic_T2_PG03,T2,Operational sustainability and circular production,academic,academic_T2,academic_T2_PG03,3,Circularity and Sustainable Resource Management in Industrial Contexts,3_circularity_ukraine_circular_ukrainian,Circularity and Sustainable Resource Management in Industrial Contexts,"The micro-topic traces the evolution of circularity concepts from highly technical process optimization (steel, energy) through various material streams (e-waste, mining) to a strong focus on geopolitical application in Ukraine's energy transition.",2000-2007,2008-2017,2018-2022,2023-2025,"Early focus on technical circularity within heavy industry, specifically steelmaking, metallurgy, and initial explorations of reverse logistics and LCA.","Broadening of the scope to include thermodynamic assessment (exergy), material flow theory, and the application of LCA/LCC across various industrial and ecological systems.","Increased focus on specific waste streams (e-waste, mining) and the application of quantitative indicators (DEA) to assess circularity within industrial and regional contexts.","Strong convergence on the geopolitical context, specifically linking circular economy principles to the energy crisis and industrial revitalization efforts within Ukraine and related regional contexts.",,,external_relevant_unpaired,included_noncorporate,direct_pair_with_corporate_above_threshold,corporate_T2_PG01,academic__corporate,3622,20,26,2000,2025,"[""circularity"", ""ukraine"", ""circular"", ""ukrainian"", ""enterprises"", ""competitiveness"", ""municipal"", ""innovation"", ""economy"", ""eu""]"
academic_T2::academic_T2_S056,T2,Operational sustainability and circular production,academic,academic_T2,academic_T2_S056,23,Evolution of EIA/SEA in Sustainability Contexts,56_eia_sea_strategic_eias,Evolution of EIA/SEA in Sustainability Contexts,"The micro-topic tracks the evolution of EIA and SEA methodologies, initially focusing on theoretical frameworks for sustainability, then branching into implementation challenges across various geographies, and later focusing on integration with global goals and specific infrastructure types.",2000-2004,2006-2012,2013-2018,2019-2025,"Early theoretical examination and initial application of EIA/SEA frameworks to promote sustainable development, with early critiques emerging regarding implementation challenges in specific contexts.","A period of intense methodological refinement, focusing on the integration of ecological and socioeconomic dimensions into assessment processes, alongside critiques of existing frameworks within regional and EU policy contexts.","Focus shifts towards evaluating the effectiveness and quality of established EIA/SEA instruments across diverse geographical and thematic contexts, including major infrastructure projects and policy integration.","The most recent phase shows a maturation into process-oriented critiques, focusing on integrating assessments with global benchmarks (SDGs), specific industrial applications (e.g., energy), and the role of assessments in international trade and long-term planning.",,,external_relevant_unpaired,included_noncorporate,manual_override_from_excluded_review,corporate_T2_S004,,109,1,25,2000,2025,"[""eia"", ""sea"", ""strategic"", ""eias"", ""assessment"", ""nepa"", ""assessments"", ""consideration"", ""matsushita"", ""ecia""]"
academic_T2::academic_T2_S002,T2,Operational sustainability and circular production,academic,academic_T2,academic_T2_S002,2,Indicator Framework Development and Application,2_indicator_indicators_kpis_methodology,Indicator Framework Development and Application,"The micro-topic traces the evolution of developing, refining, and applying measurement frameworks (indicators, KPIs, scorecards) to assess sustainability performance across various contexts, moving from early environmental concerns to highly integrated, multi-dimensional, and sector-specific quantitative models.",2000-2003,2004-2009,2010-2017,2018-2025,"Initial phase focused on establishing the fundamental need for measurement tools, linking environmental initiatives and voluntary action to emerging concepts like CSR and competitiveness.","A period of methodological refinement, where the focus shifted towards applying specific frameworks, including CSR reporting, participatory methods, and integrating sustainability into broader business objectives and competitiveness metrics.","Intense focus on the technical construction and application of complex assessment systems. This phase saw the maturation of indicator systems, the rise of scorecards, and the integration of multi-criteria decision analysis (MCDA) and the Triple Bottom Line (TBL) into organizational models.","The most advanced phase, characterized by high methodological rigor. The focus narrowed onto specific industrial processes (like machining), advanced analytical techniques (like Grey Relational Analysis), and the integration of contemporary concepts like ESG into highly structured, quantitative frameworks for benchmarking and strategic assessment.",Conceptualization -> Framework Building -> System Integration -> Advanced Quantification,"The progression shows a clear trajectory from broad conceptual needs (2000s) to highly specialized, quantitative, and integrated modeling efforts (2010s-2020s).",external_relevant_unpaired,included_noncorporate,manual_override_from_excluded_review,corporate_T2_PG01,,606,1,24,2000,2025,"[""indicator"", ""indicators"", ""kpis"", ""methodology"", ""objectives"", ""competitiveness"", ""assessment"", ""evaluation"", ""csr"", ""scorecard""]"
academic_T2::academic_T2_PG06,T2,Operational sustainability and circular production,academic,academic_T2,academic_T2_PG06,8,Plastic Waste Incorporation in Concrete Composites,8_plastics_concrete_hdpe_composites,Plastic Waste Incorporation in Concrete Composites,"The micro-topic tracks the evolution of using various waste materials, particularly plastics and aggregates, to enhance concrete properties and promote sustainability, moving from early focus on general aggregate recycling to specific applications of various polymers.",2000-2002,2004-2008,2009-2017,2018-2025,Early investigation into using recycled aggregates and other non-plastic waste streams (like Pozzolana/fly ash) to improve concrete strength and durability.,"Transitioning towards incorporating specific polymer materials (like HDPE) into concrete structures, alongside early work on structural testing and durability.","Diversification of waste streams, including agricultural residues (straw) and various types of plastic/glass/ceramic waste, alongside advanced microstructural characterization.","Strong focus on the direct incorporation of specific plastic types (HDPE, PP, PE) as aggregate replacements or reinforcement within concrete mixtures to address plastic pollution.",,,external_relevant_unpaired,included_noncorporate,manual_override_from_excluded_review,corporate_T2_S004,,1401,8,24,2000,2025,"[""plastics"", ""concrete"", ""hdpe"", ""composites"", ""polyethylene"", ""plastic"", ""aggregates"", ""recycled"", ""polypropylene"", ""ldpe""]"
academic_T2::academic_T2_S054,T2,Operational sustainability and circular production,academic,academic_T2,academic_T2_S054,22,REE Recovery via Advanced Chemical and Biological Methods,54_neodymium_solvometallurgy_hydrometallurgy_bioleaching,REE Recovery via Advanced Chemical and Biological Methods,"The micro-topic tracks the evolution of Neodymium recovery, moving from initial process demonstrations to intensive LCA assessments, then focusing on advanced hydrometallurgical and bioleaching techniques across various waste streams (magnets, WEEE, phosphors, tailings).",2003-2013,2014-2019,2020-2023,2024-2025,"Early focus on process demonstration and initial sustainability assessment, specifically applying solvometallurgy and LCA to Nd recovery from magnet scrap.","Intensive development and application of hydrometallurgical techniques (leaching, extraction) across diverse sources like magnets, WEEE, and phosphors, alongside early integration of bioleaching.","Refinement of recovery strategies, emphasizing advanced separation methods (sorption, electroflotation) and optimizing specific chemical routes (e.g., acid leaching) for Nd and La from secondary sources.","Broadening the scope to include biomining and advanced physico-chemical separation techniques, maintaining a strong focus on Nd and La recovery from complex industrial matrices.",Process Demonstration -> LCA/Hydrometallurgy -> Advanced Separation/Bioleaching -> Biomining/Refinement,The evolution shows a clear progression from initial process focus to increasingly complex and sustainable chemical/biological recovery methods.,external_relevant_unpaired,included_noncorporate,direct_pair_with_corporate_above_threshold,corporate_T2_S004,academic__corporate,112,1,14,2003,2025,"[""neodymium"", ""solvometallurgy"", ""hydrometallurgy"", ""bioleaching"", ""biomining"", ""rhenium"", ""hydrometallurgical"", ""lanthanum"", ""yttrium"", ""magnets""]"
corporate_T2::corporate_T2_S007,T2,Operational sustainability and circular production,corporate,corporate_T2,corporate_T2_S007,3,Commercialization Pathway of Processed Coal and Feedstocks,7_commercialization_feedstock_coal_manufacturing,Commercialization Pathway of Processed Coal and Feedstocks,"The micro-topic tracks the evolution of commercialization efforts related to processed feedstocks, initially focusing on fuel technology and specialized materials, then shifting through technical evaluations of coal processing, and finally stabilizing on the persistent theme of commercialization risks associated with processed coal.",2007-2008,2009-2012,2013-2016,2019-2023,"Early focus on commercializing related fuel technologies, specifically catalyst sales/licensing and producing specialized diesel fuels.","A period dedicated to the technical commercialization of specific feedstocks, such as clay minerals, followed by evaluations of processed coal attributes and market acceptance uncertainty.","The focus broadens to include the manufacturing processes, profitability, and operational risks associated with bringing manufactured products to market, though there is a brief, tangential shift toward furnace/heating technology.","The topic stabilizes almost entirely on the persistent theme of identifying and mitigating market, regulatory, and cost risks inherent in the commercialization of cleaner coal products.",Technical Focus -> Market Evaluation -> Risk Assessment -> Risk Mitigation,The transition from fuel/clay focus (P1/P2) to coal processing evaluation (P2/P3) and finally to sustained risk identification (P4) demonstrates a narrowing of scope onto the commercialization hurdles of the processed coal product.,corporate_anchor,included_corporate,all_corporate_groups_included,,,24,1,14,2007,2023,"[""commercialization"", ""feedstock"", ""coal"", ""manufacturing"", ""commercialize"", ""markets"", ""processed"", ""developing"", ""marketability"", ""profits""]"
corporate_T2::corporate_T2_PG01,T2,Operational sustainability and circular production,corporate,corporate_T2,corporate_T2_PG01,1,"Leaching, Mining, and Processing Lifecycle",1_leaching_mining_leach_processing,"Leaching, Mining, and Processing Lifecycle","The micro-topic tracks the evolution of reporting around the technical and financial aspects of mineral extraction, heavily focusing on the leaching process, recovery estimates, and associated asset valuation risks across nearly two decades.",2001-2002,2003-2007,2008-2011,2012-2025,Early focus on commercializing specific processing technologies (jig) and addressing initial financial accounting issues like asset impairment and reclamation liabilities.,"Intense focus on the technical aspects of metal recovery during leaching, specifically revising and estimating ultimate recoveries for gold and silver based on operational experience.","Shift towards the upstream aspects, detailing mineral exploration, delineation of mineralized bodies, and feasibility assessments before full-scale processing.","Dominance of the technical execution of the heap leach process, followed by a strong emphasis on the inherent uncertainties in recovery rates, reserve estimation, and the financial implications (impairment, cash flows) of the entire lifecycle.",,,corporate_anchor,included_corporate,all_corporate_groups_included,,,329,9,25,2001,2025,"[""leaching"", ""mining"", ""leach"", ""processing"", ""ore"", ""mineralized"", ""gold"", ""metallurgical"", ""metals"", ""depreciation""]"
corporate_T2::corporate_T2_S011,T2,Operational sustainability and circular production,corporate,corporate_T2,corporate_T2_S011,4,Reclamation Obligations Across Project Lifecycle,11_reclamation_mining_exploration_obligations,Reclamation Obligations Across Project Lifecycle,"The micro-topic tracks the evolving focus on reclamation obligations, moving from early concerns about environmental cleanup and equity dilution to a sustained focus on the financial accounting treatment of these liabilities across various stages of mining and exploration, while also acknowledging industry competition.",2009-2010,2011-2012,2017-2021,2023-2025,"Initial focus on the interplay between environmental remediation costs and financing risks, specifically addressing shareholder dilution and the accounting treatment of early liabilities.","Shift towards detailed planning and execution, balancing the physical tasks of site rehabilitation with the ongoing technical work of resource development and associated financial liabilities.","A sustained period dominated by the financial and regulatory burden of reclamation obligations, with a strong emphasis on the accounting recognition, measurement, and classification of these liabilities across different project stages.","The focus narrows onto specific operational and competitive pressures, particularly concerning tailings management, water treatment, and the ongoing financial provisioning required to meet these obligations.",Conceptualization -> Execution/Planning -> Financial Accounting Deep Dive -> Operational/Competitive Specificity,"The transition shows a clear movement from broad environmental/financing concerns (2009-2010) to detailed execution (2011), followed by a long period of intense focus on accounting standards (2017-2021), culminating in a highly specific focus on tailings and competition (2023-2025).",corporate_anchor,included_corporate,all_corporate_groups_included,,,19,1,11,2009,2025,"[""reclamation"", ""mining"", ""exploration"", ""obligations"", ""reclaim"", ""remediation"", ""competition"", ""industry"", ""land"", ""development""]"
corporate_T2::corporate_T2_S004,T2,Operational sustainability and circular production,corporate,corporate_T2,corporate_T2_S004,2,Regulatory evolution of fracking wastewater management,4_epa_wastewater_groundwater_environmental,Regulatory evolution of fracking wastewater management,"The micro-topic tracks the evolving regulatory and technological landscape surrounding the disposal and management of wastewater generated by shale gas extraction, moving from initial regulatory uncertainty to a focus on advanced recycling and reuse.",2011-2015,2016-2019,2020-2021,2023-2025,Early focus on regulatory scrutiny and anticipated EPA standards regarding the disposal and treatment of produced water from hydraulic fracturing.,"Intense focus on EPA's proposed discharge rules, effluent limitations, and the operational risks associated with wastewater disposal via pipelines and injection.","Shift towards managing logistical risks of water transport and disposal, alongside emerging concerns regarding contamination liabilities from past operations.","Maturation of the discussion towards advanced technological solutions, specifically water recycling, filtration, and beneficial reuse, while maintaining regulatory oversight.",Regulatory Scrutiny -> Discharge Compliance -> Liability Management -> Technological Advancement,The progression shows a clear shift from reactive compliance with anticipated rules (early years) to proactive technological solutions (later years).,corporate_anchor,included_corporate,all_corporate_groups_included,,,40,1,14,2011,2025,"[""epa"", ""wastewater"", ""groundwater"", ""environmental"", ""pipeline"", ""disposal"", ""shale"", ""fracturing"", ""regulatory"", ""hydraulic""]"
corporate_T2::corporate_T2_S000,T2,Operational sustainability and circular production,corporate,corporate_T2,corporate_T2_S000,0,Substance Liability and Regulatory Compliance,0_regulatory_impurities_substances_regulations,Substance Liability and Regulatory Compliance,"The micro-topic tracks the evolution of corporate focus on managing liabilities arising from hazardous substances, impurities, and contamination, driven by increasingly stringent and evolving environmental regulations across various industries.",2002-2007,2009-2013,2014-2019,2020-2025,"Early focus on anticipating and responding to emerging environmental risks, particularly concerning air emissions, chemical hazards, and initial compliance with nascent environmental regulations.","Shift towards proactive risk management, focusing heavily on broad environmental liabilities, waste disposal (like RCRA), and the direct impact of major regulatory frameworks on operations.","Intensification on strict liability, particularly concerning landowner responsibility for contamination and the management of hazardous substances across industrial and mining contexts.","Maturation into a focus on comprehensive liability management, encompassing operational risks, specific contaminants (like PFAS), and the complex interplay between global and local regulatory demands.",,,corporate_anchor,included_corporate,all_corporate_groups_included,,,106,1,22,2002,2025,"[""regulatory"", ""impurities"", ""substances"", ""regulations"", ""environmental"", ""liability"", ""contamination"", ""compliance"", ""liable"", ""remediation""]"
media_T2::media_T2_PG01,T2,Operational sustainability and circular production,media,media_T2,media_T2_PG01,0,Circular Economy Evolution of Waste Streams,0_reuse_recyclable_bins_composting,Circular Economy Evolution of Waste Streams,"The micro-topic tracks the evolution of waste management discourse from early focus on composting and renewable resources to a highly technical focus on material science, corporate compliance, and eventually, a broad embrace of the circular economy, heavily influenced by large-scale events and material science advancements.",2000-2001,2002-2005,2006-2013,2014-2025,"Early focus on foundational concepts, emphasizing composting and the scientific potential of organic waste streams to create advanced, biodegradable materials.","A period of intense focus on specific waste streams and regulatory challenges, notably e-waste (WEEE), industrial chemical reduction, and the initial push for 'reduce, reuse, recycle' advocacy.","The discourse broadens significantly, moving from general landfill reduction to highly personalized actions (composting), then into systemic improvements, policy commitments (like Olympics pledges), and technological innovation in recycling and material science.","The focus matures into a sustained commitment to the circular economy, emphasizing reuse, refurbishment, and upcycling across various domains (architecture, manufacturing, consumption), while also addressing specific material challenges like plastics and construction waste.",Conceptual Foundation -> Stream Specificity/Regulation -> Systemic Improvement/Policy -> Mature Circularity/Material Science,"The progression shows a clear shift from abstract environmental concepts (2000) to highly technical, systemic, and material-focused solutions (2024/2025).",external_relevant_unpaired,included_noncorporate,manual_override_from_excluded_review,corporate_T2_PG01,,3107,2,26,2000,2025,"[""reuse"", ""recyclable"", ""bins"", ""composting"", ""reused"", ""efficiency"", ""consumption"", ""tonnes"", ""landfill"", ""wasted""]"
academic_T3::academic_T3_PG19,T3,"Sustainable products, services and consumption",academic,academic_T3,academic_T3_PG19,29,AI for Sustainable Development Goals and Smart Systems,29_ai_sdgs_sdg_ecobot,AI for Sustainable Development Goals and Smart Systems,"The micro-topic tracks the evolution of applying AI and computational methods to achieve Sustainable Development Goals (SDGs), moving from early focus on forecasting and optimization to later emphasis on explainability, urban integration, and automated ecological systems.",2013-2015,2017-2019,2020-2023,2024-2025,Early focus on applying AI/ANN models to specific sustainability problems like demand forecasting and supply chain traceability.,"Shift towards conceptualizing the role of emerging technologies (Blockchain, AI) in realizing SDGs, focusing on interdisciplinary challenges and AI's value alignment.","Broadening the scope to include AI's impact across various domains, with increasing attention on urban sustainability (SDG 11) and the need for AI explainability.","Maturation into practical frameworks, emphasizing advanced analytics, greenovation, and the integration of automated ecological systems (ecobots) into supply chains.",,,aligned,included_noncorporate,direct_pair_with_corporate_above_threshold,corporate_T3_S009,academic__corporate,551,3,12,2013,2025,"[""ai"", ""sdgs"", ""sdg"", ""ecobot"", ""analytics"", ""transformative"", ""dnn"", ""neural"", ""computational"", ""automation""]"
academic_T3::academic_T3_S219,T3,"Sustainable products, services and consumption",academic,academic_T3,academic_T3_S219,109,AI in Personalized Marketing for Sustainable Outcomes,219_ai_chatbots_generative_personalisation,AI in Personalized Marketing for Sustainable Outcomes,"The micro-topic tracks the evolution of AI's role in marketing, shifting from theoretical ethical debates to practical applications in driving sustainable and mindful consumer behavior through personalization and advanced analytics.",2017,2021,2022-2023,2024-2025,Initial focus on the theoretical ethical gaps of AI in consumer decision-making.,Focus on the tension between AI-driven marketing/personalization and the need to protect consumer autonomy and promote sustainability.,"Shift towards using AI (including chatbots) to actively promote mindful consumption and drive transformative, sustainable branding.",Broadening to the practical application of AI analytics and chatbots to enhance sustainability outcomes and customer experience across multiple industries.,Theoretical Ethics -> Autonomy Tension -> Mindful Action -> Broad Sustainability Application,"The progression shows a clear movement from abstract ethical theory to concrete, applied solutions focused on sustainability.",aligned,included_noncorporate,direct_pair_with_corporate_above_threshold,corporate_T3_S009,academic__corporate,56,1,6,2017,2025,"[""ai"", ""chatbots"", ""generative"", ""personalisation"", ""analytics"", ""marketers"", ""interactivity"", ""anthropomorphism"", ""mindful"", ""anthropomorphizing""]"
academic_T3::academic_T3_S017,T3,"Sustainable products, services and consumption",academic,academic_T3,academic_T3_S017,13,Biocomposites and Natural Fiber Composites Evolution,17_biocomposites_composites_biocomposite_nanocomposites,Biocomposites and Natural Fiber Composites Evolution,"The micro-topic tracks the evolution of biocomposites, initially focusing on automotive applications and sustainability drivers, progressively shifting towards detailed mechanical characterization, hybridization with fillers/nanofillers, and optimization within epoxy and thermoplastic matrices.",2007-2010,2011-2015,2016-2021,2022-2025,Early focus on establishing biocomposites in industry (automotive) and exploring initial sustainable material replacements using various bio-based feedstocks.,"Intensification of material science focus, moving into durability testing, nanocomposites, and detailed mechanical property assessment of bio-based laminates.","Refinement of material systems, with a strong emphasis on biodegradability, nanoparticle effects, and performance evaluation in demanding sectors like automotive and aerospace.","Advanced stage characterized by high-volume research into hybridizing biocomposites with various fillers (CaCO3, fly ash) and advanced matrices (epoxy), focusing on mechanical enhancement and failure mechanisms.",,,aligned,included_noncorporate,direct_pair_with_corporate_above_threshold,corporate_T3_S009,academic__corporate,690,1,19,2007,2025,"[""biocomposites"", ""composites"", ""biocomposite"", ""nanocomposites"", ""epoxy"", ""thermoplastic"", ""laminates"", ""polymer"", ""composite"", ""fibres""]"
academic_T3::academic_T3_PG04,T3,"Sustainable products, services and consumption",academic,academic_T3,academic_T3_PG04,5,Bioplastic and Biopolymer Development and Application,5_bioplastic_bioplastics_biodegradability_biopolymers,Bioplastic and Biopolymer Development and Application,"The micro-topic evolved from early, highly tangential explorations into water quality and degradation mechanisms (2000-2002), through periods of thematic drift into biofuels and water scarcity (2003-2007), before stabilizing around the core theme of bioplastics and biopolymers. The later phases show a clear progression from general material synthesis and property testing (2014-2018) to highly specialized applications, such as advanced composites, functional food packaging, and specific chemical synthesis routes (2019-2025).",2000-2002,2003-2013,2014-2018,2019-2025,"Initial phase characterized by significant thematic drift, heavily focusing on water resource management, sewage, and general degradation mechanisms rather than bioplastics themselves.","A long period marked by high thematic instability, where the topic frequently drifted into biofuels, water scarcity, and general sustainable material development, with only sporadic, weak connections to bioplastics.","The topic begins to solidify around the core concepts, focusing on the application of biomass derivatives (like polysaccharides/chitosan) for water remediation and the technical hurdles in transitioning to bio-based plastic production.","The most focused phase, characterized by advanced material science: developing specific biocomposites (e.g., PU wood composites), optimizing synthesis routes (e.g., NIPUs), and applying bioplastics to high-value sectors like functional, bioactive food packaging.",,,aligned,included_noncorporate,direct_pair_with_corporate_above_threshold,corporate_T3_S010,academic__corporate,7239,23,26,2000,2025,"[""bioplastic"", ""bioplastics"", ""biodegradability"", ""biopolymers"", ""biodegradable"", ""biopolymer"", ""polysaccharides"", ""plastics"", ""microplastics"", ""chitosan""]"
academic_T3::academic_T3_S157,T3,"Sustainable products, services and consumption",academic,academic_T3,academic_T3_S157,84,Cathode Material Sustainability and Lifecycle Assessment in Batteries,157_cathodes_lifepo4_batteries_cathode,Cathode Material Sustainability and Lifecycle Assessment in Batteries,"The micro-topic tracks the evolution of research focusing on the environmental footprint of battery components, specifically cathode materials like LiFePO4, across the entire lifecycle, from raw material extraction to recycling, with a strong emphasis on LCA and GHG emissions.",2017,2018-2019,2020-2022,2023-2025,"Initial focus on the environmental footprint of materials and production processes, specifically examining LCA methodologies and the impact of materials like aluminum and bauxite.","Shift towards the sustainability evaluation of specific cathode chemistries (like LiCoO2) and their production pathways, with a brief detour into the environmental impacts of mineral extraction in specific regions (Guinea).","Broadening the scope to the entire battery lifecycle, including lithium mining impacts, recycling technologies, and a comparative look at different cathode chemistries and supply chain risks.","Intensification on advanced scientific assessment, using electrochemical data and detailed LCA to compare the environmental burdens of various cathode types (including LiFePO4) and focusing on decarbonization and lifecycle emissions.","Broadening from material inputs (2017) to specific chemistries (2018-2019), then expanding to the full lifecycle and supply chain (2020-2022), culminating in a highly technical, comparative LCA focus on cathode types and emissions (2023-2025).","The progression shows a clear move from general material footprinting to a deep, technical dive into cathode material LCA and lifecycle emissions.",aligned,included_noncorporate,direct_pair_with_corporate_above_threshold,corporate_T3_S006,academic__corporate,97,1,9,2017,2025,"[""cathodes"", ""lifepo4"", ""batteries"", ""cathode"", ""licoo2"", ""recycling"", ""battery"", ""ghgs"", ""metals"", ""bauxite""]"
academic_T3::academic_T3_S201,T3,"Sustainable products, services and consumption",academic,academic_T3,academic_T3_S201,101,Consumer Willingness to Pay for Sustainable Horticultural Products,201_plantable_growers_floricultural_plants,Consumer Willingness to Pay for Sustainable Horticultural Products,"The micro-topic tracked the evolution of research focusing on consumer willingness to pay (WTP) and attitudes towards sustainable practices within the horticultural and floricultural industries, shifting focus from general plant production to specific applications like lawns, florals, and packaging.",2009-2013,2014-2018,2019-2022,2023-2025,"Initial focus on adoption barriers and consumer attitudes towards sustainable practices in general horticulture and floriculture, including biodegradable materials and local sourcing.","Refinement of the focus towards quantitative market research, specifically measuring consumer willingness to pay premiums for proenvironmental attributes like compostability and sustainable production methods.","Narrowing the scope towards specific landscape elements, such as water conservation, drought perception, and the sustainability of turfgrass and broader landscape management.","Recent evolution shows a strong pivot towards the floral industry, examining WTP for sustainable floral production, composting, and specialized potting/gardening inputs.",,,aligned,included_noncorporate,direct_pair_with_corporate_above_threshold,corporate_T3_S002,academic__corporate,65,1,17,2009,2025,"[""plantable"", ""growers"", ""floricultural"", ""plants"", ""purchasers"", ""floriculture"", ""perennials"", ""horticulture"", ""usda"", ""gardening""]"
academic_T3::academic_T3_S186,T3,"Sustainable products, services and consumption",academic,academic_T3,academic_T3_S186,96,Cooperative Models and Sustainability Trajectories,186_cooperatives_cooperativ_cooperative_cooperativism,Cooperative Models and Sustainability Trajectories,"The micro-topic tracks the evolution of cooperative discourse from early structural/CSR focus to a mature integration of sustainability, governance, and financial viability across global contexts.",2010-2012,2013-2017,2018-2022,2023-2025,"Initial focus on defining the cooperative model through CSR reporting, theoretical frameworks, and internal organizational dynamics.","Expansion to examine the dual roles of cooperatives: adapting to globalization/markets while maintaining social aims, with an emerging focus on governance and systemic impact.","Maturation into quantitative assessment, using indicators and frameworks (like SDGs) to measure and improve cooperative sustainability and social impact.","Deep dive into operational challenges (governance, finance) alongside specific mechanisms like microcredits, solidifying the link between financial viability and territorial/social sustainability.",,,aligned,included_noncorporate,direct_pair_with_corporate_above_threshold,corporate_T3_S000,academic__corporate,71,1,15,2010,2025,"[""cooperatives"", ""cooperativ"", ""cooperative"", ""cooperativism"", ""microcredits"", ""cooperation"", ""coop"", ""environnementale"", ""participation"", ""ecoresponsables""]"
academic_T3::academic_T3_S076,T3,"Sustainable products, services and consumption",academic,academic_T3,academic_T3_S076,43,Critical Evolution of the Bioeconomy Paradigm,76_bioeconomy_bioeconomies_bioeconomic_bioeconomics,Critical Evolution of the Bioeconomy Paradigm,"The micro-topic tracks the evolution of the bioeconomy discourse from initial paradigm definition and critique through increasingly complex examinations of sustainability, technological integration, socio-ecological tensions, and governance frameworks across nearly two decades.",2011-2014,2015-2018,2019-2022,2023-2025,"Initial conceptualization and critical framing of the bioeconomy, focusing on defining the paradigm and assessing early sustainability claims against resource constraints.","Deepening the critique into specific transitions (bio-based society), examining philosophical tensions (naturalness vs. technology), and integrating socio-economic perspectives.","Maturation of the discourse, focusing heavily on systemic challenges: governance, natural capital integration, and the interplay between technological pathways and societal acceptance.","Advanced critical analysis, comparing national visions, focusing on socio-environmental impacts, and developing theoretical models to address inherent controversies and ensure equitable transitions.",,,aligned,included_noncorporate,direct_pair_with_corporate_above_threshold,corporate_T3_S000,academic__corporate,228,1,14,2011,2025,"[""bioeconomy"", ""bioeconomies"", ""bioeconomic"", ""bioeconomics"", ""biorefinery"", ""bioenergy"", ""ecotechnology"", ""bioresources"", ""biopower"", ""biotechnologies""]"
academic_T3::academic_T3_S006,T3,"Sustainable products, services and consumption",academic,academic_T3,academic_T3_S006,6,Critique of Sustainability Paradigms: From Development to Systemic Transformation,6_sustainabilities_anthropocene_degrowth_environmentalism,Critique of Sustainability Paradigms: From Development to Systemic Transformation,"The micro-topic traces the evolution of sustainability discourse from early definitions of sustainable development rooted in modernization and economic integration, through intense theoretical critiques of growth paradigms (degrowth, biocentrism), to contemporary engagements with the Anthropocene and calls for systemic, posthuman transformations.",2000-2003,2004-2008,2009-2016,2017-2025,"Initial phase focused on defining and critiquing sustainable development through competing paradigms, contrasting ecological limits against modernization and socio-economic integration.","A period of intense theoretical contestation, moving from critiques of dominant paradigms (ecocentrism, post-development) to establishing the tension between human needs and ecosystem capacity.","This phase saw the rise of radical alternatives (ecosocialism, degrowth) juxtaposed against the co-option of sustainability by neoliberal frameworks, leading to deep critiques of capitalism's compatibility with biophysical limits.","The most recent phase is characterized by a strong focus on the Anthropocene, moving beyond simple critiques to proposing transformative alternatives like degrowth, biocentrism, and sustainocracy, while grappling with the limitations of current policy frameworks (SDGs).",Conceptual Refinement and Radicalization,The progression shows a clear shift from defining 'sustainable development' (2000-2007) to fundamentally challenging its underlying assumptions regarding growth and human exceptionalism (2009 onwards).,aligned,included_noncorporate,direct_pair_with_corporate_above_threshold,corporate_T3_S000,academic__corporate,1470,1,26,2000,2025,"[""sustainabilities"", ""anthropocene"", ""degrowth"", ""environmentalism"", ""ecology"", ""capitalism"", ""intergenerational"", ""humankind"", ""humanity"", ""sapiens""]"
academic_T3::academic_T3_S097,T3,"Sustainable products, services and consumption",academic,academic_T3,academic_T3_S097,55,Earth Block Material Science and Sustainability,97_bricks_brick_mudbricks_masonry,Earth Block Material Science and Sustainability,"The research trajectory moved from initial mechanical property investigations of earth blocks to a sustained focus on material enhancement, sustainability, and advanced stabilization techniques using various local and industrial by-products.",2004-2010,2014-2018,2019-2022,2023-2025,"Early phase focused on fundamental mechanical characterization, specifically investigating the tensile strength and compressive strength prediction models for compacted earth blocks and earthbricks.","The focus broadened to include environmental impact assessment, embodied energy, and the introduction of specific material enhancements like fibers and the exploration of geopolymer matrices.","This phase saw a strong pivot towards material diversification and sustainability, heavily incorporating agro-waste, composites, and advanced stabilization methods like geopolymerization and cementation using local materials.","The most recent phase is characterized by intensive, comparative experimental testing, focusing on optimizing the mechanical performance (strength, durability) of earth/clay bricks using diverse stabilizing agents, including cement, lime, and mineral additives.",Foundational Testing -> Material Enhancement/Environmental Impact -> Diversification/Advanced Composites -> Optimization/Comparative Stabilization,"The progression shows a clear shift from basic mechanical testing (2004-2010) to incorporating advanced binders and waste streams (2018-2022), culminating in large-scale comparative material optimization studies (2023-2025).",aligned,included_noncorporate,direct_pair_with_corporate_above_threshold,corporate_T3_S009,academic__corporate,164,1,14,2004,2025,"[""bricks"", ""brick"", ""mudbricks"", ""masonry"", ""laterite"", ""clay"", ""aggregates"", ""concrete"", ""mortars"", ""cement""]"
academic_T3::academic_T3_PG06,T3,"Sustainable products, services and consumption",academic,academic_T3,academic_T3_PG06,8,Econometric Analysis of Economic Growth and Environmental Sustainability,8_oecd_cointegration_econometric_economies,Econometric Analysis of Economic Growth and Environmental Sustainability,"The micro-topic evolved from early conceptual critiques of GDP and sustainability indices to a highly specialized focus on applying advanced econometric techniques, particularly cointegration and error correction models, to analyze the long-term relationships between economic variables, energy use, and environmental outcomes across various country groupings.",2001-2007,2008-2013,2014-2019,2020-2025,"Initial phase focused on conceptualizing sustainability beyond GDP, critiquing existing indices (like EKC), and applying early trend analyses using various national accounting measures.","The focus broadened to include specific environmental challenges (degradation, resource limits) and began incorporating international trade structures and regional groupings (BRICS) into sustainability discussions.","This phase marked a strong methodological shift towards applying econometric models (cointegration, ARDL) to investigate the causal links between industrialization, energy consumption, and GHG emissions.","The final phase solidified the econometric focus, heavily utilizing cointegration and advanced panel methods to analyze the influence of economic policy, renewable energy adoption, and geopolitical risks across OECD and BRICS economies.",,,aligned,included_noncorporate,direct_pair_with_corporate_above_threshold,corporate_T3_S000,academic__corporate,1079,2,24,2001,2025,"[""oecd"", ""cointegration"", ""econometric"", ""economies"", ""gdp"", ""fdi"", ""emissions"", ""brics"", ""globalization"", ""regression""]"
academic_T3::academic_T3_S028,T3,"Sustainable products, services and consumption",academic,academic_T3,academic_T3_S028,19,Ecopsychological Drivers of Proenvironmental Behavior,28_ecopsychology_prosociality_proenvironmental_behaviors,Ecopsychological Drivers of Proenvironmental Behavior,"The micro-topic traces the evolution of research into how psychological factors drive proenvironmental behaviors, moving from early applications of psychological models to a highly nuanced focus on personality, subjective experience, and intervention mechanisms.",2000-2003,2004-2008,2009-2016,2017-2025,"Initial phase focused on applying established psychological models (behavioral, cognitive, social) to understand human impact on the environment and developing foundational frameworks for sustainable living.","The focus broadened to include cultural influences, decision-making heuristics, and the role of individual psychological states (like personality and personal drives) in shaping environmental attitudes and actions.","This phase saw the consolidation of 'ecopsychology' as a distinct field, heavily investigating the mechanisms of proenvironmental behavior through lenses of altruism, connectedness to nature, and cross-cultural comparisons.","The most recent phase became highly sophisticated, focusing on detailed theoretical constructs (e.g., HAEP), the interplay of personality traits (neuroticism, conscientiousness) with ecological concerns, and the persistent challenge of the attitude-behavior gap through intervention design.",Conceptualization -> Contextualization -> Mechanism Deep Dive -> Intervention Refinement,The progression shows a clear shift from broad application (2000s) to deep theoretical modeling of internal states and intervention efficacy (2017 onwards).,aligned,included_noncorporate,direct_pair_with_corporate_above_threshold,corporate_T3_S000,academic__corporate,517,1,25,2000,2025,"[""ecopsychology"", ""prosociality"", ""proenvironmental"", ""behaviors"", ""connectedness"", ""psychology"", ""behavioral"", ""behaviour"", ""behavior"", ""behaviours""]"
academic_T3::academic_T3_S116,T3,"Sustainable products, services and consumption",academic,academic_T3,academic_T3_S116,63,"Ecospirituality, Stewardship, Interfaith Religiosity",116_ecospirituality_stewardship_interfaith_religiosity,"Ecospirituality, Stewardship, Interfaith Religiosity","The micro-topic traces the evolution of religious engagement with environmentalism, moving from early theological grounding in specific religious practices (like foodways) to a broad, interfaith, and critical examination of global sustainability paradigms, increasingly incorporating concepts from major world religions and advanced ecological theory.",2007-2008,2010-2015,2016-2021,2022-2025,"Early focus on grounding sustainability within specific religious traditions, particularly Catholic theology, emphasizing the spiritual significance of daily life and principles.","Expansion into critical theory, heavily engaging with ecopsychology, consumerism critique, and the tension between religious belief systems and environmental outcomes across various religious contexts.","Maturation into broader dialogues, focusing on interreligious resonance, Catholic Social Teaching (integral ecology), and mapping diverse religious worldviews against secular models, including quantitative comparisons.","High-level theoretical integration, focusing on the Anthropocene, ecclesiology, and the application of major global religious doctrines (including Hindu concepts like Gita/Vedanta) to contemporary stewardship and sustainability challenges.",Conceptual Deepening and Broadening,The progression shows a clear movement from micro-level theological application (2007-2008) to macro-level global critique and synthesis across multiple traditions (2022-2025).,aligned,included_noncorporate,direct_pair_with_corporate_above_threshold,corporate_T3_S009,academic__corporate,136,1,18,2007,2025,"[""ecospirituality"", ""stewardship"", ""interfaith"", ""religiosity"", ""ecology"", ""theological"", ""interreligious"", ""environmentalism"", ""missiology"", ""catholicism""]"
academic_T3::academic_T3_S213,T3,"Sustainable products, services and consumption",academic,academic_T3,academic_T3_S213,106,Energy Transition and Sustainable Fuels,213_renewables_fuel_fuels_energetika,Energy Transition and Sustainable Fuels,"The micro-topic tracks the evolution of energy discourse from early environmental risk assessment of fuels to a sustained focus on the necessity and mechanisms of the global energy transition, driven by climate change and resource limits.",2001-2007,2011-2015,2017-2022,2023-2025,"Initial phase focused on defining the problem space: assessing the environmental effects of fuel use, comparing risks (pollution vs. nuclear safety), and promoting early efficiency/renewable adoption (e.g., cogeneration, biomass).","The focus sharpens on mitigation strategies, specifically addressing GHG emissions from fossil fuels and the role of geoengineering alongside the push for renewable adoption.","This phase solidifies the narrative around the 'Energy Transition,' framing it as a critical, ongoing process (e.g., Fourth Energy Transition) driven by the inadequacy of fossil fuels and the need for sustainable energy sources across different contexts (e.g., developing nations).","The discourse becomes highly critical and systemic, focusing on the pervasive negative externalities of current energy systems (petrochemicals, combustion, ecosystem damage) and demanding rapid, comprehensive transitions to achieve planetary sustainability goals.",Problem Definition -> Mitigation Strategy -> Transition Imperative -> Systemic Crisis Response,"The progression shows a clear shift from identifying specific environmental impacts (pollution, nuclear) to framing the entire energy system as requiring a fundamental, ongoing transition driven by climate science.",aligned,included_noncorporate,direct_pair_with_corporate_above_threshold,corporate_T3_S000,academic__corporate,58,1,17,2001,2025,"[""renewables"", ""fuel"", ""fuels"", ""energetika"", ""geoengineering"", ""hydropower"", ""igy"", ""electricity"", ""coal"", ""oil""]"
academic_T3::academic_T3_PG29,T3,"Sustainable products, services and consumption",academic,academic_T3,academic_T3_PG29,83,Evolution of Aviation Sustainability Focus,83_ecoairport_iata_aviation_aerospace,Evolution of Aviation Sustainability Focus,"The micro-topic evolved from early theoretical concerns regarding design and lifecycle emissions in aviation technology to a highly focused, systemic examination of Sustainable Aviation Fuels (SAF) and comprehensive decarbonization strategies across the entire aviation ecosystem, including airports and airlines.",2000-2004,2006-2013,2014-2021,2022-2025,"Initial phase focused on foundational environmental concerns, primarily centered on the lifecycle impacts of aircraft design, material science, and the feasibility of sustainable airport infrastructure.","The focus broadened to include broader systemic issues: linking aviation emissions to tourism, establishing sustainability frameworks, and developing prescriptive methodologies for greener airport systems and transport access.","This phase saw a strong pivot towards technological solutions, particularly the exploration and assessment of biofuels and Sustainable Aviation Fuels (SAF), alongside the development of industry-wide sustainability assessment frameworks.","The most recent phase is characterized by a mature, systemic view, heavily emphasizing the implementation, technical viability (e.g., FT synthesis), and policy alignment of SAFs as the primary driver for achieving deep decarbonization across airlines and infrastructure.",Conceptualization -> Systemic Assessment -> Technological Solution Focus (SAF) -> Implementation & Policy Maturity,"The progression shows a clear shift from broad environmental/design concerns (2000-2004) to a sustained, intense focus on SAFs and systemic integration (2018-2025).",aligned,included_noncorporate,direct_pair_with_corporate_above_threshold,corporate_T3_S000,academic__corporate,170,2,20,2000,2025,"[""ecoairport"", ""iata"", ""aviation"", ""aerospace"", ""airbus"", ""airlines"", ""aéroports"", ""airports"", ""air"", ""airline""]"
academic_T3::academic_T3_PG20,T3,"Sustainable products, services and consumption",academic,academic_T3,academic_T3_PG20,30,Evolution of CSR/ESG in Banking,30_banking_banks_csr_bank,Evolution of CSR/ESG in Banking,"The micro-topic tracks the evolution of sustainability concerns within the banking sector, moving from early environmental focus to complex integration of ESG, risk, and green finance mechanisms.",2000-2003,2004-2009,2010-2017,2018-2025,"Early focus on environmental management and integrating sustainability into investment criteria (e.g., pollution, SRI screening).","Development of methodologies, frameworks, and initial performance assessments regarding SRI and ethical investment integration.","Critical assessment of CSR transparency, governance norms, and the impact of sustainability frameworks on bank performance and operations.","Maturation into systemic risk management, focusing heavily on ESG integration, green finance mechanisms, and alignment with global sustainability goals (SDGs).",,,aligned,included_noncorporate,direct_pair_with_corporate_above_threshold,corporate_T3_S000,academic__corporate,914,6,24,2000,2025,"[""banking"", ""banks"", ""csr"", ""bank"", ""bankers"", ""sbi"", ""banco"", ""bankaltimtara"", ""hdfc"", ""sector""]"
academic_T3::academic_T3_PG08,T3,"Sustainable products, services and consumption",academic,academic_T3,academic_T3_PG08,10,Evolution of Circularity and Stakeholder Engagement in Food/Economic Systems,10_circularity_ce_ecosystem_stakeholders,Evolution of Circularity and Stakeholder Engagement in Food/Economic Systems,"The micro-topic evolved from early conceptualizations of sustainable food systems and community involvement to a mature focus on the implementation, critique, and integration of the Circular Economy (CE) across economic and ecological systems, with a persistent thread of stakeholder involvement.",2000-2005,2006-2015,2016-2021,2022-2025,"Initial focus on conceptualizing sustainable food systems, community involvement, and localized agricultural practices as alternatives to industrial models.","Transitioning from localized food systems to broader networks, introducing the concepts of circularity and stakeholder responsibility within economic and ecological contexts.","Intense focus on applying circularity and eco-management principles to industrial and food systems, accompanied by theoretical debates and critiques of the linear economy and CE paradigm.","Maturation into a focus on the systemic integration of CE across economies, emphasizing implementation challenges, public sector adoption, and the role of various stakeholders in achieving global targets.",Conceptualization -> Network Integration -> Paradigm Application/Critique -> Systemic Implementation,"The transition is marked by a shift from 'sustainable agriculture' (2000-2005) to 'circularity/stakeholders' (2006-2015), then to 'CE implementation/critique' (2016-2021), and finally to 'systemic integration/policy' (2022-2025).",aligned,included_noncorporate,direct_pair_with_corporate_above_threshold,corporate_T3_S000,academic__corporate,5094,18,26,2000,2025,"[""circularity"", ""ce"", ""ecosystem"", ""stakeholders"", ""stakeholder"", ""economies"", ""reuse"", ""recycling"", ""circular"", ""sectors""]"
academic_T3::academic_T3_PG09,T3,"Sustainable products, services and consumption",academic,academic_T3,academic_T3_PG09,11,Evolution of Consumer Drivers for Sustainable Food Purchases,11_consumers_consumer_organic_supermarkets,Evolution of Consumer Drivers for Sustainable Food Purchases,"The micro-topic tracks the evolution of consumer attitudes, willingness, and behavior regarding sustainably and organically produced goods across various contexts, shifting from early focus on perceptions to complex modeling of drivers and marketing influences.",2002-2007,2009-2013,2014-2018,2019-2025,"Early investigation into consumer perceptions, willingness to pay, and barriers related to sustainably and organically marketed products in various settings.","Increased focus on the interplay between consumer behavior, environmental attitudes, and the role of labeling and ethical claims in driving purchasing decisions.","Deepening the analysis of consumer engagement, willingness, and the influence of specific product attributes and marketing efforts on purchase intention.","Advanced modeling of consumer intention, loyalty, and the impact of complex antecedents like CSR, ecological welfare, and packaging information on sustainable consumption.",,,aligned,included_noncorporate,direct_pair_with_corporate_above_threshold,corporate_T3_S002,academic__corporate,2165,8,24,2002,2025,"[""consumers"", ""consumer"", ""organic"", ""supermarkets"", ""willingness"", ""markets"", ""sociodemographic"", ""taste"", ""eaters"", ""choice""]"
academic_T3::academic_T3_S145,T3,"Sustainable products, services and consumption",academic,academic_T3,academic_T3_S145,79,Evolution of Frugal Innovation Concepts and Applications,145_innovacion_fruga_innovations_purposefrugal,Evolution of Frugal Innovation Concepts and Applications,"The micro-topic evolved from early theoretical reassessments of frugal innovation in global markets to a highly applied and theoretically dense focus on sustainability, societal impact, and technological integration across various contexts.",2012-2014,2015-2018,2019-2022,2023-2025,"Initial phase focused on establishing the context of frugal innovation, reassessing its role in emerging/globalized markets, and developing foundational concepts like constraint-based innovation.","The focus broadened to evaluating the sustainability dimensions of frugal innovations, specifically addressing resource scarcity, environmental impact, and the role of innovators in achieving eco-efficiency.","This phase centered on refining the theoretical constructs of frugal innovation, moving towards multidimensional modeling, linking it to SDGs, and integrating concepts like prosumers and advanced technologies.","The most recent phase is characterized by a deep dive into the practical application, measurement, and systemic implications of frugal innovation, heavily emphasizing its intersection with social, economic, and ecological sustainability outcomes.",Conceptual Definition -> Sustainability Evaluation -> Theoretical Modeling/Integration -> Applied Measurement/Systemic Impact,"The evolution shows a clear progression from market positioning (2012) to sustainability depth (2015-2018), followed by theoretical refinement (2019-2022), culminating in comprehensive impact assessment (2023-2025).",aligned,included_noncorporate,direct_pair_with_corporate_above_threshold,corporate_T3_S009,academic__corporate,105,1,14,2012,2025,"[""innovacion"", ""fruga"", ""innovations"", ""purposefrugal"", ""innovators"", ""frugal"", ""frugality"", ""frugales"", ""ingenuity"", ""economies""]"
academic_T3::academic_T3_S227,T3,"Sustainable products, services and consumption",academic,academic_T3,academic_T3_S227,113,Evolution of GI Focus: From Theory to Global Sustainability,227_geographical_terroir_designations_gi,Evolution of GI Focus: From Theory to Global Sustainability,"The micro-topic evolved from initial theoretical comparisons of GIs in agricultural systems to a sustained focus on GI's role in sustainability, market differentiation, and global policy frameworks, eventually broadening to include tourism and handicraft contexts.",2010-2014,2016-2019,2020-2023,2024-2025,"Early phase focused on establishing the theoretical framework of GIs, comparing their impact on agricultural production systems and examining sustainability within specific regional contexts like olive production.","The focus narrowed into specific case studies (e.g., Salers cheese) and then broadened to examine the practical market implications, including consumer perception and the interplay of terroir knowledge in GI systems.","This phase became highly systemic, treating GIs as a tool for rural development and global policy assessment, linking them to WTO/WIPO frameworks, SDGs, and analyzing the tension between globalization and local protection.","The most recent phase solidified the GI's function as a mechanism for market differentiation and consumer assurance, while also expanding the scope beyond pure agriculture to include handicraft and tourism contexts in global contexts.",Theoretical Foundation -> Case Study Application -> Global Systemic Integration -> Market/Tourism Diversification,"The evolution shows a clear progression from localized agricultural theory (2010-2014) to a macro-level focus on global policy and sustainability agendas (2020-2023), before branching into market mechanisms and non-food applications (2024-2025).",aligned,included_noncorporate,direct_pair_with_corporate_above_threshold,corporate_T3_S002,academic__corporate,53,1,12,2010,2025,"[""geographical"", ""terroir"", ""designations"", ""gi"", ""wipo"", ""gis"", ""indication"", ""designation"", ""producers"", ""pgi""]"
academic_T3::academic_T3_PG11,T3,"Sustainable products, services and consumption",academic,academic_T3,academic_T3_PG11,14,Evolution of Green Building Standards Adoption and Implementation,14_leed_usgbc_building_igbc,Evolution of Green Building Standards Adoption and Implementation,"The micro-topic tracks the evolution of sustainable building practices, heavily referencing international and regional green building rating systems (LEED, USGBC, IGBC) and their implementation challenges across various global contexts, with a strong later focus on digital tools like BIM.",2000-2003,2005-2011,2012-2017,2018-2025,"Early conceptualization and advocacy for sustainable building practices, focusing on theoretical gaps, procurement systems, and the initial business case for green certification.","Focus shifts to specific implementation mechanisms, including Value Management integration, buildability assessment, and the direct comparison and contextualization of LEED, USGBC, and IGBC standards across different national contexts.","Increased focus on technical verification, performance evaluation, and the integration of advanced design tools like BIM to enhance sustainability outcomes in the built environment lifecycle.","Dominance of implementation barriers, stakeholder challenges, and the role of digital technologies (BIM) in driving the adoption and achieving sustainability goals across diverse developing economies.",,,aligned,included_noncorporate,direct_pair_with_corporate_above_threshold,corporate_T3_S000,academic__corporate,845,2,25,2000,2025,"[""leed"", ""usgbc"", ""building"", ""igbc"", ""builders"", ""construction"", ""infrastructure"", ""stakeholders"", ""buildings"", ""contractors""]"
academic_T3::academic_T3_S220,T3,"Sustainable products, services and consumption",academic,academic_T3,academic_T3_S220,110,Evolution of Green Intellectual Capital (GIC) and Intangible Assets in Sustainability,220_gic_intangible_grc_gsci,Evolution of Green Intellectual Capital (GIC) and Intangible Assets in Sustainability,"The micro-topic traces the conceptualization and methodological application of intangible assets, evolving from early concepts of intellectual capital related to sustainability to a highly focused examination of Green Intellectual Capital (GIC) and its drivers across various industries and geographical contexts.",2000-2010,2011-2017,2020-2023,2025,"Early conceptualization phase, linking intellectual capital and intangible assets to sustainable development and quality of life, with initial modeling efforts.","Methodological refinement phase, focusing on applying IC concepts to environmental management systems, developing measurement indicators, and addressing the nexus between IC and environmental performance.","Application and specialization phase, where the focus narrows onto Green Intellectual Capital (GIC) and its dimensions (GHC, GSC, GRC) as drivers of sustainability, particularly within manufacturing contexts.","Advanced integration phase, characterized by rich evidence applying GIC and related concepts to organizational performance, mediated by dynamic capabilities and innovation across diverse global contexts.",Conceptualization -> Methodological Refinement -> Specialization/Application -> Advanced Integration,"The evolution shows a clear progression from broad sustainability links (2000s) to specific measurement challenges (2010s), culminating in a strong focus on GIC application in performance outcomes (2020s onwards).",aligned,included_noncorporate,direct_pair_with_corporate_above_threshold,corporate_T3_S000,academic__corporate,55,1,11,2000,2025,"[""gic"", ""intangible"", ""grc"", ""gsci"", ""implicationsmanufacturing"", ""capabilities"", ""profitability"", ""gsc"", ""gac"", ""capital""]"
academic_T3::academic_T3_S099,T3,"Sustainable products, services and consumption",academic,academic_T3,academic_T3_S099,56,Evolution of Greenwashing Discourse,99_greenwashing_greenwash_greenwashed_greenblushing,Evolution of Greenwashing Discourse,"The discourse evolved from initial empirical identification of greenwashing practices to a highly nuanced, multi-faceted examination encompassing methodological validation, industry-specific impacts, and the comparative analysis of deceptive claims versus omissions (like greenhushing).",2011-2014,2015-2018,2020-2023,2024-2025,"Early focus on defining greenwashing and presenting empirical case studies, linking it to CSR and regulatory inadequacy.","Narrowing focus onto specific impacts, such as consumer reactions (boycotts) and the effect on brand attitude.",Maturation into methodological rigor (measurement validation) and broad contextual application across industries and consumer knowledge gaps.,"Advanced stage characterized by comparative analysis between greenwashing and greenhushing, and a comprehensive, interdisciplinary view including investor and theoretical frameworks.",Linear progression from definition to advanced comparative analysis.,The progression shows a clear shift from problem identification to methodological refinement and finally to nuanced comparative critique.,aligned,included_noncorporate,direct_pair_with_corporate_above_threshold,corporate_T3_S002,academic__corporate,161,1,11,2011,2025,"[""greenwashing"", ""greenwash"", ""greenwashed"", ""greenblushing"", ""consumers"", ""consumer"", ""greenhushing"", ""dishonest"", ""transparency"", ""brandʼs""]"
academic_T3::academic_T3_S125,T3,"Sustainable products, services and consumption",academic,academic_T3,academic_T3_S125,69,"Evolution of Halalness, Ijtihad, and Traceability in Academic Discourse",125_halalness_halal_ijtihad_traceability,"Evolution of Halalness, Ijtihad, and Traceability in Academic Discourse","The micro-topic evolved from early comparative religious dietary law discussions to a highly integrated focus on the intersection of halal principles, supply chain management, sustainability, and advanced Islamic jurisprudence (ijtihad) in the global context.",2015,2017-2019,2020-2023,2024-2025,"Initial phase focused on a comparative analysis of religious dietary laws (Islamic, Jewish, Christian) concerning modern food system issues.","Early development phase focusing on specific industry challenges, such as sustainable financing models for SMEs and the acculturation of halal food in Western cultures.","Mid-stage consolidation where the focus broadened significantly to encompass the Halal Food Supply Chain Management (HSCM), quality assurance, and the application of Islamic jurisprudence to sustainability challenges.","Advanced phase characterized by a deep integration of high-level concepts, linking halalness to gastroeconomics, advanced ijtihad applications, and systemic assurance mechanisms across various sectors.",Comparative -> Industry Focus -> Systemic Integration -> Advanced Application,"The evolution shows a clear progression from broad religious comparison to highly specialized, integrated discussions involving economics, technology, and jurisprudence.",aligned,included_noncorporate,direct_pair_with_corporate_above_threshold,corporate_T3_S002,academic__corporate,125,1,10,2015,2025,"[""halalness"", ""halal"", ""ijtihad"", ""traceability"", ""islamic"", ""gastroeconomics"", ""sharia"", ""shariah"", ""haram"", ""muslims""]"
academic_T3::academic_T3_S216,T3,"Sustainable products, services and consumption",academic,academic_T3,academic_T3_S216,107,Evolution of Municipal Governance and Participation in Sustainability,216_municipalities_municipal_participatory_governments,Evolution of Municipal Governance and Participation in Sustainability,"The micro-topic traces the evolution of municipal engagement with sustainability, moving from early regional planning frameworks to intense focus on participatory mechanisms, followed by a shift towards technical measurement, financial resilience, and administrative integration of sustainability goals.",2001-2002,2005-2008,2013-2021,2022-2025,"Initial phase focused on establishing frameworks, specifically applying participatory concepts within regional sustainability planning and strategic governance models at the local level.","This phase broadened the scope to institutional aspects, focusing on the application and critique of sustainable development concepts through local evaluation tools and initiatives across different regional contexts.","A strong emphasis on the 'participatory' aspect emerges, particularly through community-based initiatives, followed by a major pivot towards linking local action (especially participatory budgeting) directly to global targets like the SDGs and the 2030 Agenda.","The later phases demonstrate a maturation into technical and administrative domains, focusing on ensuring social inclusion through service delivery, applying rigorous metrics for performance assessment, and solidifying financial governance frameworks within municipalities.",Conceptualization -> Institutional Application -> Participatory Mobilization -> Technical Integration,"The progression shows a clear shift from broad conceptual application (Phase 1/2) to active citizen involvement (Phase 3), culminating in a focus on measurable outcomes and administrative robustness (Phase 4).",aligned,included_noncorporate,direct_pair_with_corporate_above_threshold,corporate_T3_S000,academic__corporate,57,1,20,2001,2025,"[""municipalities"", ""municipal"", ""participatory"", ""governments"", ""councils"", ""collectivities"", ""municipality"", ""government"", ""implementations"", ""harare""]"
academic_T3::academic_T3_S078,T3,"Sustainable products, services and consumption",academic,academic_T3,academic_T3_S078,45,Evolution of Servitization and Product-Service Systems,78_servitization_servitisation_plm_servicisation,Evolution of Servitization and Product-Service Systems,"The micro-topic traces the evolution of servitization and Product-Service Systems (PSS) from early NPD tradeoffs to complex, integrated, and sustainability-focused business models, heavily emphasizing methodological development throughout the period.",2000-2003,2004-2009,2010-2018,2019-2025,"Initial phase focused on the foundational challenges of integrating service into product development, primarily viewed through the lens of New Product Development (NPD) tradeoffs, process stages, and early concepts of Product Service Systems (PSS).","This phase saw the maturation of PSS concepts, moving into process reengineering, market encroachment, and addressing early sustainability concerns, alongside organizational challenges like interoperability.","A period of intense methodological refinement, focusing on lifecycle management (PSLM), system integration (IPSS), and applying servitization to drive competitiveness and address environmental impact across various contexts.","The most recent phase is characterized by a strong focus on advanced application, including circular economy integration, system modeling complexity, and a shift towards both practical implementation hurdles and meta-level research on Smart PSS.",Foundational Concepts -> Process Integration & Early Sustainability -> Systemic Refinement & Lifecycle Management -> Advanced Application & Methodological Maturity,"The evolution shows a clear progression from process-centric NPD concerns (2000-2003) to a highly systemic, sustainability-driven focus on PSS implementation and modeling (2019-2024).",aligned,included_noncorporate,direct_pair_with_corporate_above_threshold,corporate_T3_PG01,academic__corporate,219,1,26,2000,2025,"[""servitization"", ""servitisation"", ""plm"", ""servicisation"", ""pss"", ""ipss"", ""psss"", ""paas"", ""changeability"", ""softs""]"
academic_T3::academic_T3_S073,T3,"Sustainable products, services and consumption",academic,academic_T3,academic_T3_S073,41,Evolution of Sharing Economy Models and Sustainability Critiques,73_sharers_sharing_foodsharing_airbnb,Evolution of Sharing Economy Models and Sustainability Critiques,"The micro-topic traces the evolution of academic focus on sharing economies, moving from abstract societal structures to intense scrutiny of transactionalism, regulatory challenges, and ultimately, a sustained focus on sustainability assessment across various contexts and business models.",2006-2013,2014-2018,2019-2022,2023-2025,"Early theoretical framing of sharing as a societal exchange pattern, focusing on commons-based structures and the potential for collaborative consumption to drive resource efficiency.","A critical phase characterized by analyzing the inherent tensions within sharing economies, specifically the conflict between altruistic ideals and the rise of transactionalism, alongside early regulatory and platform critiques.","Intense focus on the theoretical and critical examination of the sharing economy's organizational positioning, legitimation strategies, and its multifaceted impact on sustainability across different contexts.","The most recent phase centers on systematic mapping, bibliometric analysis, and the practical application of sharing models to achieve sustainability goals across specific industries and business model innovations.",Theoretical Foundation -> Critical Tension -> Systemic Critique -> Applied Sustainability Mapping,"The progression shows a clear shift from abstract concepts (commons, CC) to concrete critiques (transactionalism, regulation) and finally to a broad, systematic evaluation of sustainability outcomes across various sectors.",aligned,included_noncorporate,direct_pair_with_corporate_above_threshold,corporate_T3_S002,academic__corporate,231,1,14,2006,2025,"[""sharers"", ""sharing"", ""foodsharing"", ""airbnb"", ""collaborative"", ""economies"", ""shared"", ""transactionalism"", ""share"", ""users""]"
academic_T3::academic_T3_S048,T3,"Sustainable products, services and consumption",academic,academic_T3,academic_T3_S048,31,Evolution of Sustainability Accounting and Auditing Focus,48_ifrs_accountance_auditors_accountancy,Evolution of Sustainability Accounting and Auditing Focus,"The micro-topic evolved from early conceptual critiques of audit objectivity and sustainability definitions to a sustained focus on integrating ecological and environmental aspects into accounting practices, culminating in a strong emphasis on ESG reporting and its relationship with auditing standards.",2000-2003,2006-2013,2014-2018,2019-2025,"Early conceptual phase characterized by critiques of audit objectivity and attempts to theorize sustainability within accounting frameworks, including SCC.","Developmental phase focusing on applying theoretical frameworks, developing indicators, and critically examining the tension between sustainability goals and existing financial/capitalist structures.","Integration phase where the focus solidified on the practical necessity of environmental accounting and reporting to achieve sustainability, with increasing attention to specific sectors and global contexts.","Maturation phase characterized by a heavy focus on 'green accounting,' ESG integration, and the role of accounting/auditing in measuring and reporting on environmental performance and its impact on business outcomes.",,,aligned,included_noncorporate,direct_pair_with_corporate_above_threshold,corporate_T3_S000,academic__corporate,340,1,22,2000,2025,"[""ifrs"", ""accountance"", ""auditors"", ""accountancy"", ""auditing"", ""auditor"", ""audits"", ""accountants"", ""accounting"", ""accountability""]"
academic_T3::academic_T3_S027,T3,"Sustainable products, services and consumption",academic,academic_T3,academic_T3_S027,18,Evolution of Sustainability Application and Assessment Methods,27_penggunaan_pengembangan_pendekatan_pelatihan,Evolution of Sustainability Application and Assessment Methods,"The micro-topic tracks the evolution of applying development and assessment approaches to sustainability issues, shifting from specific technical evaluations to broad methodological and reporting frameworks.",2004-2012,2014-2018,2019-2022,2023-2025,"Early phase focused on highly specific, technical applications of sustainability concepts, such as using multi-criteria analysis (AHP/CCH) for product evaluation and integrating LCA into architectural design.","The focus broadened to include organizational aspects (HR/culture) alongside sustainability, and then solidified around the process of sustainable product development and enhancing market competitiveness through design.",The emphasis moved strongly towards systemic sustainability within built environments (green buildings) and the performance assessment of sustainability initiatives using qualitative methods.,The most recent phase is characterized by a high-level focus on the influence of sustainability disclosures (ESG) and the application of various approaches to drive performance improvement and competitiveness across different sectors.,,,aligned,included_noncorporate,direct_pair_with_corporate_above_threshold,corporate_T3_S009,academic__corporate,522,1,16,2004,2025,"[""penggunaan"", ""pengembangan"", ""pendekatan"", ""pelatihan"", ""kualitatif"", ""peningkatan"", ""melakukan"", ""pengaruh"", ""produksi"", ""terhadap""]"
academic_T3::academic_T3_S170,T3,"Sustainable products, services and consumption",academic,academic_T3,academic_T3_S170,89,Evolution of Sustainability Balanced Scorecard (SBSC) Application,170_scorecard_scorecards_bsc_bscs,Evolution of Sustainability Balanced Scorecard (SBSC) Application,"The micro-topic tracks the evolution of using scorecards, particularly the Balanced Scorecard (BSC) and its sustainability extensions (SBSC/ESBSC), to measure organizational performance across various contexts, moving from initial methodological application to complex, multi-faceted integration.",2003-2006,2008-2014,2015-2019,2020-2025,"Initial conceptualization and application of performance evaluation concepts, linking KPIs and scorecards to organizational and environmental performance within early management frameworks.","Refinement and expansion of the BSC/SBSC model, focusing on integrating social and environmental perspectives, and applying the framework to specific industrial contexts like transport.","Deepening the integration of sustainability into strategic management, focusing on frameworks like SBSC, CSR, and linking performance to broader business outcomes.","Advanced methodological application, focusing on operationalizing SBSC across diverse sectors (public, manufacturing, agriculture) and refining the models using advanced metrics and bibliometric analysis.",,,aligned,included_noncorporate,direct_pair_with_corporate_above_threshold,corporate_T3_S000,academic__corporate,86,1,19,2003,2025,"[""scorecard"", ""scorecards"", ""bsc"", ""bscs"", ""sbsc"", ""kpis"", ""indicators"", ""strategicznego"", ""strategic"", ""findingspaper""]"
academic_T3::academic_T3_S105,T3,"Sustainable products, services and consumption",academic,academic_T3,academic_T3_S105,57,Evolution of Sustainability in Gastronomy and Hospitality,105_gastronomic_restaurateurs_gastronomy_hospitality,Evolution of Sustainability in Gastronomy and Hospitality,"The micro-topic tracks the evolving academic focus on sustainability within the gastronomic and hospitality sectors, moving from initial competitive advantage framing to detailed implementation assessments across various restaurant types and global contexts.",2012-2013,2015-2018,2019-2022,2023-2025,Early focus on competitive advantage through green marketing and applying analytical methods (like AHP) to guide style selection in cafes.,"Deepening the focus on sustainability integration within hospitality clusters, applying scientific assessments (LCA, servicecape), and specifically targeting greening efforts in Quick Service Restaurants (QSRs).","Broadening the scope to include global drivers, SDG alignment, and detailed implementation challenges across different hospitality establishments, with a strong emphasis on environmental impact assessment.","Refining the focus onto specific implementation barriers, such as behavioral uncertainty and knowledge gaps, while maintaining a strong lens on consumer perception and high-end dining contexts.",,,aligned,included_noncorporate,direct_pair_with_corporate_above_threshold,corporate_T3_S002,academic__corporate,147,1,13,2012,2025,"[""gastronomic"", ""restaurateurs"", ""gastronomy"", ""hospitality"", ""restaurateur"", ""dining"", ""cafes"", ""foodservice"", ""establishments"", ""cuisine""]"
academic_T3::academic_T3_S036,T3,"Sustainable products, services and consumption",academic,academic_T3,academic_T3_S036,25,Evolution of Sustainable Building Envelope Materials,36_prefabricated_materials_insulation_cladding,Evolution of Sustainable Building Envelope Materials,"The micro-topic evolved from an early focus on forestry and engineered wood products to a broad investigation of composite materials, then narrowed into specific applications of timber, earthen materials, and advanced sustainable cladding systems across various construction contexts.",2001-2002,2007-2013,2014-2018,2019-2025,Initial focus on the intersection of forestry resources (lumber/timber) and the integration of environmental consciousness into structural composite materials.,A period characterized by applying rigorous environmental assessment methods (LCA) and focusing on the application of sustainable materials like timber and various composites in structural components.,"Strong emphasis on the technical advancement and market adoption of timber products (plywood, laminates) and the integration of sustainable, low-embodied carbon materials into building design.","The focus broadened to encompass a wider array of sustainable materials, including earth-based solutions, advanced timber systems, and comprehensive lifecycle assessments of cladding and insulation across different housing and structural types.",,,aligned,included_noncorporate,direct_pair_with_corporate_above_threshold,corporate_T3_S009,academic__corporate,454,1,21,2001,2025,"[""prefabricated"", ""materials"", ""insulation"", ""cladding"", ""masonry"", ""structures"", ""structural"", ""building"", ""timber"", ""rebar""]"
academic_T3::academic_T3_S038,T3,"Sustainable products, services and consumption",academic,academic_T3,academic_T3_S038,26,Evolution of Sustainable HRM/GHRM Integration,38_hrm_shrm_hr_hrd,Evolution of Sustainable HRM/GHRM Integration,"The micro-topic tracks the evolution of integrating sustainability concepts into Human Resource Management (HRM), progressing from early theoretical models to highly specific, empirical investigations of Green HRM (GHRM) and Sustainable HRM (SHRM) across various global contexts.",2000-2003,2009-2014,2015-2019,2020-2025,"Early conceptualization of HR practices addressing sustainability, focusing on specific contexts like tourism development and theoretical modeling of externalities.","Focus shifts to the integration of sustainability into core HRM functions (like CSR and workforce management), establishing the link between HRM and organizational sustainability.","Deepening the focus on the societal and cultural dimensions of SHRM, including diversity, employer branding, and specific industry applications.","Maturation into Green HRM (GHRM) and SHRM, characterized by extensive empirical testing of specific interventions (e.g., green recruitment, performance) and mapping the landscape against global sustainability frameworks (SDGs, Triple Bottom Line).",,,aligned,included_noncorporate,direct_pair_with_corporate_above_threshold,corporate_T3_S000,academic__corporate,416,1,18,2000,2025,"[""hrm"", ""shrm"", ""hr"", ""hrd"", ""ghrm"", ""workforce"", ""ghr"", ""employer"", ""organisational"", ""employees""]"
academic_T3::academic_T3_S083,T3,"Sustainable products, services and consumption",academic,academic_T3,academic_T3_S083,48,Evolution of Sustainable Mineral Extraction Discourse,83_extractivism_mining_decarbonisation_commodity,Evolution of Sustainable Mineral Extraction Discourse,"The micro-topic tracks the evolution of discourse around mineral extraction, moving from early focuses on local sustainability and globalization challenges to increasingly technical and integrated frameworks involving LCA, SDGs, and specific technological challenges like tailings management and decarbonization.",2001-2003,2005-2008,2010-2018,2019-2025,"Initial phase focused on establishing the need for sustainable mining practices, addressing environmental/social challenges in global contexts, and examining early corporate integration of sustainability.","The discourse broadened to examine the inherent tensions between economic viability and sustainability, integrating policy, CSR, and the role of geoscience in developing sustainable paradigms.","This phase saw a deepening of the focus on process and mechanism, moving into technical aspects like smelting, lifecycle assessment (LCA), and the critical examination of extractivism's social costs.","The most recent phase is characterized by high technical density, focusing on quantifying environmental footprints (EEVs), aligning with SDGs, and addressing advanced issues like tailings management and decarbonization within the context of extractivism.",Conceptualization -> Integration -> Mechanization -> Quantification/Alignment,"The evolution shows a clear trajectory from broad socio-environmental concerns (2001-2003) to highly technical, quantitative, and globally aligned frameworks (2019-2025), with consistent threads of 'extractivism' and 'sustainability' throughout.",aligned,included_noncorporate,direct_pair_with_corporate_above_threshold,corporate_T3_S006,academic__corporate,204,1,23,2001,2025,"[""extractivism"", ""mining"", ""decarbonisation"", ""commodity"", ""metallurgy"", ""extractive"", ""ores"", ""tailings"", ""minerals"", ""georesources""]"
academic_T3::academic_T3_S087,T3,"Sustainable products, services and consumption",academic,academic_T3,academic_T3_S087,50,Evolution of Sustainable Public Procurement Frameworks,87_procurement_gppp_procurements_gpp,Evolution of Sustainable Public Procurement Frameworks,"The micro-topic tracks the evolution of sustainable procurement practices, moving from niche focus on specific waste streams to comprehensive, multi-dimensional frameworks addressing legal, organizational, and global sustainability goals.",2007-2009,2011-2014,2015-2019,2020-2025,"Initial focus on highly specific applications, such as sustainable procurement of compost, quickly broadening to investigating general barriers and practices within the public sector context.","A period of conceptual refinement, focusing on the implementation barriers, organizational responses, and the tension between sustainability objectives and existing legal/policy frameworks (especially EU directives).",Maturation into structured application and theoretical depth. The focus shifts to applying analytical frameworks (like MCDM) across diverse global contexts and solidifying the role of procurement in achieving broader sustainability targets.,"The most advanced phase, characterized by a holistic view where procurement is seen as a strategic lever for global goals (SDGs, climate change). The focus broadens to include governance mechanisms, digital transformation, and commitment levels.",Conceptualization -> Implementation Challenges -> Framework Maturation -> Strategic Integration,"The progression shows a clear trajectory from narrow, localized issues (compost) to broad, systemic integration with global sustainability agendas (SDGs, digitalization).",aligned,included_noncorporate,direct_pair_with_corporate_above_threshold,corporate_T3_S000,academic__corporate,186,1,17,2007,2025,"[""procurement"", ""gppp"", ""procurements"", ""gpp"", ""tendering"", ""procuring"", ""governments"", ""tenders"", ""procurers"", ""procure""]"
academic_T3::academic_T3_PG05,T3,"Sustainable products, services and consumption",academic,academic_T3,academic_T3_PG05,7,Evolution of Sustainable Sourcing and Supplier Relationships in SCM,7_scm_stakeholder_sourcing_supplier,Evolution of Sustainable Sourcing and Supplier Relationships in SCM,"The micro-topic traces the evolution of integrating sustainability into supply chain management, moving from broad organizational governance concerns to highly specific, quantitative methods for sustainable supplier selection and relationship management.",2000-2003,2004-2009,2010-2017,2018-2025,"Initial conceptual framing, focusing on high-level organizational governance, CSR, and the necessity of integrating social/environmental dimensions into corporate strategy.","Transitioning from broad CSR concepts to the integration of sustainability into core business practices, focusing on global trends, stakeholder accountability, and early supply chain integration challenges.","Deepening the focus on the mechanics of sustainable supply chains (SSCM/GSCM), emphasizing supplier capabilities, interorganizational relationships, and the practical application of CSR within the supply chain context.","Maturation into advanced, quantitative modeling. The focus shifts heavily towards formalizing supplier selection using complex methods (MCDM, Fuzzy Logic) and analyzing the impact of these sustainable sourcing practices on competitiveness and power dynamics across multi-tier chains.",Conceptual Framing -> Integration & Adoption -> Relational Mechanics -> Quantitative Optimization,"The progression shows a clear shift from abstract CSR discussions (Phase 1) to concrete supply chain integration (Phase 2), followed by relationship/process focus (Phase 3), culminating in advanced methodological application (Phase 4).",aligned,included_noncorporate,direct_pair_with_corporate_above_threshold,corporate_T3_S000,academic__corporate,2346,4,26,2000,2025,"[""scm"", ""stakeholder"", ""sourcing"", ""supplier"", ""logistics"", ""procurement"", ""gscm"", ""manufacturing"", ""supply"", ""suppliers""]"
academic_T3::academic_T3_S001,T3,"Sustainable products, services and consumption",academic,academic_T3,academic_T3_S001,1,Evolution of Sustainable Textile and Apparel Discourse,1_textiles_textile_apparel_merchandising,Evolution of Sustainable Textile and Apparel Discourse,"The micro-topic evolved from early theoretical applications of design theory to a sustained focus on the intersection of sustainable design, consumer behavior, and market mechanisms within the textile and apparel industry, culminating in a strong emphasis on consumer knowledge and systemic challenges.",2000-2004,2007-2011,2012-2017,2018-2025,"Initial phase focused on theoretical frameworks, applying Actor-Network Theory (ANT) to textile design and subsequently defining principles for 'slow design' and sustainable trends in fashion.","The focus shifted toward systematic investigation of the fashion pipeline, covering Design for Environment, consumer disposal, and early explorations into consumer willingness to pay (WTP) for sustainable attributes.","This phase broadened to encompass supply chain transparency, perceived consumer risk, and the integration of psychosocial factors, moving beyond just product attributes to include consumer psychology and brand evaluation.","The later phase became highly focused on market dynamics, specifically examining the role of retail experiences, conspicuous vs. sustainable consumption, and the critical role of consumer knowledge and education in driving systemic change towards circularity.",Theoretical Application -> Pipeline Investigation -> Consumer Psychology & Systemic View -> Market Dynamics & Consumer Education,"The progression shows a clear movement from abstract design theory (2000) to concrete market/consumer challenges (2024-2025), with sustained focus on 'textiles', 'apparel', and 'consumer' throughout.",aligned,included_noncorporate,direct_pair_with_corporate_above_threshold,corporate_T3_S000,academic__corporate,2275,1,21,2000,2025,"[""textiles"", ""textile"", ""apparel"", ""merchandising"", ""upcycling"", ""consumer"", ""garment"", ""consumers"", ""garments"", ""retailers""]"
academic_T3::academic_T3_S202,T3,"Sustainable products, services and consumption",academic,academic_T3,academic_T3_S202,102,Evolution of Sustainable and Ecological Marketing Strategy,202_ecomarketing_marketing_enterprises_globalization,Evolution of Sustainable and Ecological Marketing Strategy,"The micro-topic tracks the evolution of marketing concepts, moving from early focuses on global CSR and sustainability principles to increasingly specific applications in ecological marketing, territorial development, and enhancing enterprise competitiveness within a globalized context.",2012-2014,2015-2019,2020-2022,2023-2025,Initial focus on establishing the theoretical groundwork of socially responsible and sustainable marketing within a globalized business context.,"Narrowing the scope to specific business contexts, such as SMEs and strategic enterprise development, while maintaining the core theme of sustainability.","Deepening the conceptualization, moving into environmental marketing theory, circular economy, and the integration of social/ecological principles into broader business strategy.","Focusing on the practical implementation of ecological marketing strategies to drive enterprise competitiveness and address specific regional/international market realities (e.g., Ukraine).",,,aligned,included_noncorporate,direct_pair_with_corporate_above_threshold,corporate_T3_S000,academic__corporate,65,1,10,2012,2025,"[""ecomarketing"", ""marketing"", ""enterprises"", ""globalization"", ""інтегрованих"", ""ісмsmall"", ""goods"", ""соціальноі"", ""principles"", ""promotion""]"
academic_T3::academic_T3_S129,T3,"Sustainable products, services and consumption",academic,academic_T3,academic_T3_S129,75,Evolution of the Water-Energy-Food Nexus Research Focus,135_hydropower_wefs_wef_nexuses,Evolution of the Water-Energy-Food Nexus Research Focus,"The micro-topic evolved from an initial focus on disequilibria in water-energy-food systems to a highly integrated, methodological focus on the broader WEFEN/WEFE nexus, increasingly incorporating sustainability goals, policy frameworks, and advanced analytical techniques.",2008-2010,2011-2017,2018-2023,2024-2025,"Initial framing of the nexus around core disequilibria in water-energy-food systems, often contextualized by dams and irrigation needs.","Maturation of the nexus concept, moving towards policy integration, global goal alignment (SDGs, UNFCCC), and analyzing trade-offs within renewable energy expansion.","Deepening the nexus analysis through quantitative methods, focusing on specific resource management challenges like groundwater, and aligning strategies with major policy agendas (e.g., EU targets).","Shift towards methodological rigor, emphasizing systematic reviews, scientometrics, and expanding the scope to include the ecosystem dimension (WEFEN/WEFE) and multidisciplinary decision analysis.",Conceptualization -> Policy Integration -> Quantitative Deepening -> Methodological Expansion,"The evolution shows a clear progression from defining the core WEF problem to applying increasingly complex, multi-dimensional analytical frameworks (WEFEN/WEFE) over time.",aligned,included_noncorporate,manual_override_from_excluded_review,corporate_T3_S000,,118,1,13,2008,2025,"[""hydropower"", ""wefs"", ""wef"", ""nexuses"", ""sectors"", ""wefe"", ""waterfood"", ""ef2w"", ""water"", ""irrigation""]"
academic_T3::academic_T3_S134,T3,"Sustainable products, services and consumption",academic,academic_T3,academic_T3_S134,74,FinTech's Role in Sustainable Finance and Ecosystem Transformation,134_fintech_fintechs_findingsfintech_blockchain,FinTech's Role in Sustainable Finance and Ecosystem Transformation,"The micro-topic tracks the evolution of FinTech's role, shifting from initial digital transformation discussions in banking to a deep focus on its impact on sustainability, financial inclusion, and the integration of advanced technologies like blockchain within the broader financial ecosystem.",2012,2020,2021-2023,2024-2025,The initial phase focused narrowly on the digital transformation of traditional banking institutions driven by the emergence of fintech.,"The focus broadened to examine the application of FinTech solutions across various aspects of finance, specifically intersecting with sustainability and regional contexts.","This phase became highly empirical, investigating the mediating roles of FinTech adoption on sustainable business performance, financial inclusivity, and organizational sustainability across different economic contexts.","The most recent phase solidified the focus on advanced integration, specifically examining how FinTech, alongside technologies like blockchain, drives sustainable development goals (SDGs), green finance, and the necessity of robust ESG frameworks within the financial ecosystem.",Linear progression from Digitalization -> Sustainability Application -> Empirical Impact Assessment -> Advanced Ecosystem Integration (Blockchain/ESG),"The progression shows a clear thematic deepening, moving from broad industry disruption (2012) to highly specific, integrated sustainability outcomes (2025).",aligned,included_noncorporate,direct_pair_with_corporate_above_threshold,corporate_T3_S000,academic__corporate,118,1,7,2012,2025,"[""fintech"", ""fintechs"", ""findingsfintech"", ""blockchain"", ""ecosystem"", ""transformative"", ""fin"", ""fy17"", ""banking"", ""crowdlending""]"
academic_T3::academic_T3_PG18,T3,"Sustainable products, services and consumption",academic,academic_T3,academic_T3_PG18,28,Food Waste Management Evolution,28_purposefood_wasting_wastage_composting,Food Waste Management Evolution,"The micro-topic evolved from early, context-specific views on informal waste collection and local recycling systems to a highly focused, quantitative examination of household behavior, food surplus management from retail, and finally, to advanced systemic approaches involving technological interventions, zero-waste innovation, and consumer psychology.",2004-2008,2011-2015,2016-2019,2020-2025,"Initial focus on the socio-economic context of waste, ranging from informal collection in slums to early evaluations of local organic recycling systems.","The focus broadened to systemic issues, including landfill gas reduction, policy debates on social inclusion, and early examinations of food waste attitudes within housing contexts.","A strong shift towards quantitative modeling, specifically analyzing the impact of retail infrastructure (grocery density) and deep dives into household behavior and its link to urban waste sustainability.","The most recent phase is characterized by a high degree of specialization, focusing on large-scale value chain analysis (FLW), advanced technological solutions (apps, smart fridges), and consumer psychology models to drive zero-waste outcomes.",,,aligned,included_noncorporate,direct_pair_with_corporate_above_threshold,corporate_T3_S002,academic__corporate,631,2,18,2004,2025,"[""purposefood"", ""wasting"", ""wastage"", ""composting"", ""hunger"", ""leftovers"", ""gleaning"", ""leftover"", ""surplus"", ""households""]"
academic_T3::academic_T3_S167,T3,"Sustainable products, services and consumption",academic,academic_T3,academic_T3_S167,88,Green HPLC and Chromatographic Techniques,167_hplc_chromatography_chromatographic_fluorimetric,Green HPLC and Chromatographic Techniques,"The micro-topic tracks the evolution of applying HPLC and chromatography to achieve greener analytical methods, initially focusing on exergetic comparisons and green chemistry principles, and progressively moving towards rigorous sustainability assessment and bioanalytical application.",2009-2010,2014-2019,2020-2022,2023-2025,"Early focus on establishing the green angle, comparing separation techniques (HPLC vs SFC) through exergetic lenses and emphasizing general green analytical chemistry principles.","A period of methodological refinement where the focus solidified on making conventional HPLC greener, driven by concerns over solvent use, chemical waste, and incorporating concepts like microextraction and chemometrics.","Increased density around the core theme of minimizing environmental impact in chromatography, specifically addressing solvent consumption and applying green chemistry principles to various sample types like phospholipids.","The most advanced phase, characterized by the rigorous validation of green HPLC methods for bioanalytical quantification, heavily utilizing advanced sustainability assessment tools (like fluorimetric metrics) to quantify environmental friendliness.",,,aligned,included_noncorporate,direct_pair_with_corporate_above_threshold,corporate_T3_S010,academic__corporate,88,1,13,2009,2025,"[""hplc"", ""chromatography"", ""chromatographic"", ""fluorimetric"", ""solvents"", ""acetonitrile"", ""bioanalytical"", ""spectrophotometric"", ""spectrophotometry"", ""greener""]"
academic_T3::academic_T3_PG15,T3,"Sustainable products, services and consumption",academic,academic_T3,academic_T3_PG15,21,HEI Sustainability Assessment and ESD Integration,21_heis_sdgs_universities_hesd,HEI Sustainability Assessment and ESD Integration,"The micro-topic tracks the evolution of sustainability concepts within Higher Education Institutions (HEIs), moving from early conceptual debates on unsustainability and institutionalizing change to a highly focused, metric-driven assessment of SDG integration and ESD implementation across various global contexts.",2000-2004,2005-2011,2012-2018,2019-2025,"Early conceptualization and methodological groundwork: Initial focus on defining sustainability challenges, integrating concepts into curricula, and applying early standards/metrics.","Framework development and implementation challenges: Shift towards practical implementation barriers, developing comprehensive frameworks, and refining sustainability indicators.","ESD and Indicator Refinement: Strong focus on Education for Sustainable Development (ESD) integration, coupled with critiques and development of advanced sustainability indices and metrics.","SDG Alignment and Metric Assessment: Dominant focus on aligning HEIs with the Sustainable Development Goals (SDGs), utilizing advanced metrics (like Greenmetrics) for institutional and campus-level assessment and benchmarking.",,,aligned,included_noncorporate,direct_pair_with_corporate_above_threshold,corporate_T3_S000,academic__corporate,954,4,26,2000,2025,"[""heis"", ""sdgs"", ""universities"", ""hesd"", ""greenmetric"", ""institutional"", ""campuses"", ""universidad"", ""initiatives"", ""academic""]"
academic_T3::academic_T3_PG16,T3,"Sustainable products, services and consumption",academic,academic_T3,academic_T3_PG16,22,Household Behavioral Determinants of Prosumer Adoption,22_prosumers_willingness_households_behavioural,Household Behavioral Determinants of Prosumer Adoption,"The micro-topic tracks the evolution of research focusing on how household behavior and willingness influence the adoption of sustainable energy practices, transitioning from general energy consumption patterns to specific focuses on renewable energy technologies like photovoltaics and microgrids.",2001-2007,2009-2013,2014-2018,2019-2025,"Early focus on general household energy consumption, comfort, and initial willingness to adopt sustainable patterns, integrating social and geographical contexts.","Shift towards specific environmental impacts (GHG, emissions) and the role of lifestyle/demographics in consumption, alongside early modeling efforts.","Intensification on modeling and behavioral theories, specifically linking attitudes to energy efficiency and the emergence of PV adoption as a key focus.","Dominance of behavioral modeling (TPB, UTAUT) applied to specific adoption contexts, primarily renewable energy (PV) and waste management, with a strong emphasis on prosumer roles in decarbonization.",,,aligned,included_noncorporate,direct_pair_with_corporate_above_threshold,corporate_T3_S000,academic__corporate,554,2,23,2001,2025,"[""prosumers"", ""willingness"", ""households"", ""behavioural"", ""behavioral"", ""adopters"", ""photovoltaics"", ""renewables"", ""photovoltaic"", ""behaviour""]"
academic_T3::academic_T3_S160,T3,"Sustainable products, services and consumption",academic,academic_T3,academic_T3_S160,86,Hydrogen and Biohydrogen in Decarbonization,160_hydrogenpowered_emissions_biohydrogen_hydrogen,Hydrogen and Biohydrogen in Decarbonization,"The micro-topic tracks the evolution of hydrogen and biohydrogen as a key vector for decarbonizing energy systems, particularly transportation, moving from early conceptual discussions of potential to detailed assessments of production pathways, technological integration, and regulatory frameworks.",2003-2005,2008-2013,2015-2021,2022-2025,"Initial focus on establishing hydrogen as a potential solution for transport emissions, with early attention given to the challenges of implementation and the potential of biomass-derived hydrogen.","The discussion broadens to encompass the entire hydrogen economy, focusing on the promise versus the limitations of current production methods (e.g., fossil fuel reliance) and the need for sustainable inputs.","A deepening focus on the sustainability of hydrogen production, contrasting various pathways (biohydrogen vs. others) and linking the technology directly to achieving broader GHG reduction and net-zero targets, driven by policy.","The focus matures into a comprehensive review of the state of the technology, heavily emphasizing the practical application in transportation, the need for standardization, and the technical viability of specific fuel cell systems.",Conceptualization -> Sustainability Assessment -> Policy Integration -> Technological Maturation,"The evolution shows a clear progression from identifying hydrogen as a potential solution (early years) to rigorously evaluating its lifecycle impacts, production sustainability, and specific technological implementations (later years).",aligned,included_noncorporate,direct_pair_with_corporate_above_threshold,corporate_T3_S000,academic__corporate,96,1,18,2003,2025,"[""hydrogenpowered"", ""emissions"", ""biohydrogen"", ""hydrogen"", ""fuels"", ""fuel"", ""hydrogenassociation"", ""h2"", ""hydrogenâ"", ""diesel""]"
academic_T3::academic_T3_S079,T3,"Sustainable products, services and consumption",academic,academic_T3,academic_T3_S079,46,Industry 5.0 Manufacturing Digitalization and IoT,79_industry5_manufacturing_digitalization_iot,Industry 5.0 Manufacturing Digitalization and IoT,"The micro-topic traces the evolution of manufacturing paradigms from early ubiquitous computing concepts through the lens of Industry 4.0, culminating in a strong focus on Industry 5.0 and the integration of sustainability, human-centricity, and advanced digital technologies like IoT and mechatronics.",2011,2014,2018-2022,2023-2025,"Initial focus on proposing the ubiquitous factory (u-Factory) paradigm as a response to modern industrial demands, emphasizing Information transparency and sustainable manufacturing concepts.","Shift towards specific technological integrations within manufacturing lifecycle management, focusing on the application of PEIDs and RFID within PLM contexts.","A sustained period heavily focused on the intersection of Industry 4.0/digitalization and sustainability, examining the triple bottom line, risks, and the role of digital technologies in achieving sustainable outcomes.","The evolution culminates in the emergence of Industry 5.0, where the focus sharpens on integrating human-centricity, advanced network design, and resilience into digital manufacturing paradigms to meet stringent sustainability targets.",Conceptualization -> Technological Integration -> Sustainability Integration (I4.0) -> Human-Centric/Advanced Paradigm (I5.0),"The progression shows a clear trajectory from foundational concepts (u-Factory) through the implementation phase (I4.0/RFID) to the advanced, human-centric sustainability focus (I5.0).",aligned,included_noncorporate,direct_pair_with_corporate_above_threshold,corporate_T3_S009,academic__corporate,211,1,10,2011,2025,"[""industry5"", ""manufacturing"", ""digitalization"", ""iot"", ""i4t"", ""industrial"", ""mechatronics"", ""technological"", ""industrialisation"", ""analytics""]"
academic_T3::academic_T3_S217,T3,"Sustainable products, services and consumption",academic,academic_T3,academic_T3_S217,108,Islamic Finance Instruments for SDGs,217_takaful_sdgs_sukuk_microfinance,Islamic Finance Instruments for SDGs,"The micro-topic tracks the evolution of integrating Islamic financial instruments (Sukuk, Takaful, Microfinance) with the Sustainable Development Goals (SDGs) across various stages of conceptualization, application, and refinement.",2017-2018,2019-2021,2022-2023,2024-2025,"Initial focus on applying Islamic ethics to financial stability, addressing economic crises, and aligning Islamic finance with the SDGs through microfinance.","Conceptual development phase, moving towards integrated frameworks, ecosystem building, and applying Islamic finance to environmental sustainability and SDGs through specific instruments.","Intensification on specific instruments, particularly Sukuk (Green/SRI), and analyzing the intersection of Islamic finance with global sustainability targets and ESG frameworks.","Maturity phase characterized by rich literature on the integration of Takaful, Sukuk, and Microfinance into achieving SDGs, including regulatory and regional case studies.",,,aligned,included_noncorporate,direct_pair_with_corporate_above_threshold,corporate_T3_S000,academic__corporate,57,1,9,2017,2025,"[""takaful"", ""sdgs"", ""sukuk"", ""microfinance"", ""islamic"", ""sharia"", ""shariah"", ""zakat"", ""isf"", ""riba""]"
academic_T3::academic_T3_S208,T3,"Sustainable products, services and consumption",academic,academic_T3,academic_T3_S208,104,Life Cycle Assessment and GHG Footprinting Evolution,208_lca_emissions_ghg_ghgs,Life Cycle Assessment and GHG Footprinting Evolution,"The micro-topic tracks the evolution of applying Life Cycle Assessment (LCA) and Greenhouse Gas (GHG) accounting to quantify carbon footprints across various industrial and systemic contexts, moving from initial practical applications to highly technical, broad methodological reviews and advanced computational modeling.",2008-2012,2013-2017,2020-2023,2024-2025,"Initial phase characterized by applying GHG/carbon footprint assessment tools to specific, contained environmental remediation projects and industrial case studies (e.g., chemical plants, waste oil management), often referencing early standards like IPCC.","A phase focused on methodological critique and refinement, involving comparative reviews of footprinting methodologies, the development of specific allocation models (like MEIO), and applying LCA/CF to complex systems like supply chains.","The focus broadens into advanced, specialized applications, including quantifying emissions from intangible assets (R&D), applying LCA to national economic layers, and using these metrics to drive broader decarbonization strategies across major industries.","The most recent phase is characterized by high application density, focusing on advanced, real-time monitoring, developing novel computational models (PCF), and applying these frameworks to highly specific, complex industrial supply chains (e.g., automotive, textiles), indicating a move toward automated, granular tracking.",Methodological Application -> Methodological Critique/Refinement -> Broad Systemic Application -> Advanced Computational/Real-Time Tracking,"The progression shows a clear shift from simple application to deep methodological scrutiny, and finally to high-tech, granular industrial implementation.",aligned,included_noncorporate,direct_pair_with_corporate_above_threshold,corporate_T3_S000,academic__corporate,59,1,13,2008,2025,"[""lca"", ""emissions"", ""ghg"", ""ghgs"", ""carbon"", ""co2e"", ""footprint"", ""emission"", ""co2"", ""footprinting""]"
academic_T3::academic_T3_S118,T3,"Sustainable products, services and consumption",academic,academic_T3,academic_T3_S118,64,MNCs and SDGs Engagement,118_mnes_sdgs_mncs_multinationals,MNCs and SDGs Engagement,"The topic tracks the evolving academic focus on the role of Multinational Corporations (MNCs/MNEs) in relation to the Sustainable Development Goals (SDGs) across nearly two decades, moving from early advocacy to detailed implementation analysis and scrutiny of greenwashing.",2006-2008,2016-2019,2020-2022,2023-2025,"Early conceptualization, focusing on MNCs as catalysts for development and the initial incorporation of related goals (MDGs/SDGs) into corporate strategy.","Maturation of the discourse, shifting towards multi-stakeholder governance, accountability, and the practical implementation of SDGs by MNCs in specific regional contexts.","Deep dive into implementation mechanisms, focusing heavily on CSR integration, strategy alignment, and critically examining issues like SDG washing and externalities.","Refinement and specialization, concentrating on the mechanisms of MNC influence, organizational factors, and specific SDG target alignments within global contexts.",,,aligned,included_noncorporate,direct_pair_with_corporate_above_threshold,corporate_T3_S000,academic__corporate,132,1,12,2006,2025,"[""mnes"", ""sdgs"", ""mncs"", ""multinationals"", ""sdg"", ""mne"", ""sdgwashing"", ""multinational"", ""brics"", ""stakeholder""]"
academic_T3::academic_T3_S226,T3,"Sustainable products, services and consumption",academic,academic_T3,academic_T3_S226,112,Multi-Criteria Decision Making for Sustainable Material Selection,226_ahp_materials_topsis_subcriteria,Multi-Criteria Decision Making for Sustainable Material Selection,"The micro-topic tracks the evolution of applying structured decision-making methods (like AHP and TOPSIS) to the selection and evaluation of sustainable building materials across various technical domains, from initial design criteria to specific structural and environmental applications.",2005-2008,2012-2013,2017-2020,2021-2025,"Early focus on applying multi-criteria ranking techniques to residential housing sustainability and balancing construction needs with environmental impact, including geotechnical considerations.","Systematic development of material selection frameworks, heavily influenced by specific compliance standards like LEED, utilizing AHP and TOPSIS.","Broadening the scope to include specific material types (insulation, concrete), integrating advanced design tools like BIM, and exploring the methodological application of MCDM techniques.","Maturation into a highly technical application phase, characterized by the consistent application of AHP/TOPSIS to complex inputs such as geotechnical/structural aspects, and later pivoting towards specialized environmental contexts like stormwater management and stakeholder analysis.",Conceptual Application -> Standard Compliance -> Methodological Integration -> Domain Specialization,"The evolution shows a clear progression from general sustainability criteria application to highly specialized, integrated technical assessments using the core MCDM tools.",aligned,included_noncorporate,direct_pair_with_corporate_above_threshold,corporate_T3_S009,academic__corporate,53,1,13,2005,2025,"[""ahp"", ""materials"", ""topsis"", ""subcriteria"", ""material"", ""criteria"", ""insulating"", ""timber"", ""selection"", ""building""]"
academic_T3::academic_T3_S066,T3,"Sustainable products, services and consumption",academic,academic_T3,academic_T3_S066,38,Pandemic Impact on Consumer Behavior and Sustainability,66_outbreak_pandemic_affected_consumers,Pandemic Impact on Consumer Behavior and Sustainability,"This micro-topic tracks the evolving academic discourse on how the COVID-19 pandemic and related outbreaks have affected consumer behavior, with a strong underlying thread of sustainability concerns, shifting from immediate crisis response to long-term adaptation.",2020,2021,2022-2023,2024-2025,"Initial focus on the immediate impact of the COVID-19 outbreak and pandemic on consumer behavior, heavily intertwined with the rapid adoption of e-commerce and the initial push toward sustainable consumption paradigms.","Focus narrows slightly to the direct influence of lockdowns and the pandemic on consumer attitudes and behaviors, specifically examining the response to perceived threats and sustainable practices.","The discourse stabilizes around the sustained impact on sustainable consumption attitudes and behaviors, linking pandemic effects to broader environmental and social consciousness across various consumption domains.","The focus broadens to long-term, evolving shifts, incorporating industry analysis (e.g., McKinsey), economic factors like inflation, and the sustained adaptation of retail and consumer patterns post-crisis.",Crisis Response -> Behavioral Adaptation -> Sustainability Integration -> Long-Term Systemic Shift,"The evidence shows a clear progression from immediate crisis reaction (2020) to sustained integration of sustainability concerns (2022-2023), culminating in macro-level, long-term industry and economic analysis (2024-2025).",aligned,included_noncorporate,direct_pair_with_corporate_above_threshold,corporate_T3_S002,academic__corporate,258,1,6,2020,2025,"[""outbreak"", ""pandemic"", ""affected"", ""consumers"", ""lockdown"", ""pandemics"", ""consumer"", ""lockdowns"", ""distancing"", ""2021""]"
academic_T3::academic_T3_S151,T3,"Sustainable products, services and consumption",academic,academic_T3,academic_T3_S151,82,Perovskite PV Evolution: From Sustainability Concerns to Material Science Hurdles,151_photovoltaic_photovoltaics_perovskites_pv,Perovskite PV Evolution: From Sustainability Concerns to Material Science Hurdles,"The micro-topic traces the evolution of PV research from an initial focus on broad sustainability and environmental impact assessments across various PV types, through dedicated explorations of material science advancements like perovskites, to a highly focused contemporary challenge on improving perovskite stability and mitigating toxicity for commercial viability.",2010-2014,2016-2019,2020-2023,2024-2025,"Early focus on the broad sustainability and environmental footprint of PV technology, covering supply chain transparency, lifecycle analysis, and material sourcing challenges across different PV generations.","A transitional phase where the focus begins to narrow, with a significant emergence of perovskite research alongside continued attention to PV module integration challenges, durability, and ecodesign principles.","Intensification of the focus on the intersection of PV technology and its lifecycle impacts, specifically addressing EHS concerns, and a strong push into the material science of advanced cell architectures, including perovskites.","The most recent phase is dominated by the critical material science challenges of perovskite PVs, specifically targeting the enhancement of stability, mitigating lead toxicity, and integrating circular economy principles into cell design.",Broad Sustainability -> Material Emergence/Integration -> Lifecycle/Advanced Materials Focus -> Perovskite Commercialization Hurdles,The evolution shows a clear trajectory from macro-level sustainability concerns (2010-2014) to a micro-level focus on perovskite material science and its associated toxicity/stability issues (2024-2025).,aligned,included_noncorporate,direct_pair_with_corporate_above_threshold,corporate_T3_S009,academic__corporate,102,1,14,2010,2025,"[""photovoltaic"", ""photovoltaics"", ""perovskites"", ""pv"", ""perovskite"", ""semiconductor"", ""semiconductors"", ""heterojunction"", ""solar"", ""solardesign""]"
academic_T3::academic_T3_S090,T3,"Sustainable products, services and consumption",academic,academic_T3,academic_T3_S090,52,Ruminant Feed Utilization and GHG Mitigation,90_ruminants_feedstuffs_digestibility_silage,Ruminant Feed Utilization and GHG Mitigation,"The micro-topic tracks the evolution of research into improving ruminant nutrition and sustainability by focusing on feedstuff digestibility, silage quality, and methane mitigation through various feed additives and byproducts.",2000-2009,2013-2017,2018-2022,2023-2025,Early focus on foundational aspects: evaluating the digestibility of processed food waste for swine and experimentally testing silage fermentation characteristics in ruminants.,"A transitional phase showing diversification, initially touching on poultry safety before settling on the utilization of various animal and agricultural byproducts to improve feed quality.","Intense focus on valorizing residues and wastes, specifically investigating phytochemicals like tannins and using microbial/chemical treatments to enhance silage quality and nutrient density.","The most recent phase shows a highly focused, comprehensive approach on practical applications: using targeted supplements (probiotics, extracts) and specific fruit/vegetable byproducts to maximize digestibility and minimize GHG emissions in livestock.",,,aligned,included_noncorporate,direct_pair_with_corporate_above_threshold,corporate_T3_S010,academic__corporate,181,1,14,2000,2025,"[""ruminants"", ""feedstuffs"", ""digestibility"", ""silage"", ""rumen"", ""livestock"", ""ruminal"", ""ruminant"", ""forage"", ""methane""]"
academic_T3::academic_T3_S141,T3,"Sustainable products, services and consumption",academic,academic_T3,academic_T3_S141,76,Socio-Economic and Environmental Sustainability Integration,141_sustentabilidade_ambientais_sostenibilidad_economico,Socio-Economic and Environmental Sustainability Integration,"The micro-topic evolved from early conceptualizations of sustainability management and competitiveness in Argentinean contexts to a highly advanced, multidisciplinary focus on integrating innovation, economic viability, and societal responsibility across various sectors, culminating in a focus on regulatory compliance and broad application.",2007-2010,2012-2015,2017-2021,2022-2025,"Initial phase focused on establishing the concepts of sustainability management, competitiveness, and CSR within Latin American contexts, identifying implementation gaps.","The focus broadened to include the societal assimilation of environmental norms, the strategic link between sustainability and economic viability (lucrativity), and the emergence of sustainability reporting mechanisms.","This phase became highly methodological and technical, emphasizing the role of innovation capacity, governance, and specific frameworks (like value chain management or investment strategies) in achieving socio-ecological sustainability.","The later phase broadened again, shifting towards collaborative efforts (alliances), comprehensive sectorial application (industry, agriculture), and the increasing scrutiny of regulatory compliance and reporting standards.",Conceptualization -> Integration/Viability -> Methodological Advancement -> Broad Application/Compliance,"The evidence shows a clear progression from foundational management concepts to advanced, systemic, and regulatory concerns.",aligned,included_noncorporate,direct_pair_with_corporate_above_threshold,corporate_T3_S000,academic__corporate,110,1,15,2007,2025,"[""sustentabilidade"", ""ambientais"", ""sostenibilidad"", ""economico"", ""capacidade"", ""sustentavel"", ""inovacao"", ""ambiente"", ""responsabilidade"", ""revisao""]"
academic_T3::academic_T3_S135,T3,"Sustainable products, services and consumption",academic,academic_T3,academic_T3_S135,78,Solar and Advanced Drying System Development,143_drying_dehydrator_dehydrators_dryers,Solar and Advanced Drying System Development,"The micro-topic tracks the evolution of drying technology research, moving from initial small-scale biomass integration to advanced thermodynamic modeling, material science enhancements, and the integration of smart/hybrid systems.",2013-2015,2016-2019,2020-2022,2023-2025,"Early focus on practical application, specifically designing and assessing combined solar/biomass dryers and applying initial thermodynamic metrics like exergy.","Focus shifts to experimental validation and process optimization, including dryer configuration enhancements, low-cost solutions, and detailed parameter evaluation (moisture, efficiency).","Deep dive into physico-chemical mechanisms and advanced sustainability assessment, utilizing concepts like nutrient preservation, optical properties, and rigorous exergy analysis.","Modernization and optimization phase, characterized by integrating advanced technologies (IoT, nanomaterials, PCMs) and comprehensive performance analysis (4E+Q) across various dryer types.",,,aligned,included_noncorporate,direct_pair_with_corporate_above_threshold,corporate_T3_S009,academic__corporate,108,1,11,2013,2025,"[""drying"", ""dehydrator"", ""dehydrators"", ""dryers"", ""dryer"", ""solar"", ""moisture"", ""convection"", ""dried"", ""convective""]"
academic_T3::academic_T3_S142,T3,"Sustainable products, services and consumption",academic,academic_T3,academic_T3_S142,77,Sustainable Acoustic Composites Development,142_soundproofing_acoustics_acoustical_composites,Sustainable Acoustic Composites Development,The research trajectory shows a clear evolution from early explorations of specialized absorption mechanisms to a mature focus on developing and validating high-performance composites derived from diverse agricultural and textile waste streams for soundproofing and insulation.,2006-2011,2014-2018,2019-2022,2023-2025,"Early focus on mechanism and initial sustainable material substitution, specifically looking at microperforated structures and bamboo.","Diversification into specific waste streams like rice hulls (ceramics), Kenaf, and cellulose/rubber, focusing on material innovation within construction contexts.","Intensification of bio-based material testing, comparing natural fibers (chicken feathers, jute, etc.) against benchmarks and exploring multilayer biocomposites.","High-volume focus on validation and optimization, heavily utilizing agricultural residues (bagasse, rice straw, coir) and textile waste to create high-performing, quantified soundproofing composites.",,,aligned,included_noncorporate,direct_pair_with_corporate_above_threshold,corporate_T3_S010,academic__corporate,108,1,13,2006,2025,"[""soundproofing"", ""acoustics"", ""acoustical"", ""composites"", ""insulation"", ""absorbers"", ""aeroacoustics"", ""coir"", ""bagasse"", ""jute""]"
academic_T3::academic_T3_PG07,T3,"Sustainable products, services and consumption",academic,academic_T3,academic_T3_PG07,9,Sustainable Catalysis and Green Chemistry Evolution,9_nanocatalysts_iupac_catalysts_chemicals,Sustainable Catalysis and Green Chemistry Evolution,"The micro-topic traces the evolution of sustainable chemical processes, moving from broad conceptualizations of green chemistry and CO2 utilization to highly specific applications involving advanced nanocatalysts, electrocatalysis, and green synthesis methods using biological entities.",2000-2004,2005-2009,2010-2018,2019-2025,"Initial phase focused on establishing the conceptual framework of green chemistry, sustainability, and the utilization of supercritical fluids and CO2 in chemical processes.","Transition into practical application, focusing on developing sustainable catalytic methodologies, exploring alternative reaction media, and beginning to address the hazards associated with chemical processes.","Maturation of the field, characterized by a strong emphasis on process optimization, including microreactors, electrochemistry, and lifecycle assessment, while maintaining a focus on benign chemical design.","Advanced specialization, heavily emphasizing the role of nanocatalysts, photocatalysis, and the integration of green synthesis using biological entities (like algae) into sustainable chemical production.",Conceptualization -> Application/Hazard Mitigation -> Process Optimization/Advanced Methods -> Material Specialization (Nanocatalysis/Bio-synthesis),The evidence shows a clear progression from broad sustainability concerns (2000-2004) to the detailed focus on advanced materials and synthesis techniques (2019-2025).,aligned,included_noncorporate,direct_pair_with_corporate_above_threshold,corporate_T3_S010,academic__corporate,1272,4,26,2000,2025,"[""nanocatalysts"", ""iupac"", ""catalysts"", ""chemicals"", ""catalysis"", ""solvents"", ""syntheses"", ""photocatalysts"", ""chemical"", ""chemists""]"
academic_T3::academic_T3_S124,T3,"Sustainable products, services and consumption",academic,academic_T3,academic_T3_S124,68,Sustainable Inventory Optimization under Uncertainty,124_perishability_eoq_optimization_backordering,Sustainable Inventory Optimization under Uncertainty,"The micro-topic evolved from an initial focus on integrating environmental constraints into logistics design, through various stages of multi-objective modeling and uncertainty handling, to a final, strong convergence on integrating perishability, shortage management (backordering), and EOQ within comprehensive sustainable supply chain optimization frameworks.",2009-2013,2015-2018,2019-2022,2023-2025,"Early focus on integrating environmental constraints (like emissions and logistics costs) into supply chain design and optimization models, often within a broader logistics context.","Shift towards applying advanced mathematical modeling (multiobjective, processability) to inventory and production systems, increasingly incorporating sustainability and uncertainty.","Intense focus on network design and multi-objective optimization across economic, environmental, and social dimensions, with less direct emphasis on the core inventory concepts.","Strong convergence on the core topic: explicitly integrating perishability, shortage management (backordering), and EOQ within the context of sustainable supply chain optimization using advanced algorithms.",,,aligned,included_noncorporate,direct_pair_with_corporate_above_threshold,corporate_T3_S002,academic__corporate,125,1,14,2009,2025,"[""perishability"", ""eoq"", ""optimization"", ""backordering"", ""shortage"", ""metaheuristic"", ""shortages"", ""retailer"", ""backorder"", ""replenishment""]"
academic_T3::academic_T3_PG34,T3,"Sustainable products, services and consumption",academic,academic_T3,academic_T3_PG34,73,Sustainable Leadership and Resource Orientation,73_leadership_organisational_leader_ressourcenorientierten,Sustainable Leadership and Resource Orientation,"The micro-topic tracks the evolution of leadership concepts through the lens of sustainability, moving from early theoretical applications to highly focused conceptualizations of resource-oriented and responsible leadership frameworks.",2000-2003,2007-2013,2014-2018,2019-2025,"Early focus on applying leadership theory to specific sustainability challenges, including pluralism and CSR integration within organizational contexts.","A transitional period where the focus broadened from pure leadership to include technical standards, entrepreneurial drive, and the establishment of core sustainable leadership principles.","Deepening the theoretical examination of sustainable leadership, focusing on stakeholder perspectives, organizational culture, and the necessity of developing robust leadership competencies.","The most mature phase, characterized by a strong emphasis on resource-oriented perspectives, governance, and the integration of responsible leadership into corporate sustainability outcomes like ESG.",,,aligned,included_noncorporate,direct_pair_with_corporate_above_threshold,corporate_T3_S009,academic__corporate,420,4,18,2000,2025,"[""leadership"", ""organisational"", ""leader"", ""ressourcenorientierten"", ""followership"", ""leaders"", ""transformational"", ""ressourcenabhängiges"", ""empowerment"", ""ceo""]"
academic_T3::academic_T3_S189,T3,"Sustainable products, services and consumption",academic,academic_T3,academic_T3_S189,97,Sustainable Leather Processing and Alternatives,189_leather_tanneries_tannery_leathers,Sustainable Leather Processing and Alternatives,"The micro-topic tracks the evolution of sustainable practices within the leather and tannery industries, moving from early process innovations like biodiesel production to a strong focus on bio-based material substitution, chromium mitigation, and circular economy solutions.",2012,2016-2018,2019-2022,2023-2025,"Initial focus on utilizing tanning industry waste streams for energy generation, specifically detailing biodiesel production via transesterification.","A phase dedicated to refining chemical tanning processes, focusing on the performance of specific, greener chemical agents (like carbonates and butanol) and applying nanocomposites to mitigate chromium pollution in hides.","A significant shift towards material science, heavily investigating sustainable alternatives like bacterial cellulose and other biomaterials, alongside efforts to reduce chromium content in effluents using advanced characterization techniques.","The most recent phase emphasizes a comprehensive circular economy approach, focusing on waste valorization, bio-leather substitutes (like cactus leather), and advanced green finishing/enzymatic tanning methods while maintaining scrutiny on chromium use.",Process Optimization -> Chemical Mitigation -> Material Substitution -> Circular Economy Integration,"The progression shows a clear trajectory from energy recovery (2012) to chemical process refinement (2016-2018), followed by a major pivot towards bio-based material science (2019-2022), culminating in a broad focus on circularity and advanced green chemistry (2023-2025).",aligned,included_noncorporate,direct_pair_with_corporate_above_threshold,corporate_T3_S009,academic__corporate,70,1,11,2012,2025,"[""leather"", ""tanneries"", ""tannery"", ""leathers"", ""tanning"", ""tannins"", ""tannin"", ""sheepskin"", ""chromium"", ""effluents""]"
academic_T3::academic_T3_S091,T3,"Sustainable products, services and consumption",academic,academic_T3,academic_T3_S091,53,Sustainable Lighting Evolution: From Natural Light to Smart Systems,91_lighting_leds_led_fluorescent,Sustainable Lighting Evolution: From Natural Light to Smart Systems,"The micro-topic tracks the evolution of lighting research from an early focus on integrating natural daylight into architecture for energy efficiency, through periods of intense focus on specific technologies (LEDs, fluorescents), to a modern emphasis on holistic human perception, sustainability frameworks, and smart system integration in urban and built environments.",2000-2007,2008-2013,2014-2018,2019-2025,Early focus on daylighting integration in architecture for energy efficiency and sustainability.,Transition period marked by intense focus on specific lighting technologies (LEDs vs. fluorescents) and applying sustainability frameworks to industrial and building retrofits.,"Broadening scope to include lifecycle assessments, user perception studies, and the integration of lighting into multi-domain sustainability assessments (e.g., infrastructure, tourism).","Modern focus on complex socio-technical issues: balancing human ambiance/perception against technical metrics, driven by advanced concepts like ecosystem lighting, smart systems, and global policy alignment (SDGs).",,,aligned,included_noncorporate,direct_pair_with_corporate_above_threshold,corporate_T3_S002,academic__corporate,179,1,20,2000,2025,"[""lighting"", ""leds"", ""led"", ""fluorescent"", ""incandescent"", ""cfls"", ""illuminance"", ""bulbs"", ""daylighting"", ""illuminating""]"
academic_T3::academic_T3_PG24,T3,"Sustainable products, services and consumption",academic,academic_T3,academic_T3_PG24,37,Sustainable Logistics and Warehousing Evolution,37_logistics_warehousing_logistic_3pl,Sustainable Logistics and Warehousing Evolution,"The micro-topic evolved from early case studies on urban logistics and policy constraints to a highly focused, sustained investigation into integrating comprehensive sustainability and green technologies across the entire logistics chain, including warehousing and maritime transport, with a strong emphasis on policy frameworks.",2005-2008,2009-2016,2017-2021,2022-2025,"Initial phase characterized by foundational explorations into urban logistics optimization, reverse logistics monitoring, and the constraints imposed by transport policies and production strategies.","A transitional period marked by a growing focus on environmental impact assessment, the role of 3PLs in sustainability commitments, and the integration of CSR into logistics operations, alongside early attention to maritime aspects.","Intensification of the focus on sustainability within core logistics functions, specifically targeting warehousing, delivery concepts (like crowd logistics), and the environmental footprint of logistics providers and ports.","The most recent phase is characterized by a mature, high-volume focus on the systemic integration of 'green' technologies and sustainable paradigms across logistics, warehousing, and port management, often framed within major policy drivers like the EU Green Deal.","Linear progression from problem identification (policy/urban constraints) to solution implementation (sustainability integration), with increasing thematic density and scope.","The evidence shows a clear trajectory from broad operational/policy concerns to a deep, sustained focus on quantifiable environmental integration across all logistics domains.",aligned,included_noncorporate,direct_pair_with_corporate_above_threshold,corporate_T3_S000,academic__corporate,542,3,20,2005,2025,"[""logistics"", ""warehousing"", ""logistic"", ""3pl"", ""3pls"", ""logistik"", ""logispreneurship"", ""freight"", ""cargo"", ""emissions""]"
academic_T3::academic_T3_S108,T3,"Sustainable products, services and consumption",academic,academic_T3,academic_T3_S108,60,Sustainable Machining Fluids and Process Optimization,108_machining_machinability_lubrication_lubricity,Sustainable Machining Fluids and Process Optimization,"The micro-topic evolved from early considerations of sustainability in machining processes to a highly focused investigation on the role of advanced lubrication and cooling technologies, such as nanofluids and biodegradable coolants, in achieving green machining goals.",2010-2012,2014-2018,2019-2022,2023-2025,"Initial focus on applying sustainability metrics to machining processes, including evaluating machinability and process optimization in various materials and contexts.","Broadening the scope to include multi-objective optimization, energy efficiency, and specific process challenges like tool wear and the emergence of biomachining.","Intensification on sustainability within specific machining techniques (like EDM) and a strong focus on the trade-offs between process parameters, machinability, and environmental impact.","Narrowing the focus significantly onto advanced lubrication and cooling solutions, emphasizing biodegradable coolants, nanofluids, and their direct contribution to green machining practices.",,,aligned,included_noncorporate,direct_pair_with_corporate_above_threshold,corporate_T3_S009,academic__corporate,144,1,14,2010,2025,"[""machining"", ""machinability"", ""lubrication"", ""lubricity"", ""lubricating"", ""metalworking"", ""lubricant"", ""milling"", ""coolants"", ""manufacturing""]"
academic_T3::academic_T3_S000,T3,"Sustainable products, services and consumption",academic,academic_T3,academic_T3_S000,0,Sustainable Transport Evolution,0_mobility_micromobility_electromobility_transport,Sustainable Transport Evolution,"The micro-topic traces the evolution of sustainable transport discourse from early policy/decoupling discussions to a heavy focus on technological adoption, particularly electromobility and micromobility, driven by behavioral science and environmental impact assessment.",2000-2004,2005-2011,2012-2018,2019-2025,"Initial phase focused on establishing the theoretical and policy groundwork for sustainable transport, emphasizing decoupling from economic activity, urban sprawl, and the need for policy frameworks.","This phase transitioned into methodological refinement, focusing on quantifying sustainability through indicators, addressing externalities, and critically examining automobile dependence versus alternative modes like intermodalism and active transport.","The focus broadened to include specific technological assessments (e.g., PHEVs, EVs lifecycle assessment) and the integration of socio-economic factors like livability and health into transport planning, alongside policy implementation.","The most recent phase is dominated by the practical implementation and adoption challenges of advanced sustainable technologies, specifically focusing on ridership, carsharing, and the consumer behavior driving the shift towards EVs and micromobility.",Conceptual Foundation -> Methodological Refinement -> Technological Integration -> Behavioral Adoption,The progression shows a clear shift from macro-level policy debates (2000s) to micro-level technology and user behavior analysis (2020s).,aligned,included_noncorporate,direct_pair_with_corporate_above_threshold,corporate_T3_S000,academic__corporate,2516,1,26,2000,2025,"[""mobility"", ""micromobility"", ""electromobility"", ""transport"", ""walkability"", ""transportation"", ""commuting"", ""commuter"", ""transit"", ""emissions""]"
academic_T3::academic_T3_PG17,T3,"Sustainable products, services and consumption",academic,academic_T3,academic_T3_PG17,33,Sustainable and Eco-Entrepreneurship Evolution,33_sustainopreneurship_ecopreneurship_sustainopreneurs_ecopreneurs,Sustainable and Eco-Entrepreneurship Evolution,"The micro-topic evolved from early, highly technical applications in manufacturing and design to a broad, multi-faceted examination of sustainable entrepreneurship across business models, educational frameworks, and global ecosystems.",2000-2002,2003-2007,2008-2014,2015-2025,"Initial focus was highly technical, centered on applying sustainability concepts to industrial processes (manufacturing, LCA) and early definitions of ecopreneurship within business contexts.","The focus broadened into the academic realm, heavily involving the integration of sustainability concepts into higher education curricula and theoretical examinations of socio-economic shifts.","This phase saw a maturation into developing comprehensive frameworks, applying methodologies (like LCA/QFD) to product lifecycles, and defining sustainopreneurship as a mechanism for solving global problems.","The topic became highly expansive, integrating concepts like intrapreneurship, ecosystem dynamics, social impact, and advanced technologies (AI, blockchain) into the core of sustainable entrepreneurship.",Technical Application -> Academic Integration -> Framework Development -> Ecosystemic & Technological Integration,"The evidence shows a clear progression from narrow technical/design concerns (2000-2004) to a broad, systemic view encompassing education, global challenges, and advanced business models (2015-2025).",aligned,included_noncorporate,direct_pair_with_corporate_above_threshold,corporate_T3_S009,academic__corporate,1179,8,26,2000,2025,"[""sustainopreneurship"", ""ecopreneurship"", ""sustainopreneurs"", ""ecopreneurs"", ""entrepreneurship"", ""technopreneurship"", ""intrapreneurism"", ""entrepreneurial"", ""preneurship"", ""entrepreneurs""]"
academic_T3::academic_T3_PG13,T3,"Sustainable products, services and consumption",academic,academic_T3,academic_T3_PG13,17,Transdisciplinary Design for Sustainable Systems,17_hci_transdisciplinary_designing_interdisciplinary,Transdisciplinary Design for Sustainable Systems,"The micro-topic traces the evolution of applying interdisciplinary and transdisciplinary design methodologies to address complex sustainability challenges across educational and practical contexts, moving from early educational dialogues to advanced iterative design systems.",2000-2003,2004-2009,2010-2014,2015-2025,Early focus on the necessity of interdisciplinary and participatory dialogues within tertiary education to address sustainable development challenges.,"Shift towards embedding sustainability into curricula and practice, emphasizing critical perspectives, ecodesign, and evolving design paradigms to meet globalization pressures.","Consolidation around the role of the designer in sustainability, focusing on critical design practice, participatory methods, and developing design literacy for complex societal issues.","Maturation into advanced transdisciplinary frameworks, emphasizing iterative design processes, foresight, and the application of design systems to societal and ecological transformation.",,,aligned,included_noncorporate,manual_override_from_excluded_review,corporate_T3_S009,,1472,7,26,2000,2025,"[""hci"", ""transdisciplinary"", ""designing"", ""interdisciplinary"", ""foresight"", ""designtech"", ""designers"", ""participatory"", ""designer"", ""contexts""]"
academic_T3::academic_T3_PG12,T3,"Sustainable products, services and consumption",academic,academic_T3,academic_T3_PG12,16,"Urban Form, Livability, and Sustainable Development Trajectories",16_urbanism_livability_megacities_liveability,"Urban Form, Livability, and Sustainable Development Trajectories","The micro-topic tracks the evolution of sustainable urbanism, moving from early critiques of market-driven sprawl and social cohesion issues to a highly integrated focus on megacity livability, smart technologies, and policy implementation across various global contexts.",2000-2004,2005-2009,2010-2017,2018-2025,"Early focus on foundational concepts: examining social sustainability, diversity, and the critique of market forces leading to unsustainable sprawl and settlement patterns.","Shift towards defining and applying sustainable development frameworks, addressing infrastructure deficits, and analyzing global urbanization trends, including socio-ecological integration.","Deep dive into implementation challenges: focusing on neighborhood design, land use patterns, and the tension between theoretical sustainability goals and on-the-ground realities in various urban contexts.","Maturation into policy and technology: heavy emphasis on megacities, smart city frameworks, policy recommendations, and the measurable aspects of livability and infrastructure acceptance.",Conceptualization -> Framework Application -> Implementation Critique -> Policy/Technology Integration,"The progression shows a clear movement from broad theoretical concerns (2000s) to highly specific, technology-driven, and policy-oriented assessments of megacities (2010s-2020s).",aligned,included_noncorporate,direct_pair_with_corporate_above_threshold,corporate_T3_S000,academic__corporate,1339,5,26,2000,2025,"[""urbanism"", ""livability"", ""megacities"", ""liveability"", ""sprawl"", ""suburbia"", ""urbanisation"", ""neighbourhoods"", ""neighbourhood"", ""suburbs""]"
academic_T3::academic_T3_PG31,T3,"Sustainable products, services and consumption",academic,academic_T3,academic_T3_PG31,103,Adaptive Reuse and Sustainable Heritage Transformation,103_reuse_preservation_redevelopment_repurposing,Adaptive Reuse and Sustainable Heritage Transformation,"The micro-topic tracks the evolution of sustainable strategies for existing buildings, moving from early focuses on residential green building and adaptive reuse viability to increasingly complex, multi-faceted analyses encompassing architectural design, socio-economic integration, methodological frameworks, and participatory processes.",2006-2007,2008-2013,2014-2018,2019-2025,"Initial phase focused on foundational concepts, primarily addressing sustainable practices in residential construction and the initial viability assessment of adaptive reuse for commercial buildings.","A period of methodological development, where the focus solidified on applying multi-criteria models, evaluation frameworks, and technical solutions to assess the sustainability of repurposing and refurbishing historical and existing structures.","The discourse broadened to integrate socio-economic and environmental dimensions more deeply, emphasizing the challenges of making existing buildings sustainable while balancing architectural integrity with contemporary functional needs.","The most recent phase shows a high degree of integration, focusing heavily on the strategic application of adaptive reuse across various contexts (urban, social housing), utilizing advanced analytical models (like ARP), and emphasizing participatory and social sustainability outcomes.",Conceptualization -> Methodological Refinement -> Socio-Environmental Integration -> Strategic Application & Social Embedding,"The progression shows a clear shift from technical/feasibility checks (early years) to complex, integrated socio-technical frameworks (later years).",excluded,included_noncorporate,direct_pair_with_corporate_above_threshold,corporate_T3_S009,academic__corporate,115,2,20,2006,2025,"[""reuse"", ""preservation"", ""redevelopment"", ""repurposing"", ""architectural"", ""shophouses"", ""heritage"", ""buildings"", ""preservationists"", ""historic""]"
academic_T3::academic_T3_S161,T3,"Sustainable products, services and consumption",academic,academic_T3,academic_T3_S161,87,Agribusiness Development and Rural Economic Empowerment through Local Food Processing,161_tamarind_cassava_coconut_tempeh,Agribusiness Development and Rural Economic Empowerment through Local Food Processing,"The micro-topic evolved from an initial focus on participatory tamarind processing guidelines to a broader engagement with agribusiness sustainability, followed by a shift towards process improvement, capacity building, and finally settling on a strong emphasis on community empowerment and economic commercialization of local products.",2014,2018-2020,2021-2023,2024-2025,"Initial focus on participatory action research concerning tamarind product quality, branding, and market positioning within community enterprises.","The focus broadened to include local food processing entrepreneurship, agribusiness sustainability models, and the implementation of participatory pilots for product development.","The theme intensified on enhancing the sustainability of local production through process improvement (GMP/HACCP), business development, and supporting SMEs and cooperatives.","The final phase cemented the focus on community empowerment and economic development, driven by service programs (PKM) aimed at improving the value chains and financial management of rural producers.","Broadening and Deepening: From specific product guidelines (tamarind) to general agribusiness sustainability, then to process/systemic improvement, and finally to targeted community economic empowerment.","The evolution shows a clear trajectory from initial product focus (2014) through methodological application (2018-2020), systemic improvement (2021-2023), to a strong socio-economic outcome focus (2024-2025).",excluded,included_noncorporate,direct_pair_with_corporate_above_threshold,corporate_T3_S009,academic__corporate,94,1,8,2014,2025,"[""tamarind"", ""cassava"", ""coconut"", ""tempeh"", ""pkm"", ""mangrove"", ""maluku"", ""moringa"", ""processed"", ""pedesaan""]"
academic_T3::academic_T3_S119,T3,"Sustainable products, services and consumption",academic,academic_T3,academic_T3_S119,65,Bamboo Structural Material Development and Application,119_bamboo_bamboos_structures_timber,Bamboo Structural Material Development and Application,"The micro-topic tracks the evolution of bamboo from a localized, socio-economic resource in developing nations to a highly engineered, scientifically validated structural and composite material competing with traditional timber and concrete.",2003-2007,2008-2014,2015-2021,2022-2025,"Early focus on the socio-economic potential and initial utilization challenges of bamboo in specific developing contexts (Ecuador, Nepal), with limited focus on advanced structural science.","Shift towards technical validation, comparing bamboo's mechanical properties against wood and concrete, and addressing its use in standardized building contexts (e.g., seismic codes in Colombia).","Intensive focus on material science advancements, including integrating bamboo into composites (concrete, fibers), biomechanical modeling, and improving constructability through connection design.","Maturation into advanced engineering applications, focusing on enhancing structural integrity via laminates and composites (FRBC), utilizing simulation (FEA), and exploring waste utilization for thermal performance.",,,excluded,included_noncorporate,direct_pair_with_corporate_above_threshold,corporate_T3_S009,academic__corporate,132,1,16,2003,2025,"[""bamboo"", ""bamboos"", ""structures"", ""timber"", ""structural"", ""lumber"", ""wood"", ""concrete"", ""durability"", ""building""]"
academic_T3::academic_T3_PG02,T3,"Sustainable products, services and consumption",academic,academic_T3,academic_T3_PG02,3,Biofertilizer and Sustainable Nutrient Input Evolution,3_biofertilizer_biofertilizers_fertilisers_fertilizers,Biofertilizer and Sustainable Nutrient Input Evolution,"The micro-topic traces the evolution of research on biofertilizers from early agronomic studies on residue management to a highly integrated, strategic focus on nutrient cycling, biostimulants, and advanced microbial inputs.",2000-2003,2004-2009,2010-2017,2018-2025,"Initial phase focused on foundational agronomic experiments, specifically examining the influence of residue management and the integration of organic inputs with mineral nutrients on crop yields.","The focus broadened to the practical creation and application of biofertilizers, emphasizing nutrient recycling from agricultural byproducts (composting, humic acid) and testing these inputs against conventional methods.","This phase saw a diversification into specific input types—such as vermicompost, biodigestor effluent, and biostimulants—and a growing concern with strategic issues like phosphorus stewardship and environmental impact.","The most recent phase is characterized by high integration, focusing heavily on advanced formulations (biostimulants, biochar, microbial inoculants, PGPR) and applying these inputs to enhance crop resilience and nutrient uptake efficiency across various crops.",Foundational Agronomy -> Input Production & Testing -> Input Diversification & Strategic Concerns -> Advanced Formulation & Resilience Enhancement,The progression shows a clear shift from simply applying residues (2000s) to optimizing complex biological agents and addressing global nutrient cycles (2020s).,excluded,included_noncorporate,direct_pair_with_corporate_above_threshold,corporate_T3_S009,academic__corporate,1965,4,25,2000,2025,"[""biofertilizer"", ""biofertilizers"", ""fertilisers"", ""fertilizers"", ""fertilizer"", ""biochar"", ""vermicompost"", ""nutrient"", ""nutrients"", ""crops""]"
academic_T3::academic_T3_S106,T3,"Sustainable products, services and consumption",academic,academic_T3,academic_T3_S106,58,E-waste Management Lifecycle and Socio-Economic Context,106_weee_recyclers_ewaste_recycling,E-waste Management Lifecycle and Socio-Economic Context,"The micro-topic tracks the evolution of e-waste management discourse from early directive implementation challenges to a focus on global sustainability frameworks, with a persistent thread on the realities of recycling in developing economies.",2006-2010,2012-2017,2018-2021,2022-2025,"Initial focus on the technical and regulatory implementation challenges of directives like RoHS and WEEE, quickly broadening to the scale and inherent hazards of e-waste generation.","A critical phase examining the socio-economic realities of e-waste flows, contrasting formal regulatory frameworks (EPR) with the hazardous conditions of informal recycling in developing economies, alongside early macro-economic modeling.","The discourse matures into a sustainability and systemic integration lens, linking e-waste management to broader goals like SDGs, developing inventory systems, and critically assessing the role of consumerism and informal labor.","The focus becomes highly prescriptive and critical, concentrating on refining global strategies, critiquing existing policy deficiencies (especially EPR), and intensely scrutinizing disposal practices and consumer attitudes within the context of developing nations.",Regulatory Implementation -> Socio-Economic Reality Check -> Systemic Integration & Sustainability Linkage -> Policy Critique & Contextual Deep Dive,"The progression shows a clear shift from compliance documentation (2006) to global systemic critique (2023/2025), while the focus on developing economies remains a constant undercurrent throughout the timeline.",excluded,included_noncorporate,direct_pair_with_corporate_above_threshold,corporate_T3_S006,academic__corporate,146,1,16,2006,2025,"[""weee"", ""recyclers"", ""ewaste"", ""recycling"", ""eee"", ""electronic"", ""epr"", ""obsolescence"", ""electronics"", ""recycle""]"
academic_T3::academic_T3_S126,T3,"Sustainable products, services and consumption",academic,academic_T3,academic_T3_S126,70,Evolution of Event Sustainability Focus,126_organisers_gatherings_attendees_organizers,Evolution of Event Sustainability Focus,"The micro-topic tracks the evolution of research concerning the roles of organizers and attendees in large gatherings, with a dominant, sustained shift towards integrating sustainability principles across various event types (conferences, festivals, conventions) over two decades.",2004-2008,2011-2018,2019-2022,2023-2025,Early focus on the dual role of mega events: balancing economic/regenerative benefits against initial concerns regarding ecosystem impact and the need for institutionalizing event structures.,"A sustained period dedicated to applying sustainability principles, moving from general management principles (greening) to specific frameworks, stakeholder identification, and early integration of environmental concerns into event design.","Increased methodological rigor, focusing on applying structured methodologies (like Delphi/AHP) and defining comprehensive frameworks for sustainable conventions and exhibitions, while also considering venue constraints.","The focus matures into highly technical and socio-psychological dimensions, emphasizing quantitative assessment (carbon neutrality, GHG) and the influence of attendee collective identity and social structures on sustainable outcomes.",Conceptualization -> Application -> Methodological Refinement -> Socio-Technical Deep Dive,"The topic consistently maintained the core elements (organizers, gatherings, attendees) but the interpretive lens shifted dramatically from economic/regenerative concerns (early years) to an overwhelming focus on sustainability frameworks and measurement (later years).",excluded,included_noncorporate,direct_pair_with_corporate_above_threshold,corporate_T3_S000,academic__corporate,124,1,17,2004,2025,"[""organisers"", ""gatherings"", ""attendees"", ""organizers"", ""festivals"", ""festivalgoers"", ""conferences"", ""goers"", ""festival"", ""promoters""]"
academic_T3::academic_T3_S176,T3,"Sustainable products, services and consumption",academic,academic_T3,academic_T3_S176,91,Evolution of Family Firm Sustainability and Succession,176_intergenerational_entrepreneurship_enterprising_purposefamily,Evolution of Family Firm Sustainability and Succession,"The micro-topic traces the evolution of research on family firms, moving from early theoretical considerations of longevity and stewardship to increasingly complex examinations of succession mechanisms, global pressures, and strategic sustainability adoption across generations.",2010-2012,2017-2019,2020-2022,2023-2025,"Initial focus on the theoretical underpinnings of family firm survival, emphasizing stewardship, longevity, and the challenges of generational transition in specific contexts like Estonia.","A shift towards framing family businesses within the context of sustainable entrepreneurship, incorporating systemic frameworks, and examining the role of organizational ecology and family involvement in multi-generational continuity.","The research trajectory becomes more methodological, focusing on the state of the literature (bibliometrics), the tension between global and local influences, and applying quantitative methods to succession and sustainability challenges.","The most recent phase concentrates on strategic implementation, focusing on corporate sustainability performance, intrapreneurship, and the critical role of succession planning and legacy management in ensuring long-term viability.",Theoretical Foundation -> Contextual Integration -> Methodological Deep Dive -> Strategic Implementation,"The progression shows a clear movement from broad theoretical concerns (longevity) to specific strategic and methodological applications (sustainability adoption, intrapreneurship, succession readiness).",excluded,included_noncorporate,direct_pair_with_corporate_above_threshold,corporate_T3_S000,academic__corporate,79,1,11,2010,2025,"[""intergenerational"", ""entrepreneurship"", ""enterprising"", ""purposefamily"", ""implicationsfamily"", ""succession"", ""entrepreneurial"", ""entrepreneuring"", ""legacy"", ""firms""]"
academic_T3::academic_T3_S050,T3,"Sustainable products, services and consumption",academic,academic_T3,academic_T3_S050,32,Evolution of Green IT Adoption: From Principles to Cloud Infrastructure,50_virtualization_cloud_gcp_greener,Evolution of Green IT Adoption: From Principles to Cloud Infrastructure,The micro-topic evolved from early theoretical discussions on IT investment and sustainability principles to a strong focus on the technical implementation and strategic adoption of virtualization and cloud computing for achieving greener IT outcomes.,2004-2008,2009-2015,2016-2021,2022-2025,"Early conceptualization, linking IT infrastructure investment and IS principles to broader sustainability and ecological concerns.","Focus shifted to organizational adoption, maturity models, and the role of IT governance in driving Green IT practices.","Intense focus on the technical intersection of virtualization and cloud computing, examining energy efficiency and adoption barriers across various contexts.","Maturation into practical implementation, specifically analyzing cloud service models (IaaS/PaaS/SaaS) and integrating renewable energy sources into cloud infrastructure design.",,,excluded,included_noncorporate,direct_pair_with_corporate_above_threshold,corporate_T3_S009,academic__corporate,323,1,20,2004,2025,"[""virtualization"", ""cloud"", ""gcp"", ""greener"", ""computing"", ""greening"", ""cooling"", ""ict"", ""sap"", ""clouds""]"
academic_T3::academic_T3_S193,T3,"Sustainable products, services and consumption",academic,academic_T3,academic_T3_S193,99,Evolution of Menstrual Product Sustainability Discourse,193_tampons_menstruators_biodegradability_menstruation,Evolution of Menstrual Product Sustainability Discourse,"The discourse evolved from initial focus on product preference and humanitarian response to a deep dive into market dynamics, social taboos, and finally, a strong emphasis on the environmental impact and adoption of biodegradable and sustainable menstrual alternatives.",2018-2019,2020-2021,2022-2023,2024-2025,"Early focus on sanitary product preference, humanitarian response, and the comparison between disposable and reusable options in various settings.","Shift towards examining the interplay between social constraints (taboos, patriarchal structures) and the promotion of sustainable/biodegradable menstrual hygiene solutions.",Broadening the scope to include the environmental burden of menstrual products and the role of policy and education in promoting sustainable alternatives.,"Intense focus on the environmental impact, biodegradability of tampons, and empirical investigation into the adoption barriers of sustainable alternatives like menstrual cups.",,,excluded,included_noncorporate,direct_pair_with_corporate_above_threshold,corporate_T3_S009,academic__corporate,68,1,8,2018,2025,"[""tampons"", ""menstruators"", ""biodegradability"", ""menstruation"", ""biodegradable"", ""absorbency"", ""menstruating"", ""sanitary"", ""continence"", ""menstrual""]"
academic_T3::academic_T3_S034,T3,"Sustainable products, services and consumption",academic,academic_T3,academic_T3_S034,24,Evolution of Smallholder Coffee Sustainability Models,34_fairtrade_smallholders_agroforestry_coffeeshops,Evolution of Smallholder Coffee Sustainability Models,"The micro-topic traces the evolution of sustainability discourse in coffee from early crisis identification to the detailed modeling of integrated, certified, and agroforestry-based business models.",2003-2008,2009-2014,2015-2021,2022-2025,"Initial focus on the structural crises of coffee production, encompassing economic downturns, climatic threats, and the need for broader market and livelihood interventions.","Shift towards analyzing production systems, market integration, and the role of specific mechanisms like Fair Trade and cooperatives in addressing sustainability challenges.","Deep dive into the socio-economic impacts of sustainability standards, focusing on livelihood outcomes, biodiversity, and the tension between market forces and smallholder realities.","Maturation into highly specific, integrated models, emphasizing the empirical evaluation of agroforestry systems, advanced business models, and the role of certification in contemporary agribusiness.",Crisis Identification -> Mechanism Analysis -> Socio-Economic Impact Assessment -> Integrated Model Validation,"The progression moves from broad systemic problems (crisis/markets) to specific solutions (Fair Trade/cooperatives) to complex, integrated systems (agroforestry/business models).",excluded,included_noncorporate,direct_pair_with_corporate_above_threshold,corporate_T3_S009,academic__corporate,459,1,22,2003,2025,"[""fairtrade"", ""smallholders"", ""agroforestry"", ""coffeeshops"", ""smallholder"", ""livelihoods"", ""coffees"", ""plantations"", ""rainforest"", ""coffee""]"
academic_T3::academic_T3_S071,T3,"Sustainable products, services and consumption",academic,academic_T3,academic_T3_S071,40,Evolution of Sustainability Discourse in Global Sports,71_uefa_sporting_fifa_sportivate,Evolution of Sustainability Discourse in Global Sports,"The micro-topic tracks the evolution of sustainability discourse within major global sports bodies (IOC, UEFA, FIFA) and the broader sports ecosystem, moving from initial environmental impact assessments to integrated business models and technological solutions.",2006-2013,2014-2018,2019-2022,2023-2025,Early focus on the negative environmental footprint of major sporting events (Olympics) and the role of organizations in adopting sustainability frameworks.,"Shift towards integrating sustainability into broader sports contexts, including experiential quality, business models, and participant behavior.","Increased focus on the implementation and institutional commitment of sustainability across various sports levels, including federations and participant engagement.","Maturation into a highly technical and strategic phase, focusing on deep integration into infrastructure, club operations, and advanced technological management systems.",Linear progression from problem identification to systemic integration.,"The progression shows a clear thematic deepening, moving from broad environmental critique to specific institutional and technological solutions.",excluded,included_noncorporate,direct_pair_with_corporate_above_threshold,corporate_T3_S000,academic__corporate,239,1,18,2006,2025,"[""uefa"", ""sporting"", ""fifa"", ""sportivate"", ""deporte"", ""athletes"", ""ioc"", ""sport"", ""athletic"", ""athlete""]"
academic_T3::academic_T3_S057,T3,"Sustainable products, services and consumption",academic,academic_T3,academic_T3_S057,36,Evolution of Sustainability and Market Strategy in Viticulture,57_winegrowing_viticulture_winegrowers_vitiviniculture,Evolution of Sustainability and Market Strategy in Viticulture,"The micro-topic tracks the evolution of sustainability concerns, market positioning, and technical practices within the wine industry, moving from early market orientation to deep dives into LCA, resilience, and digital integration.",2000-2008,2009-2016,2017-2022,2023-2025,"Initial focus on strategic market orientation, investment needs, and industry competitiveness across different geographies.","A strong shift towards integrating sustainability into production processes, driven by environmental concerns, adoption of specific practices (organic, biodynamic), and the application of environmental assessment tools like LCA.","Focus solidifies on resilience, long-term sustainability frameworks, and the intersection of environmental performance with market challenges and firm characteristics.","The trajectory becomes highly focused on the interplay between sustainability adoption, business growth, management capabilities, and modern market dynamics, including digital transformation and regional specificity.",Market Strategy -> Process Sustainability -> Resilience & Frameworks -> Business Integration & Modernization,"The evolution shows a clear progression from macro-level market/investment concerns (2000-2008) to a deep, quantitative focus on environmental impact (2012-2016), followed by a sustained focus on resilience and integration (2017-2022), culminating in a focus on growth and modern business navigation (2023-2025).",excluded,included_noncorporate,direct_pair_with_corporate_above_threshold,corporate_T3_S000,academic__corporate,292,1,21,2000,2025,"[""winegrowing"", ""viticulture"", ""winegrowers"", ""vitiviniculture"", ""viticultural"", ""tasting"", ""verjuice"", ""sauvignon"", ""cabernet"", ""vitis""]"
academic_T3::academic_T3_S080,T3,"Sustainable products, services and consumption",academic,academic_T3,academic_T3_S080,47,Evolution of Sustainable Food Supply Chain Management Research,80_sfscm_agrifood_csa_sfscs,Evolution of Sustainable Food Supply Chain Management Research,"The micro-topic evolved from early theoretical discussions on risk and contractual arrangements in value chains to a highly technical focus on digital transformation, data analytics, and systemic resilience within agri-food systems.",2004-2008,2009-2014,2015-2021,2022-2025,"Initial phase focused on establishing theoretical frameworks, primarily addressing risk/reward sharing in contractual settings (2004), applying control mechanisms in large industry contexts (2005), and applying standards to specific commodities like soybeans (2006).","The focus shifted towards practical implementation and methodological application, specifically examining short food chains in catering contexts (2009), analyzing producer profitability and coordination (2010), and applying human-centered methodologies like SSM to local supply chains (2012).","This phase became heavily comparative and systems-oriented, contrasting local versus global chain sustainability (2015, 2016), and increasingly adopting complex systems thinking, ecosystems modeling, and traceability frameworks (2017, 2018, 2021).","The research trajectory culminated in a strong focus on digital transformation, using advanced tools like data analytics, digital twins, and SIA frameworks to measure and enhance the resilience and sustainability of short food supply chains (2022-2024), while also considering global policy implications (2025).",Theoretical Framing -> Methodological Application -> Systems Modeling -> Digital Transformation & Resilience Assessment,"The progression shows a clear move from socio-economic/contractual concerns to increasingly technical, systems-based, and digitally driven sustainability assessments.",excluded,included_noncorporate,direct_pair_with_corporate_above_threshold,corporate_T3_S009,academic__corporate,210,1,21,2004,2025,"[""sfscm"", ""agrifood"", ""csa"", ""sfscs"", ""sfsc"", ""agribusiness"", ""fsscm"", ""fscs"", ""supply"", ""scsrm""]"
academic_T3::academic_T3_S184,T3,"Sustainable products, services and consumption",academic,academic_T3,academic_T3_S184,95,GMOs and Biotechnology in Agriculture,184_gmos_gmo_biotechnology_biotechnological,GMOs and Biotechnology in Agriculture,"The evolution tracks the discourse from early focus on technological necessity to a mature, multifaceted debate balancing scientific potential (yield, nutrition) against complex issues of governance, ethics, and public acceptance across various global contexts.",2000-2002,2006-2011,2014-2018,2019-2025,"Initial framing centered on the necessity of biotechnology and GMOs for sustainable agricultural development, driven by policy and scientific potential.","The focus broadened to include international regulation, industrial application (biofactories), and the growing tension between productivity gains and sustainability concerns.","The discourse became highly polarized, critically assessing GMOs against ecological concerns, ethical viewpoints, and the promise of specific applications like biofortification.","The later phase emphasizes the integration of advanced genomics/phenomics with rigorous biosafety and regulatory frameworks, while continuously monitoring public perception across different global regions.",,,excluded,included_noncorporate,direct_pair_with_corporate_above_threshold,corporate_T3_S000,academic__corporate,71,1,22,2000,2025,"[""gmos"", ""gmo"", ""biotechnology"", ""biotechnological"", ""crops"", ""monsanto"", ""cultivars"", ""biotech"", ""biotechnologists"", ""crop""]"
academic_T3::academic_T3_PG23,T3,"Sustainable products, services and consumption",academic,academic_T3,academic_T3_PG23,35,Gamification in Sustainability Education and Environmental Awareness,35_gamification_gamified_interactivity_greeneration,Gamification in Sustainability Education and Environmental Awareness,"The micro-topic tracks the evolution of using gamification and interactive technologies to promote sustainability and environmental awareness across various educational and practical contexts, moving from early conceptual applications to highly immersive, large-scale digital deployments.",2006-2007,2010-2013,2014-2018,2019-2025,"Early conceptualization phase, focusing on applying structured games for organizational change and sustainable development learning within specific contexts like urban renewal and primary education.","Focus shifts towards applying specific game formats—simulations, microworlds, and virtual worlds—to clarify complex concepts of sustainable development and foster experiential learning.","Expansion into broader application domains, including health management, geospatial contexts, and a strong focus on the pedagogical application of gamification to drive attitude and behavioral change in environmental education.","Maturity and intensification phase, characterized by a heavy focus on large-scale, immersive digital environments (serious games, AR/VR, Metaverse) to promote pro-environmental behaviors and achieve sustainability goals across diverse audiences.",Conceptualization -> Format Application -> Pedagogical Expansion -> Immersive Scaling,"The progression shows a clear trend from small-scale, context-specific applications (2006-2007) to increasingly complex, immersive, and broad-reaching digital interventions (2019-2025).",excluded,included_noncorporate,direct_pair_with_corporate_above_threshold,corporate_T3_S009,academic__corporate,352,2,17,2006,2025,"[""gamification"", ""gamified"", ""interactivity"", ""greeneration"", ""educity"", ""gameful"", ""interactive"", ""virtual"", ""gameplay"", ""participants""]"
academic_T3::academic_T3_PG01,T3,"Sustainable products, services and consumption",academic,academic_T3,academic_T3_PG01,2,Healthcare Sustainability Integration,2_sustainment_nurses_nursing_healthcare,Healthcare Sustainability Integration,"The micro-topic tracks the evolution of sustainability concepts within healthcare, moving from broad environmental policy concerns to highly specific, quantifiable impacts of clinical practices and pharmaceuticals.",2000-2003,2004-2009,2010-2018,2019-2025,"Early conceptualization, framing sustainability through macro-level environmental crises, toxicology, and policy debates.","Broad application of sustainability frameworks across health development, policy, and systems thinking, involving NGOs and global health goals.","Focus shifts toward systemic integration, quality improvement, and the theoretical application of sustainability concepts within healthcare organizations and service delivery models.","Intense focus on quantifying the environmental footprint (GHG, CO2e) of specific clinical interventions, pharmaceuticals, and hospital operations, demanding measurable change.",Conceptualization -> System Integration -> Quantification/Implementation,"The progression shows a clear trend from abstract environmental concern to concrete, measurable clinical and operational sustainability targets.",excluded,included_noncorporate,direct_pair_with_corporate_above_threshold,corporate_T3_S000,academic__corporate,1841,2,26,2000,2025,"[""sustainment"", ""nurses"", ""nursing"", ""healthcare"", ""patients"", ""nurse"", ""clinical"", ""hospitals"", ""nhs"", ""co2e""]"
academic_T3::academic_T3_PG30,T3,"Sustainable products, services and consumption",academic,academic_T3,academic_T3_PG30,92,IoT-driven household energy feedback and behavioral change,92_sensors_iot_metering_whatpeopledowithtechnology,IoT-driven household energy feedback and behavioral change,"The micro-topic tracks the evolution of using IoT sensors and metering data to influence household energy consumption, moving from early visualization concepts to complex, integrated systems focusing on user agency and environmental impact.",2007-2008,2015-2018,2019-2022,2023-2025,Early focus on the theoretical foundations of energy visualization (EVs) and designing interfaces to reveal energy use to households.,"Shift towards the human-technology interaction, framing energy consumption as a societal challenge and investigating how interactive devices and sensors facilitate behavioral shifts in homes.","Intense focus on the mechanism of change: using feedback, HCI principles, and engagement techniques (like gamification) to drive user adoption and influence daily energy habits.","Maturation into systemic views, balancing end-user monitoring with broader concerns of Green IoT, system interoperability, and the overall environmental footprint of energy systems.",,,excluded,included_noncorporate,direct_pair_with_corporate_above_threshold,corporate_T3_S000,academic__corporate,144,2,13,2007,2025,"[""sensors"", ""iot"", ""metering"", ""whatpeopledowithtechnology"", ""households"", ""users"", ""monitoring"", ""thermostats"", ""hci"", ""usage""]"
academic_T3::academic_T3_S069,T3,"Sustainable products, services and consumption",academic,academic_T3,academic_T3_S069,39,Palm Oil Certification and Smallholder Sustainability in Malaysia and Indonesia,69_rspo_ispo_mspo_malaysia,Palm Oil Certification and Smallholder Sustainability in Malaysia and Indonesia,"The micro-topic tracks the evolution of sustainability discourse in palm oil, moving from initial focus on production practices to deep dives into governance, certification mechanisms (RSPO, ISPO, MSPO), and the specific socio-economic challenges faced by smallholders across Malaysian and Indonesian contexts.",2005-2007,2010-2013,2014-2018,2019-2025,Early focus on establishing sustainable production practices and the role of cultivation in the context of biofuel potential.,"Shift towards critical evaluation of governance structures, CSR, and the integration of palm oil into industrial outputs like biodiesel.",Intense focus on environmental impacts (deforestation) and the comparative analysis of international vs. national certification schemes (RSPO vs. ISPO/MSPO) in driving sustainability.,"Dominance of smallholder perspectives, focusing on compliance gaps, livelihood impacts, and the harmonization challenges between various certification standards across both Malaysia and Indonesia.",,,excluded,included_noncorporate,direct_pair_with_corporate_above_threshold,corporate_T3_S000,academic__corporate,242,1,17,2005,2025,"[""rspo"", ""ispo"", ""mspo"", ""malaysia"", ""rpo"", ""smallholders"", ""biodiesel"", ""cspo"", ""palm"", ""biofuel""]"
academic_T3::academic_T3_PG33,T3,"Sustainable products, services and consumption",academic,academic_T3,academic_T3_PG33,72,SME Sustainability Strategy Evolution,72_smes_sme_intrategy_ecoprofit,SME Sustainability Strategy Evolution,"The micro-topic tracks the evolution of sustainability focus in SMEs, moving from early reporting standards to complex ESG integration and strategic competitiveness.",2001-2004,2006-2013,2014-2019,2020-2025,Early focus on formal sustainability reporting and risk assessment using guidelines like GRI.,"Shift towards integrating societal, stakeholder, and competitiveness drivers into corporate strategy, with regional variations.","Deep dive into the drivers, barriers, and internationalization processes affecting SME sustainability adoption.","Dominance of ESG integration, focusing on strategic implementation, performance evaluation, and the role of incentives.",,,excluded,included_noncorporate,direct_pair_with_corporate_above_threshold,corporate_T3_S000,academic__corporate,341,3,21,2001,2025,"[""smes"", ""sme"", ""intrategy"", ""ecoprofit"", ""enterprises"", ""embeddedness"", ""wettbewerbsvorteil"", ""strategieprozess"", ""entrepreneurial"", ""internationalisierungsausloser""]"
academic_T3::academic_T3_S088,T3,"Sustainable products, services and consumption",academic,academic_T3,academic_T3_S088,51,Software Sustainability in Agile/DevOps Contexts,88_softwarequalitat_qualitatsmodellen_scrum_devops,Software Sustainability in Agile/DevOps Contexts,"The micro-topic traces the evolution of software sustainability concerns from early focuses on project viability and architectural patterns to a mature integration within Agile and DevOps lifecycles, increasingly emphasizing technical attributes like maintainability and containerization, and later adopting holistic, human-centric models.",2010-2013,2014-2017,2018-2021,2022-2025,"Initial focus on establishing the viability of software projects, particularly in open-source contexts, linking sustainability to developer attraction and early architectural patterns like SOA.","Shift towards defining and measuring sustainability through technical lenses, heavily emphasizing reusability, ecosystems, and integrating sustainability into software quality models and lifecycles.","Deep dive into technical characteristics and process integration, focusing on maintainability, extensibility, and the integration of sustainability concepts into software engineering practices, including agile contexts.","Maturation into holistic implementation, strongly linking sustainability to the DevOps lifecycle, Green Software, and considering the human/practitioner dimension (e.g., developer well-being) alongside technical aspects like containerization.",Conceptualization -> Measurement/Integration -> Process Refinement -> Holistic Implementation,"The evolution shows a clear progression from broad sustainability concerns (2010s) to specific process integration (Agile/DevOps) and finally to systemic, human-centric models (2020s).",excluded,included_noncorporate,direct_pair_with_corporate_above_threshold,corporate_T3_S009,academic__corporate,186,1,14,2010,2025,"[""softwarequalitat"", ""qualitatsmodellen"", ""scrum"", ""devops"", ""containerization"", ""reusability"", ""agile"", ""developers"", ""maintainability"", ""iec""]"
academic_T3::academic_T3_S146,T3,"Sustainable products, services and consumption",academic,academic_T3,academic_T3_S146,80,Sustainability Assessment in Agriculture and Food Systems,146_sostenibilidad_agricultura_alimentacion_evaluacion,Sustainability Assessment in Agriculture and Food Systems,"The micro-topic tracks the evolution of sustainability assessment methodologies within agricultural and food systems, moving from initial indicator development in specific contexts to increasingly complex, multi-dimensional evaluations using established frameworks across various production types and geographies.",2007-2010,2011-2015,2016-2019,2020-2025,"Initial phase focused on methodological testing and application of sustainability indicators within specific agricultural contexts, including pasture use, extractive economies, and early index development across different regional case studies.","Shift towards systemic and qualitative assessments, focusing on production dynamics, agroecosystems, and the application of early evaluation frameworks (like MESMIS) to understand socio-environmental trade-offs in local systems.","Maturation of the evaluation focus, characterized by applying integrated models to assess production viability, addressing specific challenges like genetic resources and agrochemicals, and deepening the analysis of agroecological systems.","High methodological density, characterized by the systematic application and comparison of advanced, multi-dimensional evaluation frameworks (e.g., MESMIS, AMBITEC-AGRO) to quantify sustainability across environmental, social, and economic dimensions in diverse production contexts.",Methodological Refinement and Intensification,"The evidence shows a clear progression from initial indicator application (2007-2010) to increasingly complex, systemic, and framework-driven quantitative evaluations (2020-2025).",excluded,included_noncorporate,direct_pair_with_corporate_above_threshold,corporate_T3_S009,academic__corporate,105,1,16,2007,2025,"[""sostenibilidad"", ""agricultura"", ""alimentacion"", ""evaluacion"", ""productivos"", ""desarrollo"", ""produccion"", ""producao"", ""investigacion"", ""innovaciones""]"
academic_T3::academic_T3_PG26,T3,"Sustainable products, services and consumption",academic,academic_T3,academic_T3_PG26,42,Sustainable Libraries and Librarianship Practices,42_librarianship_librarians_librarian_libraries,Sustainable Libraries and Librarianship Practices,"The micro-topic tracks the evolution of librarianship's engagement with sustainability, moving from early theoretical integration into physical design and collection management to a highly focused, practical application of 'Green Library Initiatives' and ethical stewardship within library science education.",2000-2004,2007-2011,2012-2018,2019-2025,"Initial phase characterized by integrating sustainability into tangible library functions, focusing on physical design, collection preservation, and early theoretical frameworks like Green Library Management.","A period of applying sustainability criteria to specific library management tasks, such as deselection, archival of electronic records, and linking library roles to broader global goals like the MDGs.","Intense focus on the physical and operational aspects of sustainability, heavily featuring green building certifications (LEED), energy efficiency, and the concept of the 'Green Library' as a necessary paradigm shift for librarians.","The most recent phase shows a strong convergence on practical implementation, specifically the 'Green Library Initiative,' coupled with a focus on Education for Sustainable Development (ESD) and integrating ethical values into the future of librarianship and library design.",Conceptual Integration -> Operational Application -> Physical Transformation -> Initiative Implementation & Ethical Embedding,"The progression shows a clear shift from abstract concepts (2000s) to concrete, implementable standards (2010s) and finally to ongoing, initiative-driven practice and ethical frameworks (2020s).",excluded,included_noncorporate,direct_pair_with_corporate_above_threshold,corporate_T3_S000,academic__corporate,437,3,23,2000,2025,"[""librarianship"", ""librarians"", ""librarian"", ""libraries"", ""greenfile"", ""initiatives"", ""sdgs"", ""ifla"", ""library"", ""lis""]"
academic_T3::academic_T3_S109,T3,"Sustainable products, services and consumption",academic,academic_T3,academic_T3_S109,61,Sustainable Medicinal Plant Utilization and Quality Assurance,109_ecopharmacognosy_ethnopharmacological_medicinal_herbal,Sustainable Medicinal Plant Utilization and Quality Assurance,"The micro-topic evolved from early concerns on biodiversity and sustainable sourcing to a highly technical focus on lifecycle assessment, biotechnological enhancement, and integration into circular economy models for medicinal plants.",2006-2010,2011-2014,2015-2019,2020-2025,"Initial focus on the intersection of biodiversity loss, sustainable resource management, and the regulatory/commercialization status of herbal medicines.",Deepening focus on the chemical profiling (phytochemicals) and establishing the need for sustainable supply chains and quality control within traditional and modern contexts.,"Shift towards rigorous environmental impact assessment, including LCA, GHG accounting, and documenting the conservation status and indigenous aspects of medicinal flora.","Modernization of the focus, heavily emphasizing sustainable cultivation, circular economy applications, and advanced quality assurance technologies in phytopharmaceuticals.",,,excluded,included_noncorporate,direct_pair_with_corporate_above_threshold,corporate_T3_S003,academic__corporate,142,1,18,2006,2025,"[""ecopharmacognosy"", ""ethnopharmacological"", ""medicinal"", ""herbal"", ""phytochemical"", ""ayurvedic"", ""botanical"", ""herbs"", ""pharmaceutical"", ""sandalwood""]"
academic_T3::academic_T3_PG10,T3,"Sustainable products, services and consumption",academic,academic_T3,academic_T3_PG10,12,Sustainable Seafood Production Systems,12_aquaculture_fisheries_fishery_overfishing,Sustainable Seafood Production Systems,"The micro-topic tracked the evolution of sustainability concerns across fisheries and aquaculture, initially focusing on measurement and policy, then shifting through market mechanisms, technological inputs (feeds, algae), and governance challenges, before becoming heavily dominated by controlled environment agriculture and feed innovation.",2000-2004,2005-2011,2012-2018,2019-2025,"Early focus on defining sustainability indicators, addressing conservation needs, and introducing market-based solutions (e.g., MSC) for fisheries and aquaculture.","Intense focus on systemic sustainability challenges, including environmental impacts, species endangerment, and the role of policy and technology in shifting production models.","Shift towards governance, social dimensions, and technological inputs, particularly exploring tradeoffs in aquaculture systems and the role of consumer perception.","Dominance of technological solutions, heavily featuring microalgae, advanced feed alternatives, and controlled environment agriculture as primary drivers for sustainable seafood production.",,,excluded,included_noncorporate,direct_pair_with_corporate_above_threshold,corporate_T3_S009,academic__corporate,1389,5,26,2000,2025,"[""aquaculture"", ""fisheries"", ""fishery"", ""overfishing"", ""seafood"", ""sustainably"", ""shellfish"", ""trophic"", ""finfish"", ""mackerel""]"
academic_T3::academic_T3_S029,T3,"Sustainable products, services and consumption",academic,academic_T3,academic_T3_S029,20,Textile and Handicraft Sustainability and Design Evolution,29_textiles_handicrafts_handicraft_textile,Textile and Handicraft Sustainability and Design Evolution,"The micro-topic tracks the evolution of research focusing on the sustainability, design integration, and economic viability of textile and handicraft production, moving from broad cultural preservation concerns to highly specific applications of design intervention and market adaptation.",2005-2007,2008-2013,2014-2017,2018-2025,"Early focus on the cultural context of artisan crafts, spanning ceramics, general handicrafts, and wood products, emphasizing cultural preservation and livelihood.","A shift towards design methodology and process analysis, integrating local design preferences, income generation models, and early attempts at process efficiency measurement (e.g., LCA in batik).","Increased focus on the core textile/handicraft nexus, emphasizing the role of design intervention, participatory approaches, and the agency of artisans in achieving sustainability.","The most mature phase, characterized by a broad, sustained focus on design innovation, market adaptation, and economic resilience within textile crafts (especially batik), balancing tradition against modern market demands and digital integration.",Broad Cultural Context -> Design Integration & Process Analysis -> Artisan Agency & Sustainability Intervention -> Market Adaptation & Digital Modernization,"The evolution shows a clear trajectory from broad cultural/material focus (2005-2007) to a strong, sustained focus on design's role in economic survival and market relevance within textiles (2018-2025).",excluded,included_noncorporate,direct_pair_with_corporate_above_threshold,corporate_T3_S009,academic__corporate,516,1,21,2005,2025,"[""textiles"", ""handicrafts"", ""handicraft"", ""textile"", ""weaving"", ""handloom"", ""artisans"", ""batik"", ""craftsmanship"", ""handwoven""]"
academic_T3::academic_T3_S121,T3,"Sustainable products, services and consumption",academic,academic_T3,academic_T3_S121,66,Tourism Environmental Impact Assessment and Econometric Modeling,121_tourism_ecotourism_emissions_greentour,Tourism Environmental Impact Assessment and Econometric Modeling,"The micro-topic evolved from initial methodological discussions on environmental footprints in tourism to increasingly complex, quantitative econometric modeling of the nexus between tourism, economic output (GDP), and emissions, with a strong emphasis on sustainable practices and renewable energy.",2002-2012,2015-2018,2019-2023,2024-2025,"Early phase focused on establishing the problem: quantifying the environmental footprint, ecological deficit, and greenhouse gas emissions associated with leisure and ecotourism in specific geographical contexts.","The focus narrowed slightly towards applying footprint/emission analysis to specific contexts like districts or packages, while also beginning to investigate the methodological linkages between tourism and emissions.","A significant shift towards dynamic relationships. The research began heavily incorporating time series and econometric methods (like cointegration) to examine the linkages between tourism receipts, energy use, and CO2 emissions across economies.","The most advanced phase, characterized by rich, high-frequency econometric modeling (e.g., quantile regression, panel data) to ascertain the long-run impacts of green tourism, renewable energy investments, and financial development on emissions.",Methodological Foundation -> Contextual Application -> Dynamic Linkage Modeling -> Advanced Econometric Quantification,"The progression shows a clear move from descriptive/methodological assessment (2002-2012) to complex, quantitative, time-series econometric analysis (2019 onwards).",excluded,included_noncorporate,direct_pair_with_corporate_above_threshold,corporate_T3_S000,academic__corporate,128,1,13,2002,2025,"[""tourism"", ""ecotourism"", ""emissions"", ""greentour"", ""gdp"", ""cointegration"", ""econometric"", ""fdi"", ""tourists"", ""renewable""]"
academic_T3::academic_T3_PG03,T3,"Sustainable products, services and consumption",academic,academic_T3,academic_T3_PG03,4,Valorization of Agroindustrial Byproducts for Bioactive Polyphenols,4_byproducts_bioactive_polyphenols_phenolics,Valorization of Agroindustrial Byproducts for Bioactive Polyphenols,"The micro-topic evolved from early, broad discussions on diet and nutrition to a highly focused, technical emphasis on the sustainable extraction and utilization of agricultural and food processing byproducts to recover high-value bioactive compounds like polyphenols and phenolics for nutraceutical applications.",2000-2008,2009-2015,2016-2022,2023-2025,"Early phase characterized by broad discussions on diet, obesity, and general nutrition policy, with only minor, tangential links to food quality.","Transition phase focusing on the industrial and chemical aspects: valorization, extraction, and the technical recovery of bioactive compounds from food processing waste streams.","Maturation phase where the focus narrows significantly onto specific agricultural residues (e.g., grape seeds, potato, tomato) and the characterization of their phenolic and antioxidant content for nutraceutical markets.","Contemporary phase emphasizing the circular economy, utilizing specific, high-volume byproducts (like berry pomace or plantain flour) to enhance the nutritional profile of final food ingredients.",,,excluded,included_noncorporate,direct_pair_with_corporate_above_threshold,corporate_T3_S005,academic__corporate,3981,5,26,2000,2025,"[""byproducts"", ""bioactive"", ""polyphenols"", ""phenolics"", ""nutraceutical"", ""nutritional"", ""antioxidant"", ""ingredient"", ""carotenoids"", ""phytochemicals""]"
corporate_T3::corporate_T3_S010,T3,"Sustainable products, services and consumption",corporate,corporate_T3,corporate_T3_S010,7,Biochar/Biofraction Production via Pyrolysis,10_biochar_biomass_biofraction_pyrolysis,Biochar/Biofraction Production via Pyrolysis,"The micro-topic tracks the evolution from early commercialization efforts in advanced fuels to a highly focused, technology-driven strategy centered on the Catalytic Biofraction Process using biomass pyrolysis, culminating in infrastructure applications.",2012,2021,2022,2023-2024,"Initial focus on the commercial viability of proprietary processes, linking biomass feedstock to the production of synthetic liquid hydrocarbons and renewable fuels.","Shift towards strategic diversification, marked by the acquisition of Bio Resources Ltd (BRL) and focusing on the technical aspects of the Catalytic Biofraction Process using biomass.","Continued strategic diversification into the green industry, emphasizing the acquisition of intellectual property related to the biofraction process and biomass pyrolysis.","Intense focus on the validation and application of the Catalytic Biofraction Process, specifically detailing its use in producing biochar for infrastructure development like biochar asphalt.",Linear progression from broad commercialization to deep technological specialization and application validation.,The progression shows a clear narrowing of focus: from fuels (2012) -> process acquisition (2021) -> process IP (2022) -> process validation/application (2023-2024).,corporate_anchor,included_corporate,all_corporate_groups_included,,,6,1,5,2012,2024,"[""biochar"", ""biomass"", ""biofraction"", ""pyrolysis"", ""catalytic"", ""feedstock"", ""brl"", ""carbon"", ""syngas"", ""synthetic""]"
corporate_T3::corporate_T3_S002,T3,"Sustainable products, services and consumption",corporate,corporate_T3,corporate_T3_S002,2,Consumer Market Dynamics and Competitive Pressure,2_consumers_consumer_competitors_competition,Consumer Market Dynamics and Competitive Pressure,"The micro-topic tracks the evolution of external market pressures, primarily driven by consumer behavior shifts and the intensity of competition within the relevant industry sectors (e.g., beverages, health/wellness). The focus shifts from initial feedstock/supply chain vulnerabilities to a sustained emphasis on consumer acceptance, trend prediction, and competitive positioning.",2010-2012,2014-16,2018-2021,2023,"Early focus on foundational risks: feedstock costs, regulatory environments, and immediate supply chain shortages impacting production margins and market stability.","Shift towards direct market interaction: intense focus on consumer preference changes (e.g., beverage trends, health concerns) and the impact of external perception (publicity/science) on sales.","Maturation of market focus: The narrative solidifies around the interplay between competitive landscapes (e.g., brewing, nutraceuticals) and the sensitivity of sales to discretionary consumer spending and evolving trends.",Current state: A highly focused view on the ongoing necessity of anticipating and responding to dynamic consumer trends while aggressively navigating a fragmented and competitive industry.,Risk Focus -> Market Acceptance -> Competitive Positioning -> Trend Adaptation,The progression shows a clear movement from upstream operational/input risks (2010-2012) to downstream market acceptance and competitive response (2014 onwards).,corporate_anchor,included_corporate,all_corporate_groups_included,,,21,1,11,2010,2023,"[""consumers"", ""consumer"", ""competitors"", ""competition"", ""fluctuations"", ""industry"", ""manufacturers"", ""shortages"", ""sales"", ""customer""]"
corporate_T3::corporate_T3_S005,T3,"Sustainable products, services and consumption",corporate,corporate_T3,corporate_T3_S005,4,"Dehydration Technology, Hemp, and Product Line Expansion",5_dehydratech_lexaria_hemp_vipova,"Dehydration Technology, Hemp, and Product Line Expansion","The micro-topic tracked the evolution from early competitive positioning in stevia markets to a mature focus on leveraging proprietary dehydration technology (DehydraTech) across diverse, high-value product lines including hemp-infused beverages and powders, while simultaneously navigating intellectual property and market acceptance.",2012-2014,2015-2019,2020,2022,"Initial phase focused on internal market positioning, primarily addressing competitive threats in the stevia market and early-stage commercialization efforts within biotechnology and manufacturing processes.","This phase was characterized by active product launch and brand establishment across ViPova and Lexaria lines, coupled with a strong strategic focus on securing distribution channels and pursuing intellectual property licensing related to molecule delivery and bioactivity.",A technical pivot year where the focus sharpened onto the efficacy of the core technology (DehydraTech) in improving the bioavailability of cannabinoids and other active ingredients across various product formats.,"The final phase shifted towards premium market positioning, emphasizing the integration of the products into the high-growth wellness sector by highlighting attributes like 'superfoods' and organic sourcing.",Market Positioning -> Product/IP Strategy -> Technological Efficacy -> Premium Wellness Positioning,"The transition shows a clear movement from foundational market challenges (stevia/manufacturing) to product realization (ViPova/Lexaria), followed by a technical validation phase (DehydraTech/bioavailability), and concluding with a high-end ingredient focus (superfoods).",corporate_anchor,included_corporate,all_corporate_groups_included,,,12,1,8,2012,2022,"[""dehydratech"", ""lexaria"", ""hemp"", ""vipova"", ""thc"", ""bioavailability"", ""bioactivity"", ""beverages"", ""distribution"", ""powders""]"
corporate_T3::corporate_T3_S000,T3,"Sustainable products, services and consumption",corporate,corporate_T3,corporate_T3_S000,0,ESG and Stakeholder Pressure on Emissions and Consumption,0_emissions_stakeholders_sustainability_consumption,ESG and Stakeholder Pressure on Emissions and Consumption,"The micro-topic evolved from an initial focus on energy consumption patterns to a sustained, intensifying focus on regulatory compliance, environmental risks, and ultimately, the pressure exerted by ESG frameworks and stakeholders regarding emissions and sustainable practices.",2008-2012,2014-2019,2020-2022,2023-2025,Early focus on tangible inputs: this phase centered on the physical aspects of energy use (consumption of gas/petroleum) and the immediate threat posed by emerging environmental regulations and pollution concerns.,"Shift towards regulatory and market dynamics: the focus narrowed onto specific regulatory compliance risks (e.g., EPA, GHG, VOCs) and the impact of these rules on market structures and operational costs.","Emergence of ESG and broader impact: the narrative broadened beyond just compliance to include the influence of ESG frameworks, investor sentiment, and the recognition of the industry's broader impact on society and capital access.","Stakeholder expectation management: the final phase is dominated by proactive risk management, where the primary driver is aligning with the expectations of regulators, investors, and consumers regarding demonstrable sustainability and GHG reduction.",Consumption/Regulation -> Compliance Risk -> ESG Integration -> Stakeholder Alignment,"The progression shows a clear shift from technical/input concerns (consumption) to external pressure points (regulations, then ESG/stakeholders).",corporate_anchor,included_corporate,all_corporate_groups_included,,,46,1,12,2008,2025,"[""emissions"", ""stakeholders"", ""sustainability"", ""consumption"", ""stakeholder"", ""sustainable"", ""ghg"", ""esg"", ""renewable"", ""demand""]"
corporate_T3::corporate_T3_S006,T3,"Sustainable products, services and consumption",corporate,corporate_T3,corporate_T3_S006,5,Environmental Liability and Compliance Risk Evolution,6_environmental_liabilities_liability_risks,Environmental Liability and Compliance Risk Evolution,"The micro-topic tracked the evolution of environmental liabilities and compliance risks across various operational contexts, shifting from a focus on general financial impact and regulatory uncertainty to specific compliance burdens (OSHA/Environmental), and finally narrowing onto inherent risks within specific industries like mining (including uranium).",2007-2009,2010-2014,2016-2017,2025,Initial focus on the direct financial impact of environmental liabilities and the uncertainty surrounding emerging environmental legislation and regulatory frameworks.,"The focus broadened to proactive risk management, heavily emphasizing compliance with evolving environmental and occupational safety (OSHA) regulations, alongside competitive pressures.","The discussion became highly specialized, centering on the inherent environmental and legal risks associated specifically with mining operations and associated liabilities.","The most recent evidence points toward a forward-looking stance, monitoring anticipated environmental impacts and stricter future regulations within a specific sector like uranium mining.",Broad Concern -> Compliance Focus -> Industry Specific Risk -> Future Regulatory Anticipation,"The progression shows a clear narrowing of focus, moving from general liability concerns to specific industry risks (mining/uranium) as the timeline progressed.",corporate_anchor,included_corporate,all_corporate_groups_included,,,11,1,9,2007,2025,"[""environmental"", ""liabilities"", ""liability"", ""risks"", ""compliance"", ""mining"", ""environment"", ""obligations"", ""penalties"", ""osha""]"
corporate_T3::corporate_T3_S003,T3,"Sustainable products, services and consumption",corporate,corporate_T3,corporate_T3_S003,3,Regulatory Compliance and Recall Risk Management,3_fda_regulation_regulatory_recalls,Regulatory Compliance and Recall Risk Management,"The micro-topic tracks the evolving focus on regulatory risks, moving from broad lifecycle scrutiny and substance safety concerns to specific compliance burdens, manufacturing adherence, and finally emphasizing legal liability and the cost of compliance across jurisdictions.",2012-2013,2014-2015,2016-2017,2021-2023,"Initial focus on anticipating and mitigating risks associated with broad government regulation across the product lifecycle, heavily concerned with substance safety and the potential for market restrictions or recalls.","The focus narrows slightly to the direct business impacts of regulatory findings, emphasizing the threat of recalls and the breadth of regulatory jurisdiction over product claims and components.","The emphasis shifts toward adherence to specific standards, particularly FDA/GMP compliance within the manufacturing and supply chain context, alongside broader regulatory adherence.","The later phase consolidates around the ongoing burden of compliance costs and the heightened risk of legal exposure, including FTC scrutiny and product liability, across multiple regulatory landscapes.",Broad Risk Assessment -> Business Impact Focus -> Operational Compliance Focus -> Legal/Cost Burden Focus,"The progression shows a clear shift from generalized regulatory threat (2012-2013) to specific operational adherence (2016), culminating in a focus on financial/legal exposure (2021-2023).",corporate_anchor,included_corporate,all_corporate_groups_included,,,18,1,8,2012,2023,"[""fda"", ""regulation"", ""regulatory"", ""recalls"", ""regulations"", ""packaging"", ""compliance"", ""supplement"", ""nutritional"", ""unapproved""]"
corporate_T3::corporate_T3_S009,T3,"Sustainable products, services and consumption",corporate,corporate_T3,corporate_T3_S009,6,Sustainable Manufacturing and Energy Transition,9_sustainable_transact_manufacturing_renewafuel,Sustainable Manufacturing and Energy Transition,"The micro-topic tracks the evolution of the company's focus from early biofuel investments to a sustained emphasis on waste-to-asset manufacturing processes, culminating in reports on capacity expansion and investment activities.",2008,2020,2021-2023,2024,"Initial focus on strategic investment in renewable fuels, specifically biofuel cubes, emphasizing feedstock acquisition and emissions reduction.","Shift towards defining the core business model around turning municipal solid waste into an above-ground asset, heavily emphasizing the transition to a zero-emission, sustainable industry.","Consolidation of the core operational narrative: describing the manufacturing process where sustainable energy is used to convert solid waste into valuable assets, maintaining a consistent focus on industry integration.","A shift towards reporting on ongoing manufacturing capacity expansion and reviewing past investment activities and divestitures, introducing specific market/product references.",Investment Focus -> Core Model Definition -> Operational Consolidation -> Market/Capacity Reporting,"The transition shows a clear progression from product/feedstock focus (2008) to process/asset focus (2020-2023), and finally to commercial/capacity focus (2024).",corporate_anchor,included_corporate,all_corporate_groups_included,,,6,1,6,2008,2024,"[""sustainable"", ""transact"", ""manufacturing"", ""renewafuel"", ""energy"", ""biofuel"", ""emissions"", ""carbon"", ""economy"", ""asset""]"
corporate_T3::corporate_T3_PG01,T3,"Sustainable products, services and consumption",corporate,corporate_T3,corporate_T3_PG01,1,Technological Race Against Obsolescence and Competition,1_evolving_obsolescence_competitors_developing,Technological Race Against Obsolescence and Competition,"The micro-topic tracks the intense, long-term pressure on the organization to develop technologies rapidly enough to stay ahead of competitors, while simultaneously managing the risk that current offerings will become obsolete due to market evolution or competitor advancements.",2001-2002,2006-2012,2013-2019,2020-2025,"Initial focus on strategic development, acquisitions, and financial performance as context for ongoing development efforts.","Focus shifts to the inherent risks of rapid technological change, product lifecycle obsolescence, and competitive differentiation across various industries.","The narrative narrows into internal manufacturing capabilities, commercialization hurdles, and external pressures from competitors and regulatory/economic environments.","The topic becomes highly specialized, focusing intensely on the competitive landscape and technological obsolescence within specific, rapidly advancing energy markets like electrolyzers and hydrogen production.",Broad Strategic Concern -> Market Adaptation Risk -> Commercialization/Internal Hurdles -> Hyper-Specialized Competitive Race,"The evolution shows a clear narrowing of focus, moving from general business development risks (2001) to broad market threats (2006-2012), then to process/market acceptance issues (2013-2019), culminating in a highly specific, technology-driven competitive battle in energy markets (2020-2025).",corporate_anchor,included_corporate,all_corporate_groups_included,,,60,4,19,2001,2025,"[""evolving"", ""obsolescence"", ""competitors"", ""developing"", ""develop"", ""development"", ""customers"", ""manufacturing"", ""uncompetitive"", ""technologies""]"
media_T3::media_T3_S002,T3,"Sustainable products, services and consumption",media,media_T3,media_T3_S002,2,Community Building and Expert Contribution in Sustainability,2_contributing_environmentalists_join_share,Community Building and Expert Contribution in Sustainability,"The micro-topic evolved from early, specific validations of sustainable practices to a sustained focus on community building, professional engagement, and calls to action, before narrowing again to specific geographical contributions.",2010,2011-2012,2013-2015,2020-2024,"Initial focus on scientific validation of sustainable practices, referencing specific corporate commitments.",Early acknowledgment of expert contributions and linking sustainability to broader infrastructure/organizational contexts.,"Dominant phase characterized by high frequency, focusing almost entirely on direct calls to action: encouraging individuals to join professional communities and share knowledge.",Later phase shifts towards professional development guidance and recognition of contributions from specific geographical experts.,Specific Validation -> Community Building/Call to Action -> Professional Recognition,"The transition from sparse, technical validation (2010) to high-volume, uniform calls-to-action (2013-2014) represents the core shift, followed by a return to specific expert focus (2020-2024).",aligned,included_noncorporate,direct_pair_with_corporate_above_threshold,corporate_T3_S000,media__corporate,130,1,8,2010,2024,"[""contributing"", ""environmentalists"", ""join"", ""share"", ""connect"", ""sharing"", ""gsb"", ""develop"", ""industry"", ""experts""]"
media_T3::media_T3_S000,T3,"Sustainable products, services and consumption",media,media_T3,media_T3_S000,0,Sustainable Consumption and Environmental Impact,0_sustainable_eco_consumption_environmental,Sustainable Consumption and Environmental Impact,"The micro-topic tracks the evolution of sustainability discourse from broad environmental protection and corporate risk assessment to highly specific focuses on sustainable design, material science, and consumer action, with a recurring tension between systemic critique and technological/design solutions.",2000-2003,2004-2009,2010-2018,2019-2025,"Early phase characterized by a broad focus on tangible environmental issues, including corporate risk, food production quality, and the integration of sustainability into policy and industrial strategy.","The discourse broadens to include existential environmental threats, followed by a strong focus on actionable policy, infrastructure, and design applications, while also beginning to critique the limitations of current systems.","This phase sees a major shift towards process and material innovation, heavily emphasizing sustainable design, manufacturing processes, and the direct impact of consumption choices on the environment, alongside critiques of corporate greenwashing.","The focus narrows into highly specific, material-level solutions—such as biodegradable packaging, low-carbon construction materials, and circular economy applications—while maintaining a critical eye on systemic failures and consumer adoption challenges.",Broad Policy/Risk -> Design/Systemic Integration -> Material/Process Innovation -> Specific Material/Circular Economy Solutions,"The progression shows a clear movement from abstract policy debates (2000s) to concrete, material-focused solutions (2020s), with the core theme remaining the relationship between human activity and planetary limits.",aligned,included_noncorporate,direct_pair_with_corporate_above_threshold,corporate_T3_S000,media__corporate,15334,1,26,2000,2025,"[""sustainable"", ""eco"", ""consumption"", ""environmental"", ""emissions"", ""consumer"", ""consumers"", ""environment"", ""industry"", ""carbon""]"
media_T3::media_T3_PG01,T3,"Sustainable products, services and consumption",media,media_T3,media_T3_PG01,3,Evolution of Sustainable Business Coverage in Guardian,3_gsb_sustainable_initiatives_guardian,Evolution of Sustainable Business Coverage in Guardian,"The micro-topic tracked the evolution of sustainable business coverage within the Guardian context, moving from early editorial focus to heavy sponsorship integration, then broadening into case studies, and finally focusing on broader sustainability indicators and consumer aspects.",2010,2011-2012,2013-2014,2015,Initial focus on the role of media professionals in covering sustainable business through editorial content.,"Establishment of sponsored content streams, heavily featuring collaborations and sponsorships from major entities like Unilever within the Guardian platform.","Maturation into showcasing GSB Awards and specific business initiatives, alongside a broader reporting on sustainable living and environmental topics.",A shift towards critical examination of sustainability performance indicators and wellbeing aspects within the business context.,Editorial Focus -> Sponsorship Integration -> Initiative Showcase/Broadening -> Indicator Critique,The evolution shows a clear progression from early editorial framing to a highly commercialized and then more analytical stance on sustainability reporting.,excluded,included_noncorporate,direct_pair_with_corporate_above_threshold,corporate_T3_S009,media__corporate,286,4,6,2010,2015,"[""gsb"", ""sustainable"", ""initiatives"", ""guardian"", ""business"", ""case"", ""criteria"", ""studies"", ""awards"", ""articles""]"
media_T3::media_T3_S008,T3,"Sustainable products, services and consumption",media,media_T3,media_T3_S008,5,Membership Drive and Expert Engagement,8_join_gsb_experts_save,Membership Drive and Expert Engagement,"This micro-topic consistently revolves around calls to action encouraging professionals and experts to join the GSB community, with minor shifts in emphasis over the years.",2013,2014,2015,,"Initial focus on a direct call to action, targeting professionals to join the GSB community.","Significant increase in volume, maintaining a strong, direct call-to-action across all content pieces, targeting researchers and experts.","The topic remains focused on membership solicitation, though the volume is very low, with a slight mention of direct communication channels (inbox).",,,,excluded,included_noncorporate,direct_pair_with_corporate_above_threshold,corporate_T3_S000,media__corporate,65,1,3,2013,2015,"[""join"", ""gsb"", ""experts"", ""save"", ""professionals"", ""inbox"", ""researchers"", ""community"", ""direct"", ""member""]"
media_T3::media_T3_PG02,T3,"Sustainable products, services and consumption",media,media_T3,media_T3_PG02,4,Professional Community Invitation and Membership Drive,4_join_gsb_experts_professionals,Professional Community Invitation and Membership Drive,"This micro-topic consistently focuses on direct calls to action encouraging professionals and experts to join the GSB community, emphasizing membership benefits and direct content delivery via email.",2013,2014,2015,,"Initial focus on inviting professionals and experts to join the community, highlighting the value of GSB membership for direct content reception.","Sustained, high-volume promotion of joining the community, maintaining the direct call-to-action framing around GSB membership.","Continuation of the direct promotional messaging, urging professionals to join the GSB community for subscription benefits.",,Stable Reinforcement,"The topic remained highly consistent across all years, revolving around the core message of joining the GSB community.",excluded,included_noncorporate,direct_pair_with_corporate_above_threshold,corporate_T3_S000,media__corporate,257,4,3,2013,2015,"[""join"", ""gsb"", ""experts"", ""professionals"", ""inbox"", ""community"", ""direct"", ""member"", ""like""]"
media_T3::media_T3_S001,T3,"Sustainable products, services and consumption",media,media_T3,media_T3_S001,1,Promoting Sustainable Engagement with GSB,1_sustainable_join_gsb_promoting,Promoting Sustainable Engagement with GSB,"The micro-topic consistently revolves around promoting engagement with GSB related to sustainability, evolving from specific product promotion to general community membership drives.",2012,2014,2015,,"Initial focus was highly specific, centered on promoting a particular sustainable behavior guide or book tied to a GSB discount.","The focus broadened to direct calls to action, encouraging professional engagement and joining the community around sustainability topics.","The theme solidified into a sustained push for membership/joining the community, using the 'inbox' mechanism as a key promotional angle.",,Linear progression from specific product promotion to generalized community membership drive.,"The evolution shows a clear shift in the promotional angle, moving from a narrow, transactional offer (2012) to a broader, ongoing community membership drive (2015).",excluded,included_noncorporate,direct_pair_with_corporate_above_threshold,corporate_T3_S000,media__corporate,147,1,3,2012,2015,"[""sustainable"", ""join"", ""gsb"", ""promoting"", ""inbox"", ""experts"", ""professionals"", ""funded"", ""community"", ""published""]"
academic_T4::academic_T4_S054,T4,"Climate strategy, carbon governance and disclosure",academic,academic_T4,academic_T4_S054,29,AI's Role in Global Governance and Sustainable Development,54_transformativepotentialinaddressingglobalchallengessuchasclimatechange_ai_sdgs_policymaking,AI's Role in Global Governance and Sustainable Development,"The micro-topic tracks the evolution of AI's role in global governance, moving from early debates on decentralized digital structures to prescriptive frameworks, and finally settling on a focus on collaborative, human-rights-centered governance models to meet complex global challenges like climate change and SDGs.",2014,2019-2020,2021-2023,2024-2025,"Initial focus on the structural tension within digital governance, specifically critiquing centralization versus decentralization within cyberspace.","Shift towards practical application, applying AI/computational methods to monitor SDGs and exploring algorithmic deliberation within socio-techno-ecological systems.","Maturation into prescriptive governance frameworks, focusing on developing layered regulatory models, addressing societal complexity, and integrating AI into policy transformation across various domains.","Final phase emphasizes the deeply intertwined nature of AI and global governance, advocating for adaptive, collaborative, and human-rights-centric approaches to maximize AI's transformative potential.",Structural Critique -> Application/Deliberation -> Prescriptive Frameworks -> Collaborative Governance Advocacy,"The progression shows a clear thematic deepening: from infrastructure debate (2014) to application (2019-2020), to regulatory modeling (2021-2023), and culminating in a high-level, collaborative governance stance (2024-2025).",aligned,included_noncorporate,manual_override_from_excluded_review,corporate_T4_PG01,,54,1,8,2014,2025,"[""transformativepotentialinaddressingglobalchallengessuchasclimatechange"", ""ai"", ""sdgs"", ""policymaking"", ""thispaperexaminesthedualnatureofaiinglobalgovernance"", ""governance"", ""societal"", ""sdg"", ""transformative"", ""governments""]"
academic_T4::academic_T4_PG09,T4,"Climate strategy, carbon governance and disclosure",academic,academic_T4,academic_T4_PG09,18,CDM Mechanism Evolution and Critique,18_cdm_cdms_ghgs_ghg,CDM Mechanism Evolution and Critique,The micro-topic tracks the evolution of the Clean Development Mechanism (CDM) from its initial structural debates under Kyoto to a critical assessment of its role in modern climate finance and sustainable development.,2001-2004,2006-2013,2014-2018,2019-2025,"Initial focus on defining the CDM's structure, rules, and early challenges within the context of international climate agreements like Kyoto.","Intense focus on the operational implementation, technical criteria, and inherent tensions of the CDM regarding sustainable development and emission reduction across various project types.","Shift towards critiquing the market mechanisms, financial aspects (CERs, investment), and comparing CDM against other emerging credit trading frameworks.","Broadening scope to assess the CDM's legacy within the wider context of climate finance, international policy frameworks (UNFCCC), and its impact on global decarbonization efforts.",,,aligned,included_noncorporate,direct_pair_with_corporate_above_threshold,corporate_T4_PG01,academic__corporate,176,2,24,2001,2025,"[""cdm"", ""cdms"", ""ghgs"", ""ghg"", ""usgbc"", ""kyoto"", ""ldcs"", ""mitigation"", ""emission"", ""cer""]"
academic_T4::academic_T4_S039,T4,"Climate strategy, carbon governance and disclosure",academic,academic_T4,academic_T4_S039,22,Crisis Governance Evolution,39_governance_g20_pandemic_outbreak,Crisis Governance Evolution,"The micro-topic tracks the evolution of governance discourse surrounding global crises, moving from specific policy interfaces to broad critiques of global structures, then focusing on adaptive mechanisms, and finally on integrated, multi-faceted systemic risks.",2018,2020,2021-2023,2024-2025,"Initial focus on policy coherence, specifically at the interface of tourism and climate change policy.",Sharp pivot to critiquing global governance mechanisms and fragmentation exposed by the initial pandemic outbreak.,"Deep dive into the structural causes and responses, examining neoliberal influences, sustainability frameworks (SDGs), and the need for policy learning in ongoing crises.","Shift towards complex, integrated systemic risks (ecodemics, syndemics) and the necessity of robust, interdisciplinary governance structures in the post-crisis landscape.",Linear progression from specific policy interfaces to systemic risk management.,The progression shows a clear broadening of scope from narrow policy domains to macro-level systemic and geopolitical challenges.,aligned,included_noncorporate,manual_override_from_excluded_review,corporate_T4_PG01,,90,1,7,2018,2025,"[""governance"", ""g20"", ""pandemic"", ""outbreak"", ""pandemics"", ""neoliberalisation"", ""cov"", ""policymaking"", ""sdgs"", ""crisis""]"
academic_T4::academic_T4_S056,T4,"Climate strategy, carbon governance and disclosure",academic,academic_T4,academic_T4_S056,30,Critical Minerals in Energy Transition,56_minerals_mineral_mining_metals,Critical Minerals in Energy Transition,"The micro-topic tracks the evolving discourse on the critical role of minerals and metals in enabling the global energy transition, shifting from early focus on specific elements to broad geopolitical and sustainability assessments.",2012-2014,2017-2019,2020-2022,2023-2025,Early focus on specific elements like REEs and their demand projections for emerging technologies like wind and EVs.,"Shift towards governance, sustainability frameworks, and modeling the interplay between mineral supply and climate/development goals (e.g., SDGs, Paris Agreement).","Deepening the nexus between mineral criticality, supply chain risks, and global sustainability frameworks (SDGs, decarbonization pathways).","Broadening the scope to encompass geopolitical competition, supply chain resilience, and quantitative demand projections across various energy vectors (renewables, EVs).",,,aligned,included_noncorporate,manual_override_from_excluded_review,corporate_T4_PG01,,52,1,10,2012,2025,"[""minerals"", ""mineral"", ""mining"", ""metals"", ""graphite"", ""commodities"", ""materials"", ""criticality"", ""tellurium"", ""ore""]"
academic_T4::academic_T4_S038,T4,"Climate strategy, carbon governance and disclosure",academic,academic_T4,academic_T4_S038,21,Duopoly and Oligopoly Equilibrium Dynamics,38_duopoly_antitrust_competitor_equilibria,Duopoly and Oligopoly Equilibrium Dynamics,"The micro-topic traces the evolution of theoretical modeling concerning market structures, primarily focusing on duopolies and oligopolies, and the conditions under which competitive equilibria, collusion, and antitrust concerns emerge or are sustained across various market contexts.",2000-2003,2004-2008,2009-2014,2015-2025,"Early focus on foundational concepts, examining market structures (monopoly/oligopoly) and the role of collusion and competition dynamics in specific industries.","Intense focus on modeling strategic interactions within duopolies, specifically contrasting fixed vs. haggling pricing, and analyzing the sustainability of collusive equilibria under varying conditions like demand fluctuations and externalities.","Shift towards mechanisms of market power and competition in imperfect markets, including the role of hidden surcharges, cartel behavior, and the existence of equilibria in oligopolistic settings.","Later phases broaden the scope to include specific regulatory contexts (telecoms, roaming), platform ecosystems, and the impact of externalities (like information spillovers or CDN issues) on competitive outcomes in duopolistic or oligopolistic settings.",,,aligned,included_noncorporate,direct_pair_with_corporate_above_threshold,corporate_T4_PG02,academic__corporate,94,1,26,2000,2025,"[""duopoly"", ""antitrust"", ""competitor"", ""equilibria"", ""competition"", ""monopolistic"", ""haggling"", ""monopoly"", ""demand"", ""asymmetric""]"
academic_T4::academic_T4_PG02,T4,"Climate strategy, carbon governance and disclosure",academic,academic_T4,academic_T4_PG02,2,"Econometric Linkages of Emissions, GDP, and Economic Structure",2_cointegration_econometric_emissions_gdp,"Econometric Linkages of Emissions, GDP, and Economic Structure","The micro-topic tracks the evolution of econometric studies linking economic variables (GDP, industrial structure, urbanization) to carbon emissions across various global contexts, with a strong later focus on Chinese policy implementation.",2003-2007,2009-2014,2015-2019,2020-2025,"Early phase characterized by broad comparisons of emission disparities between developed and developing economies, touching on institutional factors and initial theoretical models.","Focus shifts towards empirical examinations of the relationship between GDP and CO2 emissions, often framed within the context of the Environmental Kuznets Curve and technology transfer.","Advanced econometric modeling becomes prominent, utilizing cointegration and ARDL techniques to dissect causal relationships between economic indicators (like urbanization and FDI) and emissions across different geographical scopes.","The topic matures into policy evaluation, heavily featuring Chinese contexts—specifically low-carbon city pilots, carbon trading policies, and the impact of modern economic drivers like digitalization and green finance on emissions.",,,aligned,included_noncorporate,direct_pair_with_corporate_above_threshold,corporate_T4_PG01,academic__corporate,1203,5,21,2003,2025,"[""cointegration"", ""econometric"", ""emissions"", ""gdp"", ""brics"", ""economies"", ""autoregressive"", ""pollution"", ""co2"", ""regression""]"
academic_T4::academic_T4_PG01,T4,"Climate strategy, carbon governance and disclosure",academic,academic_T4,academic_T4_PG01,0,Evolution of CSR/ESG Disclosure and Stakeholder Reporting,0_disclosures_stakeholders_esg_csr,Evolution of CSR/ESG Disclosure and Stakeholder Reporting,"The micro-topic tracks the evolution of corporate disclosures concerning sustainability, moving from early conceptualizations of accountability and verification to a highly formalized focus on global standards (like ISSB/IFRS) and the empirical impact of ESG disclosures on financial outcomes and stakeholder trust.",2000-2003,2004-2010,2011-2018,2019-2025,"Initial conceptualization phase, focusing on the emerging need for sustainability verification, corporate accountability, and the theoretical integration of social/environmental aspects into reporting frameworks (TBL, CSR).","Framework adoption and contextualization phase, where the focus narrows onto specific reporting instruments (CSR/GRI), the role of assurance, and the influence of national/regional contexts on disclosure quality.","Maturation and verification phase, characterized by a strong push for mandatory standardization, intense scrutiny of disclosure quality (fighting greenwashing), and the technical development of assurance mechanisms for sustainability reports.","Standardization and impact assessment phase, dominated by the empirical testing of disclosure effects on firm value and the intense focus on global standard-setting bodies (ISSB/IFRS S1/S2) and investor responses.",Conceptualization -> Framework Adoption -> Verification/Standardization -> Global Standardization/Impact Testing,"The progression shows a clear shift from theoretical concerns (2000s) to practical implementation and quality control (2010s), culminating in a focus on global regulatory convergence (2020s).",aligned,included_noncorporate,direct_pair_with_corporate_above_threshold,corporate_T4_PG01,academic__corporate,6526,2,26,2000,2025,"[""disclosures"", ""stakeholders"", ""esg"", ""csr"", ""shareholders"", ""disclosure"", ""stakeholder"", ""transparency"", ""shareholder"", ""disclosed""]"
academic_T4::academic_T4_S015,T4,"Climate strategy, carbon governance and disclosure",academic,academic_T4,academic_T4_S015,11,Evolution of Carbon Pricing Mechanisms,15_emissions_environmentally_subsidies_taxation,Evolution of Carbon Pricing Mechanisms,"The micro-topic tracks the evolution of theoretical and applied debates on using market-based instruments, primarily carbon taxes and subsidies, to manage environmental externalities and achieve sustainable development goals across various economic contexts.",2000-2003,2004-2009,2010-2018,2019-2025,"Early theoretical framing of environmental policy, focusing on economic optimality, decentralized decision-making, and the interaction of policy with competitiveness and interest groups.","Intense theoretical modeling of policy mechanisms, including externalities, abatement, and the comparative effectiveness of taxes versus subsidies within economic models.","Shift towards applying these mechanisms in international and regional contexts, focusing on game theory, market volatility, and the design of specific instruments like ETS and progressive taxation.","Systematic evaluation and prescriptive application of carbon taxation and subsidy removal across diverse national contexts, emphasizing decarbonization pathways and welfare implications.",Theoretical Framing -> Mechanism Comparison -> Contextual Application -> Policy Prescription,The evolution shows a clear progression from abstract economic theory (2000-2003) to detailed policy design and implementation critiques across global contexts (2019-2025).,aligned,included_noncorporate,manual_override_from_excluded_review,corporate_T4_PG01,,267,1,26,2000,2025,"[""emissions"", ""environmentally"", ""subsidies"", ""taxation"", ""eia"", ""vat"", ""carbon"", ""pollution"", ""abatement"", ""taxing""]"
academic_T4::academic_T4_S044,T4,"Climate strategy, carbon governance and disclosure",academic,academic_T4,academic_T4_S044,27,Evolution of Climate Risk Integration in Investment Models,44_diversification_capm_investors_decarbonization,Evolution of Climate Risk Integration in Investment Models,"The micro-topic traces the evolution of integrating climate and sustainability factors into financial models, moving from early empirical risk assessments of indices to advanced quantitative modeling of decarbonization pathways, risk hedging, and portfolio diversification.",2007-2010,2013-2018,2019-2022,2023-2025,"Initial phase focused on empirical evaluation of risk inherent in sustainability indices and modeling share price trajectories using macroeconomic indicators like CPI, with early attention to market dynamics like herding.","The focus shifted toward institutional investor challenges and the direct impact of climate change narratives (e.g., fossil fuels, CSR) on investment stability and the need for financial mechanisms to drive sustainable contributions.","This phase saw a strong move into prescriptive modeling, examining investor behavior regarding decarbonization trends, integrating climate risk into portfolio selection, and modeling the welfare consequences of climate mandates.","The most advanced phase, characterized by the application of sophisticated quantitative frameworks (like GARCH models) to manage the interplay between decarbonization efforts, volatility, and portfolio diversification across different markets.",Empirical Risk Assessment -> Investor/Policy Challenges -> Prescriptive Modeling & Behavior -> Advanced Quantitative Frameworks,"The progression shows a clear methodological maturation: from simple index analysis (2007) to behavioral/policy critique (2019-2021), culminating in complex risk modeling (2023-2025).",aligned,included_noncorporate,direct_pair_with_corporate_above_threshold,corporate_T4_PG02,academic__corporate,76,1,14,2007,2025,"[""diversification"", ""capm"", ""investors"", ""decarbonization"", ""volatility"", ""investment"", ""hedging"", ""msci"", ""garch"", ""renewable""]"
academic_T4::academic_T4_S040,T4,"Climate strategy, carbon governance and disclosure",academic,academic_T4,academic_T4_S040,23,Evolution of Emission Prediction Modeling Techniques,40_emissions_predicting_arima_prediction,Evolution of Emission Prediction Modeling Techniques,"The micro-topic demonstrates a clear evolution from early, specific applications of time series models to increasingly complex and broad applications of deep learning and ensemble methods across various emission sources and policy contexts.",2015,2017-2018,2020-2022,2023-2025,"Initial focus on applying time series models like ARIMAX/SARIMAX to short-term air pollution forecasting (PM10, SO2) using meteorological data.","Shift towards comparing different regression models (e.g., Random Forest, Linear Regression) and applying specialized models like ANFIS to predict broader carbon emissions based on economic and energy indicators.","Focus narrows onto specific emission types (methane, CO2) and geographical contexts (G20, Peru), utilizing advanced time series methods like ARIMA and early Neural Networks (ANN) for comparative policy guidance.","Dominance of advanced deep learning architectures (LSTM, GRU, TCN-LSTM) and ensemble methods (Boosting) for high-accuracy, large-scale emission forecasting across sectors like transportation, culminating in broad comparative analyses.",Progression from basic time series modeling -> Specialized model application -> Comparative regional modeling -> Advanced deep learning/ensemble methods.,"The progression shows a clear technical advancement, moving from meteorological inputs (2015) to economic drivers (2018), then to specific emission types (2020-2022), and finally to state-of-the-art sequence models (2023-2025).",aligned,included_noncorporate,direct_pair_with_corporate_above_threshold,corporate_T4_PG01,academic__corporate,90,1,9,2015,2025,"[""emissions"", ""predicting"", ""arima"", ""prediction"", ""boosting"", ""emission"", ""svm"", ""predict"", ""predictive"", ""regression""]"
academic_T4::academic_T4_S013,T4,"Climate strategy, carbon governance and disclosure",academic,academic_T4,academic_T4_S013,9,Evolution of Global Development Goals and Governance,13_sdgs_mdgs_sdg_sdg2,Evolution of Global Development Goals and Governance,"This micro-topic tracks the evolution of global development frameworks, specifically charting the transition from the Millennium Development Goals (MDGs) to the Sustainable Development Goals (SDGs), while consistently analyzing the role of international governance, policy diffusion, and implementation challenges across various geopolitical contexts.",2000-2007,2008-2014,2015-2022,2023-2025,"Early focus on the tension between local livelihoods/governance and international environmental/development treaties, evolving into discussions on policy diffusion and the architecture of multilateralism.","Intense focus on the implementation mechanisms of the MDGs, including civil society inclusion, corporatism, and the initial conceptualization and institutionalization of the broader sustainable development agenda.","The core period dedicated to the SDGs, characterized by rich evidence on the transition from MDGs, critiques of existing paradigms, and deep dives into policy integration, accountability, and the political challenges of the 2030 Agenda.","A shift towards forward-looking assessments, focusing on the persistent challenges of national implementation (governance, corruption, decentralization) and debating necessary frameworks beyond the current 2030 SDG timeline.",Conceptualization -> Implementation Critique -> Paradigm Shift -> Future Trajectory,The topic shows a clear progression from early governance debates (2000s) through the MDG/SDG transition (2010s) to current implementation and post-2030 agenda setting (2020s).,aligned,included_noncorporate,manual_override_from_excluded_review,corporate_T4_PG01,,320,1,24,2000,2025,"[""sdgs"", ""mdgs"", ""sdg"", ""sdg2"", ""mdg"", ""2030"", ""governments"", ""governance"", ""ldcs"", ""g20""]"
academic_T4::academic_T4_S014,T4,"Climate strategy, carbon governance and disclosure",academic,academic_T4,academic_T4_S014,10,Evolution of Green Bond Finance Mechanisms,14_issuers_environmentally_renewable_ecb,Evolution of Green Bond Finance Mechanisms,"The micro-topic tracks the evolution of green finance, moving from early theoretical tensions between finance and environment to a highly technical focus on bond mechanisms, standards, and institutional drivers across various geographies.",2010-2014,2016-2018,2019-2022,2023-2025,"Early conceptualization, focusing on the tension between financial mechanisms (securitization, financialization) and environmental goals, followed by initial explorations into governance (MDBs) and credit access for green investment.","Maturation into structural analysis, focusing on capital market development, intermediation, and the initial mobilization of private capital through mechanisms like PPPs for sustainable infrastructure.","Deep dive into financial instruments, specifically green bonds, analyzing their technical aspects, market risks, and the influence of major financial bodies (like the ECB) on the transition.","Focus on market maturity and systemic integration, examining the role of bonds in fostering sustainable economies, addressing ESG alignment, and navigating global market dynamics and standardization challenges.",Conceptualization -> Structuralization -> Instrument Deep Dive -> Market Integration,"The progression shows a clear shift from broad theoretical concerns (2010s) to highly specific, technical analysis of bond structures and institutional roles (2020s).",aligned,included_noncorporate,direct_pair_with_corporate_above_threshold,corporate_T4_PG01,academic__corporate,314,1,14,2010,2025,"[""issuers"", ""environmentally"", ""renewable"", ""ecb"", ""liquidity"", ""economies"", ""bonds"", ""greener"", ""financialization"", ""bond""]"
academic_T4::academic_T4_S026,T4,"Climate strategy, carbon governance and disclosure",academic,academic_T4,academic_T4_S026,16,"Evolution of Microgrid Integration, Renewable Hedging, and Market Design",26_microgrid_renewable_hedging_pv,"Evolution of Microgrid Integration, Renewable Hedging, and Market Design","The micro-topic evolved from early concerns with market restructuring and hedging risks in utilities (2001) through various stages of market design critique (tariffs, subsidies, competition) until it converged strongly on the technical integration of PV and the necessity of advanced hedging strategies in decentralized microgrids.",2001-2009,2010-2018,2019-2023,2024-2025,"Initial focus on market restructuring, utility involvement, and the challenges of dynamic pricing tariffs in response to market volatility.","A period characterized by broad theoretical examinations of market mechanisms, including subsidy schemes, generator competition, and the impact of liberalization on pricing structures.","Increased focus on the technical implementation and regulatory environment of decentralized systems, specifically examining demand response incentives and the integration of renewables into market models.","The topic culminates in a highly specific focus on the financial risks associated with PV integration, utilizing advanced time series forecasting and robust hedging mechanisms within microgrid contexts.",Linear progression from broad market structure critique to specialized technical risk management.,The evolution shows a clear drift from macro-level market design issues (Phase 1/2) towards micro-level technical integration and financial risk mitigation (Phase 4).,aligned,included_noncorporate,direct_pair_with_corporate_above_threshold,corporate_T4_PG02,academic__corporate,136,1,18,2001,2025,"[""microgrid"", ""renewable"", ""hedging"", ""pv"", ""trading"", ""volatility"", ""aggregators"", ""tariff"", ""tariffs"", ""generators""]"
academic_T4::academic_T4_S023,T4,"Climate strategy, carbon governance and disclosure",academic,academic_T4,academic_T4_S023,15,Evolution of Participatory Governance in Digital/Smart Cities,23_governance_govtech_participatory_governments,Evolution of Participatory Governance in Digital/Smart Cities,"The micro-topic traces the evolution of governance concepts from early digital transitions to highly complex, participatory, and sustainable smart city frameworks, emphasizing the interplay between technology, infrastructure, and societal engagement.",2005-2007,2010-2015,2016-2019,2020-2025,"Initial phase focused on the foundational transition from New Public Management (NPM) limitations into Digital-Era Governance (DEG), with early considerations of ICT's role in broader governmental and urban contexts.","This phase explored the theoretical and empirical dimensions of e-governance, focusing on the radical potential of ICTs for democracy, the role of infrastructure quality, and the conceptualization of 'smart public governance' through stakeholder lenses.","The focus shifted towards the critical tension between technological determinism (informatization) and democratic ideals, heavily involving geospatial data, smart city models, and the mechanisms of digital governance.","The final, most intensive phase centered on defining and implementing Smart Sustainable City (SSC) governance. This involved developing prescriptive roadmaps, focusing on collaborative mechanisms, citizen participation, and addressing global implementation challenges across various urban contexts.",Conceptual Foundation -> Theoretical Testing -> Critical Implementation -> Prescriptive Application,"The progression shows a clear movement from broad technological adoption challenges (2005-2007) to highly specialized, prescriptive, and sustainable urban governance models (2020-2025).",aligned,included_noncorporate,manual_override_from_excluded_review,corporate_T4_PG01,,162,1,16,2005,2025,"[""governance"", ""govtech"", ""participatory"", ""governments"", ""digital"", ""ict"", ""infrastructure"", ""icts"", ""technologies"", ""edpcs""]"
academic_T4::academic_T4_S007,T4,"Climate strategy, carbon governance and disclosure",academic,academic_T4,academic_T4_S007,5,Evolution of Transboundary Water Governance and Management Paradigms,7_transboundary_hydropower_irrigation_ecosystem,Evolution of Transboundary Water Governance and Management Paradigms,"The micro-topic traces a trajectory from early concerns with sustainability and power imbalances in water access to a mature focus on complex, multi-scalar governance frameworks, heavily emphasizing participatory methods, IWRM adoption, and the critical examination of existing institutional paradigms in transboundary river basins.",2001-2007,2008-2012,2013-2017,2018-2025,"Initial phase characterized by broad concerns over water scarcity, sustainability, and power dynamics, quickly shifting into intense focus on national governance structures, institutionalization, and the role of policy in water services.","A strong pivot towards decentralized and participatory approaches, heavily influenced by Integrated Water Resource Management (IWRM) principles, with a clear focus on multi-level governance and basin-scale implementation.","Consolidation around the transboundary context, where the focus sharpens on the political dimensions (hydropolitics), regime creation, and the practical application of collaborative governance within shared river systems.","The most recent phase is characterized by a critical, theoretical lens, moving beyond mere implementation to scrutinize the limitations of current governance models (IWRM, global frameworks) and advocating for fundamental transformations towards more equitable and ecologically integrated paradigms.",Conceptualization -> Decentralization/IWRM Adoption -> Transboundary Regime Building -> Critical Transformation,"The evolution shows a clear progression from broad sustainability concerns to specific governance mechanisms, culminating in a critical meta-analysis of those mechanisms.",aligned,included_noncorporate,manual_override_from_excluded_review,corporate_T4_PG01,,378,1,23,2001,2025,"[""transboundary"", ""hydropower"", ""irrigation"", ""ecosystem"", ""sadc"", ""hydrological"", ""stakeholders"", ""dams"", ""iwrm"", ""ecological""]"
academic_T4::academic_T4_S009,T4,"Climate strategy, carbon governance and disclosure",academic,academic_T4,academic_T4_S009,6,Evolution of Urban Governance and Municipal Action,9_urbanism_municipalism_governments_governance,Evolution of Urban Governance and Municipal Action,"The micro-topic tracks the evolution of governance concepts in urbanism, moving from early focuses on infrastructure financing and elite management to later, more nuanced examinations of multi-level governance, informality, and the tension between local agency and global/national policy frameworks.",2002-2003,2004-2007,2008-2013,2014-2025,"Early focus on policy frameworks, particularly infrastructure financing and the role of national/international policy in economic development.","Shift towards examining the interplay between ecological modernization, environmental demands, and the changing governance structures in post-industrial and globalizing urban contexts.","Intense focus on the practical implementation and deficiencies of local governance structures, particularly at the municipal level, concerning sustainability, climate change, and territorial development.","Maturation into a focus on complex, multi-scalar governance dynamics, including partnerships, informality, mega-city challenges, and the ongoing tension between local agency and overarching policy structures (e.g., neoliberalism, national frameworks).",Linear progression from infrastructure/policy focus -> Ecological/Globalizing context -> Local Implementation/Sustainability Focus -> Multi-scalar Governance/Informality Critique,"The progression shows a clear deepening of focus: from macro policy (2002) to meso-level challenges (2004-2007), then to micro-level implementation (2008-2013), culminating in complex, multi-scalar critiques of governance mechanisms (2014-2025).",aligned,included_noncorporate,manual_override_from_excluded_review,corporate_T4_PG01,,359,1,23,2002,2025,"[""urbanism"", ""municipalism"", ""governments"", ""governance"", ""localism"", ""neoliberal"", ""urbanization"", ""iclei"", ""municipalities"", ""municipal""]"
academic_T4::academic_T4_S043,T4,"Climate strategy, carbon governance and disclosure",academic,academic_T4,academic_T4_S043,26,Intergenerational Climate Justice and Legal Mechanisms,43_icj_intergeneracional_intergenerational_generaciones,Intergenerational Climate Justice and Legal Mechanisms,"The micro-topic tracks the evolution of intergenerational climate justice through the lens of international and domestic legal frameworks, moving from early focus on specific vulnerabilities to a mature focus on judicial enforceability and international court mechanisms.",2003-2008,2009-2015,2017-2021,2022-2025,"Early phase characterized by identifying specific climate vulnerabilities (SIDS, atmospheric changes) and critiquing existing legal models (EU sustainable development) regarding intergenerational equity.","Transitional phase focusing on the theoretical and procedural aspects of climate justice, including academic profiles, the need for juridical transformation, and articulating human rights within international climate negotiations (UNFCCC).","Focus shifts strongly towards the mechanisms of rights realization, specifically the constitutionalization of environmental rights and the increasing focus on the enforceability and justiciability of climate litigation and judicial rulings.","Later phase concentrates on the role of specific international and regional human rights bodies (ECHR, ICJ) in demanding emissions reductions and establishing binding duties for current generations towards future generations.",Conceptualization -> Theoretical Framing -> Proceduralization/Enforceability -> Judicialization/Accountability,The progression shows a clear movement from broad thematic concerns (Phase 1) to highly specialized legal mechanisms and court outcomes (Phase 4).,aligned,included_noncorporate,direct_pair_with_corporate_above_threshold,corporate_T4_PG01,academic__corporate,77,1,14,2003,2025,"[""icj"", ""intergeneracional"", ""intergenerational"", ""generaciones"", ""justicia"", ""derechos"", ""echr"", ""climatico"", ""climatica"", ""cambio""]"
academic_T4::academic_T4_PG06,T4,"Climate strategy, carbon governance and disclosure",academic,academic_T4,academic_T4_PG06,7,Pedagogical Evolution of Participatory Sustainability Education,7_pedagogies_participatory_sdgs_unesco,Pedagogical Evolution of Participatory Sustainability Education,"The micro-topic traces the evolution of participatory educational frameworks across sustainability challenges, moving from early governance concerns to highly integrated, action-oriented pedagogical models focused on SDGs and global competencies.",2000-2003,2004-2008,2009-2017,2018-2025,"Initial focus on foundational issues: governance, interorganizational collaboration, and the epistemological challenges of integrating diverse knowledge systems (transdisciplinarity) into problem-solving.","Shift towards applying governance principles to specific crises (health, environment) and defining necessary competencies for practitioners, linking theory to institutional capacity.","Deep dive into educational theory: scrutinizing pedagogical approaches (pluralism vs. indoctrination), the role of activism, and the mechanisms of knowledge integration across disciplines and scales.","Maturation into a policy-driven, goal-oriented phase, heavily focused on achieving SDGs through transformative, participatory, and interdisciplinary curricula and governance structures.",Foundational Governance -> Competency Definition -> Theoretical Pedagogy -> SDG/Action Integration,"The evolution shows a clear trajectory from process/governance concerns (early years) to a strong focus on educational outcomes and global goals (later years), with UNESCO/SDGs becoming increasingly central.",aligned,included_noncorporate,manual_override_from_excluded_review,corporate_T4_PG01,,1248,8,25,2000,2025,"[""pedagogies"", ""participatory"", ""sdgs"", ""unesco"", ""sdg"", ""sdg4"", ""pedagogy"", ""curricular"", ""interdisciplinary"", ""literacy""]"
academic_T4::academic_T4_S012,T4,"Climate strategy, carbon governance and disclosure",academic,academic_T4,academic_T4_S012,8,Sustainable Supply Chain Coordination and Mechanism Design in Circular Economies,12_remanufacturing_remanufactured_retailer_logistics,Sustainable Supply Chain Coordination and Mechanism Design in Circular Economies,"The micro-topic evolved from early theoretical modeling of procurement equilibria to a highly focused investigation on designing incentive contracts and mechanisms to drive sustainability, particularly within the context of remanufacturing and complex supply chain coordination involving retailers and suppliers.",2005-2013,2015-2019,2020-2023,2024-2025,"Initial phase focused on foundational theoretical modeling, spanning B2B procurement equilibria and early explorations of systemic risks and cooperative models within supply chains.","The focus shifted towards applying mechanisms to manage uncertainty and environmental costs, heavily involving decentralized decision-making, hedging strategies, and the introduction of carbon taxation into supply chain models.","This phase solidified the focus on mechanism design, specifically using contracts (like two-part tariffs) and carbon pricing mechanisms (cap-and-trade) to achieve coordination and emission reduction across supply chain tiers, increasingly involving SMEs.","The most recent phase is characterized by advanced theoretical modeling, integrating remanufacturing, logistics concepts (like 3PL), and complex strategic interactions (game theory) to optimize sustainability outcomes while maintaining profitability across various channel structures.",Theoretical Foundation -> Risk/Cost Management -> Mechanism Design for Sustainability -> Advanced Integration of Circularity and Logistics,"The evolution shows a clear progression from abstract market modeling to highly specific, mechanism-driven applications within sustainable supply chains, with the core theme shifting from logistics/procurement to incentive/coordination design.",aligned,included_noncorporate,direct_pair_with_corporate_above_threshold,corporate_T4_PG01,academic__corporate,322,1,13,2005,2025,"[""remanufacturing"", ""remanufactured"", ""retailer"", ""logistics"", ""coordination"", ""incentive"", ""retailers"", ""demand"", ""supplier"", ""decentralized""]"
academic_T4::academic_T4_S050,T4,"Climate strategy, carbon governance and disclosure",academic,academic_T4,academic_T4_S050,28,GHG Emissions and Decarbonization in Higher Education Campuses,50_ghg_emissions_ghge_ecocampus,GHG Emissions and Decarbonization in Higher Education Campuses,"The micro-topic tracks the evolution of research focusing on quantifying and reducing Greenhouse Gas (GHG) emissions and carbon footprints within university campuses, moving from early case studies to detailed, multi-scoped quantitative assessments and strategic mitigation planning.",2001,2016-2019,2021-2023,2024-2025,"Early focus on specific case studies, such as cogeneration solutions for a single university, framing the issue around initial emission reduction technologies.","A period of comparative and national scoping, comparing footprints across different countries (Texas, Ireland) and focusing on the introduction of key concepts like GHG/GHGE and the need for decarbonization strategies.","Intensification into rigorous, quantitative measurement frameworks. This phase heavily emphasizes applying GHG protocols to calculate Scope 1 and Scope 2 emissions, alongside exploring mechanisms like carbon pricing.","The focus broadens to include granular source attribution (transportation, waste, food systems) and integrating human factors, such as student awareness, into the ongoing decarbonization efforts.",Case Study -> Comparative/National Scoping -> Quantitative Protocol Application -> Granular Source Attribution & Stakeholder Integration,"The evolution shows a clear progression from localized technological fixes to comprehensive, multi-scoped, and human-centric sustainability assessments.",excluded,included_noncorporate,direct_pair_with_corporate_above_threshold,corporate_T4_PG01,academic__corporate,59,1,10,2001,2025,"[""ghg"", ""emissions"", ""ghge"", ""ecocampus"", ""co2e"", ""decarbonisation"", ""emission"", ""footprint"", ""campuses"", ""heis""]"
academic_T4::academic_T4_S18,T4,"Climate strategy, carbon governance and disclosure",academic,academic_T4,academic_T4_S18,13,GHG Emissions in Healthcare Processes,18_ghg_co2e_inhalational_inhaled,GHG Emissions in Healthcare Processes,"The micro-topic tracks the evolution of quantifying and mitigating greenhouse gas (GHG) emissions and CO2 equivalents across various healthcare processes, moving from early policy discussions to highly specific procedural and delivery mode analyses.",2005-2013,2014-2018,2019-2022,2023-2025,"Early focus on high-level policy discussions, stakeholder engagement, and initial identification of specific sources like inhaled anesthetics as contributors to GHG emissions.","Shift towards applying economic and health impact models (QALYs, cost-effectiveness) alongside quantifying broader environmental burdens, including pollutants and lifecycle emissions.","Intensification on specific mitigation strategies, particularly focusing on inhaled anesthetics, and then broadening to organizational implementation challenges within national health systems like the NHS.","Maturation into a broad focus on comprehensive decarbonization strategies, quantifying emissions across various delivery modes (telehealth, imaging) and clinical contexts to drive systemic change.",,,excluded,included_noncorporate,direct_pair_with_corporate_above_threshold,corporate_T4_PG01,academic__corporate,222,1,14,2005,2025,"[""ghg"", ""co2e"", ""inhalational"", ""inhaled"", ""healthcare"", ""cardiovascular"", ""gases"", ""nhs"", ""patients"", ""imaging""]"
academic_T4::academic_T4_PG03,T4,"Climate strategy, carbon governance and disclosure",academic,academic_T4,academic_T4_PG03,3,CCS and Carbonate Utilization/Storage,3_ccs_co2_carbonates_carbonate,CCS and Carbonate Utilization/Storage,"The micro-topic evolved from early, geographically specific CCS investigations to a strong focus on subsurface safety (leakage detection), then broadened into chemical utilization pathways (carbonates), before settling into a sustained focus on the integration of CCS with energy systems and geological storage, with later years showing a strong trend toward biochar and natural carbon sinks.",2000-2003,2004-2009,2010-2018,2019-2024,"Initial phase focused on the technical and economic viability of CO2 injection for emissions mitigation, primarily within the context of energy projects and geological sequestration.","The focus diversified into chemical potential (CO2 as a solvent), societal acceptance (stakeholders), and critical subsurface safety assessments, particularly regarding aquifer leakage.","This phase saw a major shift towards process engineering and utilization, specifically examining the lifecycle costs of CCS, the potential for CO2 conversion into functional materials (carbonates), and the integration of CCS with energy sources like biomass.","The research intensified on specific utilization pathways, moving from general CCS to the chemical synthesis of carbonates and polycarbonates, and later focusing heavily on the role of biochar as a key sequestration agent alongside CCS.",Technical Viability -> Safety/Chemical Potential -> Utilization/Process Engineering -> Bio-integration/Material Science,"The topic shows a clear trajectory from early geological injection concerns to advanced chemical utilization (carbonates) and finally to biomass integration (biochar), with some years showing significant topic drift away from the core theme.",external_relevant_unpaired,included_noncorporate,direct_pair_with_corporate_above_threshold,corporate_T4_PG02,academic__corporate,1266,6,26,2000,2025,"[""ccs"", ""co2"", ""carbonates"", ""carbonate"", ""eor"", ""sequestration"", ""subsurface"", ""pipeline"", ""offshore"", ""geological""]"
academic_T4::academic_T4_S001,T4,"Climate strategy, carbon governance and disclosure",academic,academic_T4,academic_T4_S001,1,Evolution of HRM Focus: From Organizational Climate to Sustainable Workforce Management,1_shrm_hrm_workforce_hr,Evolution of HRM Focus: From Organizational Climate to Sustainable Workforce Management,"The micro-topic evolved from early conceptualizations of organizational and employee well-being (2000-2003) to a strong focus on performance measurement and intangible assets (2001-2002). It then broadened into talent retention and organizational change mechanisms (2003-2007), before shifting heavily towards integrating HRM with sustainability and broader organizational competitiveness (2012-2014). The later period (2016-2025) is characterized by a sustained focus on the interplay between organizational climate, employee engagement, and sustainable HRM practices, culminating in a strong emphasis on Green HRM and the Employee Value Proposition.",2000-2003,2004-2011,2012-2017,2018-2025,"Early focus on microeconomic motivations, employee well-being, and establishing principles for organizational improvement and talent retention.","Transition period marked by intense focus on measurement challenges, including turnover/churn, intangible asset valuation, and the role of leadership/incentives in organizational climate.","Maturation of the field into strategic HRM, heavily emphasizing the integration of HRM practices with sustainability goals, organizational transformation, and performance frameworks.","Dominance of engagement climate, organizational resources, and the rise of Green HRM (GHRM), where HRM practices are explicitly linked to environmental consciousness and sustainable development goals.",,,external_relevant_unpaired,included_noncorporate,manual_override_from_excluded_review,corporate_T4_PG01,,1111,1,26,2000,2025,"[""shrm"", ""hrm"", ""workforce"", ""hr"", ""productivity"", ""organisational"", ""transformational"", ""employees"", ""analytics"", ""retention""]"
academic_T4::academic_T4_PG04,T4,"Climate strategy, carbon governance and disclosure",academic,academic_T4,academic_T4_PG04,4,Transport Emissions and Decarbonization Trajectories,4_emissions_decarbonization_automotive_vehicular,Transport Emissions and Decarbonization Trajectories,"The micro-topic evolved from early theoretical examinations of transport externalities and economic viability to a highly focused, multi-faceted analysis of decarbonization pathways, heavily emphasizing vehicular electrification and achieving net-zero targets across various global contexts.",2000-2003,2004-2007,2008-2015,2016-2025,"Initial phase focused on applying theoretical models to analyze negative environmental externalities of transport systems, with early attention given to pricing mechanisms and intermodal transport costing.","The focus shifted towards concrete policy applications, including emission reduction targets for specific vehicle types (like diesel), congestion pricing mechanisms, and quantifying regional transport GHG emissions.","This phase centered on technological and policy hurdles for specific low-carbon solutions, notably PHEVs, and the feasibility of various low-carbon technologies across different transport modes and geographies.","The later phase became dominated by macro-level, systemic decarbonization efforts, with a strong, sustained focus on the trajectory of electromobility (EVs) and achieving net-zero targets across national and international contexts.",Theoretical Application -> Policy Mechanism Focus -> Technology Feasibility Assessment -> Systemic Electrification Trajectory,"The topic shows a clear progression from abstract economic/environmental modeling to concrete technological pathways (PHEVs/EVs) and finally to broad, systemic decarbonization roadmaps (2050 targets).",external_relevant_unpaired,included_noncorporate,direct_pair_with_corporate_above_threshold,corporate_T4_PG01,academic__corporate,1505,6,26,2000,2025,"[""emissions"", ""decarbonization"", ""automotive"", ""vehicular"", ""transport"", ""cng"", ""ev"", ""2050"", ""ghg"", ""electrification""]"
corporate_T4::corporate_T4_PG02,T4,"Climate strategy, carbon governance and disclosure",corporate,corporate_T4,corporate_T4_PG02,1,"Evolution of Hedging, Valuation, and Impairment Testing",1_expenses_hedging_nymex_ceiling,"Evolution of Hedging, Valuation, and Impairment Testing","The micro-topic tracks the evolution of how the company managed financial risks related to energy production, moving from early sensitivity analysis to detailed implementation of hedging instruments, and finally settling into complex accounting treatments like ceiling tests and impairment assessments against commodity price volatility.",2000-2002,2003-2007,2008-2015,2016-2025,"Initial focus on forecasting and sensitivity analysis regarding oil and gas pricing, influenced by OPEC and early risk disclosures.","Intense focus on the financial implications of environmental compliance costs and the active implementation of hedging strategies, particularly using NYMEX benchmarks for collars and ceilings.","Maturation of the topic into complex accounting practices, heavily involving impairment testing, amortization, and the detailed application of ceiling calculations against commodity valuations.",Shift towards sustained focus on the accounting mechanics (impairment/ceiling tests) and the ongoing management of market volatility risks through derivatives and financial estimates.,Conceptualization -> Implementation -> Accounting Formalization -> Sustained Risk Management,"The evolution shows a clear progression from market risk identification (2000s) to the technical execution of hedging contracts (mid-2000s), followed by a dominant theme of financial reporting standards (ceiling/impairment) dominating the later years.",corporate_anchor,included_corporate,all_corporate_groups_included,,,1246,4,26,2000,2025,"[""expenses"", ""hedging"", ""nymex"", ""ceiling"", ""expense"", ""incurred"", ""impairment"", ""estimated"", ""income"", ""impairments""]"
corporate_T4::corporate_T4_PG01,T4,"Climate strategy, carbon governance and disclosure",corporate,corporate_T4,corporate_T4_PG01,0,GHG Emissions Regulation and Risk Management,0_ghgs_emissions_ghg_epa,GHG Emissions Regulation and Risk Management,"The micro-topic tracks the evolution of corporate concern regarding Greenhouse Gas (GHG) emissions, transitioning from early focus on international treaties (Kyoto Protocol) and Canadian policy to an intense, sustained focus on US federal (EPA) and state-level regulatory developments, culminating in the integration of ESG investor pressure.",2003-2007,2008-2012,2013-2021,2022-2025,"Initial phase dominated by the impact and navigation of the Kyoto Protocol within the Canadian context, followed by an early focus on Canadian jurisdictional regulatory landscapes.",Shift towards a dual focus: managing inherent environmental liability risks alongside the emergence of state-level regulatory initiatives concerning GHG emissions.,"Intense focus on the increasing stringency of environmental laws, driven heavily by anticipated and actual EPA regulatory action on GHG emissions, spanning both federal and state action.","Maturation of the topic, where regulatory risk (EPA/legislation) is inextricably linked with the growing influence of ESG expectations from investors and stakeholders, particularly concerning methane and climate action targets.",Treaty/Jurisdiction Focus -> State Liability Emergence -> Regulatory Stringency Escalation -> ESG Integration,"The transition shows a clear geographical shift from Canada/Kyoto to a sustained focus on US EPA/State action, followed by the incorporation of ESG pressures.",corporate_anchor,included_corporate,all_corporate_groups_included,,,4692,4,23,2003,2025,"[""ghgs"", ""emissions"", ""ghg"", ""epa"", ""emission"", ""legislation"", ""gases"", ""methane"", ""regulation"", ""environment""]"
corporate_T4::corporate_T4_S007,T4,"Climate strategy, carbon governance and disclosure",corporate,corporate_T4,corporate_T4_S007,2,Valuation of Equity Compensation and Volatility Inputs,7_valuation_equity_compensation_volatility,Valuation of Equity Compensation and Volatility Inputs,"The micro-topic tracks the evolution of discussions around valuing equity compensation, heavily influenced by the application of option pricing models and the sensitivity to input assumptions like volatility, with a strong convergence toward FASB ASC 718 compliance in later years.",2005-2009,2010-2014,2015-2019,2020-2025,"Early focus on the mechanics of executive bonus determination, transitioning into the technical application of valuation models (like Black-Scholes) for share-based compensation and the initial consideration of volatility in compensation payouts.","Intense focus on the detailed accounting disclosures and the mechanics of applying valuation models (Black-Scholes/Monte Carlo) to determine the fair value of equity compensation, with input assumptions becoming a key discussion point.","The discussion solidifies around the application of established valuation methodologies (Black-Scholes/Monte Carlo) against the backdrop of evolving accounting standards, with volatility remaining a central, subjective input.","The topic becomes highly technical and standardized, almost exclusively focusing on procedural compliance with FASB ASC 718 regarding the fair value estimation of equity compensation, with volatility being a persistent, assumed input.",Technical Refinement and Standardization,"The progression shows a clear shift from broad bonus structure discussions (2005) to highly technical, model-driven accounting compliance (2020-2025).",corporate_anchor,included_corporate,all_corporate_groups_included,,,73,1,19,2005,2025,"[""valuation"", ""equity"", ""compensation"", ""volatility"", ""vesting"", ""paying"", ""stock"", ""value"", ""dividend"", ""payments""]"
media_T4::media_T4_S006,T4,"Climate strategy, carbon governance and disclosure",media,media_T4,media_T4_S006,1,Aviation Decarbonization Trajectory,6_2050_icao_airline_airlines,Aviation Decarbonization Trajectory,"The evolution tracks the discourse from early, narrow focus on conference travel emissions to a broad, sustained debate on the feasibility, mechanisms (offsetting vs. fuel), and regulatory frameworks required for aviation to meet net-zero targets by 2050.",2000-2004,2005-2009,2010-2018,2019-2025,"Early focus on quantifying emissions, often tied to specific events (conferences) or initial policy recognition, with a nascent look toward 2050 targets.","The debate solidifies around policy mechanisms, contrasting voluntary offsetting with the need for systemic change in aviation fuel and industry positioning.","Intense focus on the inadequacy of current solutions; a critical assessment of carbon trading schemes, biofuels, and the limitations of offsetting against the backdrop of international agreements.","The discourse matures into a sustained critique of implementation, focusing heavily on the transparency of international bodies (ICAO), the viability of offsets versus hard decarbonization, and the financial realities of net-zero targets.","Linear progression from initial problem identification to sustained, critical scrutiny of solutions.",The topic consistently maintained a long-term view (2050) while cycling through debates on offsetting vs. fuel technology.,aligned,included_noncorporate,direct_pair_with_corporate_above_threshold,corporate_T4_PG01,media__corporate,199,1,24,2000,2025,"[""2050"", ""icao"", ""airline"", ""airlines"", ""easyjet"", ""co2"", ""transport"", ""air"", ""aviation"", ""fuel""]"
media_T4::media_T4_PG01,T4,"Climate strategy, carbon governance and disclosure",media,media_T4,media_T4_PG01,0,Climate Policy Evolution: From Treaties to National Strategy,0_cop21_unfccc_cop28_ipcc,Climate Policy Evolution: From Treaties to National Strategy,"The micro-topic tracks the evolution of climate discourse from early international treaty negotiations (Kyoto) through various COP cycles, eventually shifting focus heavily towards national policy implementation, market mechanisms, and domestic political debates in Australia.",2000-2003,2004-2012,2013-2018,2019-2025,"Early focus on international climate negotiations, treaty ratification hurdles, and the role of governments in setting binding commitments.","Mid-period characterized by intense engagement with major international climate summits (Bali, Copenhagen, Doha) and the implementation challenges of protocols like Kyoto.","Shift towards the financial and technological dimensions of climate action, focusing on investment risks, CCS, and the influence of IPCC reports on policy.","Dominance of domestic political discourse, particularly in Australia, focusing on net-zero targets, market mechanisms (ACCUs), and the tension between national policy and global commitments.",,,aligned,included_noncorporate,manual_override_from_excluded_review,corporate_T4_PG01,,3225,19,26,2000,2025,"[""cop21"", ""unfccc"", ""cop28"", ""ipcc"", ""consensus"", ""governments"", ""warming"", ""kyoto"", ""negotiations"", ""copenhagen""]"
media_T4::media_T4_S022,T4,"Climate strategy, carbon governance and disclosure",media,media_T4,media_T4_S022,4,Executive Pay Linked to Sustainability Performance,22_incentives_incentive_sustainalytics_bonuses,Executive Pay Linked to Sustainability Performance,"The evolution tracks the increasing scrutiny and integration of executive compensation, bonuses, and pay structures with sustainability and ESG performance metrics over two decades.",2002-2003,2009-2014,2016-2021,2023,"Early skepticism regarding executive compensation, focusing on the inherent flaws of linking pay to market performance and general performance metrics.","A strong focus emerges on the mechanics of linking compensation directly to specific environmental targets, such as carbon budgets, and the implementation of these incentive schemes.","The discussion matures, focusing on governance, clawback provisions, and the necessity of tying pay to broader ESG and climate commitments, alongside debates on fairness.","The focus remains on the linkage between bonuses and sustainability targets, though the evidence also shows a slight diversification into broader pay discussions.",Increasing integration and specificity of sustainability metrics into executive compensation discussions.,The progression moves from general compensation critique to specific integration of carbon/ESG metrics into pay structures.,aligned,included_noncorporate,direct_pair_with_corporate_above_threshold,corporate_T4_S007,media__corporate,53,1,13,2002,2023,"[""incentives"", ""incentive"", ""sustainalytics"", ""bonuses"", ""executives"", ""esg"", ""ceos"", ""ceo"", ""compensation"", ""payouts""]"
academic_T5::academic_T5_PG14,T5,"Climate risk, adaptation and resilience",academic,academic_T5,academic_T5_PG14,20,Climate Resilience in Built Environments,40_urbanism_leed_bim_habitability,Climate Resilience in Built Environments,"The micro-topic tracks the evolution of concerns regarding climate change adaptation, resilience, and sustainability integration across infrastructure, buildings, and urban planning, moving from early policy discussions to highly technical, multi-climatic design applications.",2010-2014,2015-2018,2019-2022,2023-2025,"Early focus on climate change mitigation and adaptation, primarily through policy comparisons, GHG emissions, and initial views on infrastructure vulnerability.","Shift towards multidisciplinary integration, focusing on quantifying resilience through geophysical methods, regulatory frameworks, and transportation system adaptation planning.","Deep dive into the physical aspects of building resilience, covering material durability, lifecycle assessment, and critical reviews of existing sustainability rating systems like LEED.","Maturation into actionable, high-level design challenges, emphasizing stormproofing, multi-climatic adaptation, and the integration of advanced tools like BIM for resilient infrastructure development.",,,aligned,included_noncorporate,direct_pair_with_corporate_above_threshold,corporate_T5_PG01,academic__corporate,136,1,15,2010,2025,"[""urbanism"", ""leed"", ""bim"", ""habitability"", ""resiliency"", ""infrastructure"", ""architectural"", ""geotechnical"", ""retrofitting"", ""building""]"
academic_T5::academic_T5_PG11,T5,"Climate risk, adaptation and resilience",academic,academic_T5,academic_T5_PG11,16,Disaster Preparedness Evolution,16_preparedness_disasters_cdc_emergencies,Disaster Preparedness Evolution,"The micro-topic traces a clear evolution from early, specific disaster response assessments (earthquakes, bioterrorism) to highly complex, systemic, and interdisciplinary frameworks focusing on resilience, education, and multi-agency collaboration across various hazard types.",2002-2005,2006-2010,2011-2017,2018-2025,"Initial phase characterized by applying standardized templates to specific, acute disasters (earthquakes, bioterrorism threats), focusing on immediate medical response assessment and theoretical frameworks.","Shift towards detailed operational case studies (Hurricanes, Katrina) and the integration of specific threat types (CBRNE, Typhoons) into preparedness planning, alongside early focus on logistical challenges.","Maturation into comprehensive risk reduction frameworks, moving beyond immediate response to address long-term systemic vulnerabilities, including trauma, biobank integrity, and integrating public health into infrastructure resilience.","The final phase is defined by a strong emphasis on systemic integration: focusing on the built environment (Fukushima, construction), educational interventions (schools, caregivers), and the necessity of interorganizational collaboration and multi-agency efforts for enhanced survivability.",Specific Hazard Response -> Operational Logistics & Threat Integration -> Systemic Resilience & Infrastructure Integration -> Interdisciplinary Collaboration & Human Capital Development,"The progression shows a clear move from 'what happened' (specific disaster reports) to 'how do we survive and recover better' (systemic, educational, and collaborative frameworks).",aligned,included_noncorporate,manual_override_from_excluded_review,corporate_T5_PG01,,584,4,24,2002,2025,"[""preparedness"", ""disasters"", ""cdc"", ""emergencies"", ""triage"", ""disaster"", ""responders"", ""emergency"", ""fchvs"", ""rehabilitation""]"
academic_T5::academic_T5_S054,T5,"Climate risk, adaptation and resilience",academic,academic_T5,academic_T5_S054,28,Evolution of Organizational Resilience and Adaptive Capabilities,54_adaptability_strategic_agile_capabilities,Evolution of Organizational Resilience and Adaptive Capabilities,"The micro-topic traces the evolution of organizational resilience from early strategic planning concepts to a highly formalized focus on adaptive capabilities in response to complex, global disruptions, integrating governance, sustainability, and agile methodologies.",2002-2003,2011-2017,2018-2022,2023-2025,"Initial focus on high-level strategic thinking, planning, and the concept of ambidexterity as a precursor to handling uncertainty.","A sustained period focused on applying resilience concepts across various contexts (transport, crisis management, sustainability), moving from reactive survival to proactive capability building.","Theoretical deepening, integrating governance (ESG), paradox theory, and a strong focus on the mechanisms of survival during major systemic shocks.","The topic matures into a systematic conceptualization of organizational resilience, heavily emphasizing adaptability, agile transformation, and high-level strategic frameworks in response to global disruptions.",Conceptualization -> Application -> Theoretical Integration -> Formalization/Systematization,"The progression shows a clear shift from abstract strategic planning (2002) to domain-specific application (2011-2017), followed by theoretical refinement (2018-2022), culminating in a broad, systematic modeling of adaptive capabilities (2023-2025).",aligned,included_noncorporate,direct_pair_with_corporate_above_threshold,corporate_T5_PG01,academic__corporate,90,1,16,2002,2025,"[""adaptability"", ""strategic"", ""agile"", ""capabilities"", ""capability"", ""disruptions"", ""competitiveness"", ""agility"", ""ambidexterity"", ""organisational""]"
academic_T5::academic_T5_PG04,T5,"Climate risk, adaptation and resilience",academic,academic_T5,academic_T5_PG04,3,Integrated Participatory Urban Resilience and Sustainable Development,3_urbanism_placemaking_sdgs_participatory,Integrated Participatory Urban Resilience and Sustainable Development,"The micro-topic traces an evolution from theoretical complexity in planning to a highly integrated, action-oriented focus on participatory methods, resilience, and sustainability across various urban scales, culminating in an emphasis on ethical and transformative design.",2000-2003,2004-2009,2010-2017,2018-2025,"Initial phase focused on establishing the theoretical necessity of integrated, participatory planning to manage the inherent complexity of urban systems and integrate sustainability into planning cycles.","The focus broadened from pure complexity to applying theoretical frameworks like Social-Ecological Systems (SES) and scenario planning, while also beginning to integrate social participation and regional development agendas.","This phase saw a strong pivot towards actionable implementation, heavily emphasizing participatory processes, gender mainstreaming, and linking planning efforts directly to global sustainability goals (like MDGs and SDGs) across different scales.","The final phase is characterized by a mature, transdisciplinary approach, focusing intensely on co-producing knowledge, enhancing urban resilience against systemic shocks (including climate change), and embedding ethical considerations into placemaking and design.",Theoretical Foundation -> Systemic Application -> Participatory Implementation -> Transdisciplinary Resilience,"The progression shows a clear shift from abstract theoretical concerns (complexity, SES) to concrete, large-scale implementation challenges (MDGs, SDGs, resilience), culminating in a focus on knowledge co-production and ethical design.",aligned,included_noncorporate,manual_override_from_excluded_review,corporate_T5_PG01,,1271,4,26,2000,2025,"[""urbanism"", ""placemaking"", ""sdgs"", ""participatory"", ""planners"", ""urbanization"", ""planning"", ""urban"", ""municipalities"", ""stakeholders""]"
academic_T5::academic_T5_S043,T5,"Climate risk, adaptation and resilience",academic,academic_T5,academic_T5_S043,23,Interconnected Global Crises and Pandemic Impacts,43_epidemic_pandemics_crises_pandemic,Interconnected Global Crises and Pandemic Impacts,"The micro-topic tracks the evolving academic focus on pandemics as a nexus point interacting with climate change, socio-economic fragility, geopolitical instability, and global development goals across the years.",2020,2021-2022,2023-2024,2025,"Initial focus on the pandemic as a theoretical nexus point linking environmental, social, and financial systems under profound, invisible risk.","Shift towards examining compounded crises (syndemics) and systemic fragilities, integrating climate change and socio-economic inequality into recovery narratives.","Focus broadens to the interaction between pandemics, geopolitical conflicts, and the achievement of Sustainable Development Goals (SDGs), alongside granular societal impacts.","Narrowing towards quantifiable, operational impacts, specifically examining environmental metrics like emissions and atmospheric effects during the pandemic.",Theoretical Nexus -> Systemic Integration -> Global Policy Context -> Quantifiable Impact,"The progression shows a movement from highly abstract, theoretical risk framing to concrete policy and environmental measurement.",aligned,included_noncorporate,direct_pair_with_corporate_above_threshold,corporate_T5_PG01,academic__corporate,115,1,6,2020,2025,"[""epidemic"", ""pandemics"", ""crises"", ""pandemic"", ""outbreak"", ""crisis"", ""epidemics"", ""lockdown"", ""preparedness"", ""lockdowns""]"
academic_T5::academic_T5_S060,T5,"Climate risk, adaptation and resilience",academic,academic_T5,academic_T5_S060,32,Logistics Resiliency and SCM Disruption,60_logistics_resiliency_disruption_scm,Logistics Resiliency and SCM Disruption,"The micro-topic evolved from an initial focus on integrating energy efficiency into SCM theory (2010) to a sustained, highly quantitative focus on designing and measuring supply chain resilience against complex, multi-faceted disruptions across various industries, culminating in advanced modeling techniques.",2010-2012,2014-2018,2019-2022,2023-2025,"Early phase focused on foundational concepts, specifically integrating energy efficiency into logistics/SCM (2010) and establishing the academic pursuit of resilience against general disruptions (2012).","The focus shifted towards network design and quantitative assessment, balancing sustainability objectives with resilience against specific risks like carbon emissions, shortages, and uncertainty using early indicators and modeling techniques.","This phase introduced more complex modeling and strategic considerations, moving beyond simple indicators to incorporate concepts like practical wisdom (2019), strategic competitiveness (2020), and adaptation strategies like reshoring in response to global shocks.","The final phase is characterized by a high degree of methodological maturity, heavily emphasizing the application of advanced, multi-objective mathematical modeling (MINLP, stochastic programming) to quantify and enhance resilience across highly specific, complex supply chains (e.g., pharma, oil, multisourcing).",Conceptual Foundation -> Network Design & Quantification -> Strategic Adaptation & Modeling -> Advanced Multi-Objective Optimization,"The evolution shows a clear progression from broad theoretical integration (energy/risk) to increasingly granular and mathematically intensive modeling of resilience against specific, complex disruptions.",aligned,included_noncorporate,direct_pair_with_corporate_above_threshold,corporate_T5_PG01,academic__corporate,74,1,13,2010,2025,"[""logistics"", ""resiliency"", ""disruption"", ""scm"", ""disruptions"", ""supplier"", ""reshoring"", ""supply"", ""transshipment"", ""manufacturing""]"
academic_T5::academic_T5_PG10,T5,"Climate risk, adaptation and resilience",academic,academic_T5,academic_T5_PG10,15,Macroprudential Liquidity Volatility and Fintech,15_macroprudential_liquidity_volatility_fintech,Macroprudential Liquidity Volatility and Fintech,"The micro-topic initially focused on risk mitigation in developing economies (agriculture/microfinance) before undergoing a significant thematic shift towards quantitative financial modeling, climate change risk integration into financial regulation, and the application of macroprudential tools to systemic financial stability.",2001-2007,2008-2013,2015-2019,2020-2025,"Early focus on risk mitigation in developing economies, spanning microfinance, agricultural insurance, and early applications of derivatives and risk modeling in emerging markets.","A period of thematic diffusion, where the topic touched upon climate change impacts on the financial sector, retirement security, and the challenges within residual insurance markets.","The topic coalesces around integrating climate change risks into financial stability frameworks, utilizing advanced quantitative metrics (like GARCH) and focusing on the financial sector's response to environmental externalities.","The most recent phase is characterized by a strong focus on systemic financial resilience, specifically applying macroprudential tools, ESG integration, and analyzing the impact of climate transition risks on banking and real estate assets.","The evolution shows a clear trajectory from localized, physical risk management (agriculture/microfinance) to increasingly systemic, quantitative, and regulatory concerns (macroprudential policy and climate transition risk in finance).","The evidence shows a strong drift away from the 'fintech' aspect of the topic name, with the later years heavily emphasizing macroprudential and climate risk integration into established financial systems.",aligned,included_noncorporate,direct_pair_with_corporate_above_threshold,corporate_T5_PG01,academic__corporate,347,3,21,2001,2025,"[""macroprudential"", ""liquidity"", ""volatility"", ""fintech"", ""reits"", ""esg"", ""fcre"", ""sector"", ""issuers"", ""bankers""]"
academic_T5::academic_T5_PG07,T5,"Climate risk, adaptation and resilience",academic,academic_T5,academic_T5_PG07,7,Pollution and Climate Health Nexus,7_environmentally_emissions_pollution_pollutants,Pollution and Climate Health Nexus,"The micro-topic tracks the evolution of research linking environmental pollutants and emissions to human health outcomes, transitioning from localized haze/indoor air quality concerns to broad, integrated global climate change and air quality assessments, with a strong, sustained focus on aviation's role.",2001-2004,2006-2011,2012-2018,2019-2025,"Early focus on localized environmental hazards, including haze impacts, indoor air quality triggers, and initial climate science reviews.","Broadening scope to include specific pollutant exposures (PAH, particulate matter) alongside early integration of climate change frameworks and adaptation discussions.",Deepening the focus on quantifying climate impacts and air pollution's effect on mortality and health disparities across different geographic contexts.,"Intensification on the climate-health nexus, with a pronounced, sustained emphasis on aviation emissions, decarbonization, and technological mitigation strategies.",,,aligned,included_noncorporate,direct_pair_with_corporate_above_threshold,corporate_T5_PG01,academic__corporate,725,4,24,2001,2025,"[""environmentally"", ""emissions"", ""pollution"", ""pollutants"", ""threats"", ""pubmed"", ""patients"", ""noncommunicable"", ""pahs"", ""malnutrition""]"
academic_T5::academic_T5_PG01,T5,"Climate risk, adaptation and resilience",academic,academic_T5,academic_T5_PG01,0,Agroecological Adaptation to Climate Variability,0_agroecology_agricultural_crops_climatic,Agroecological Adaptation to Climate Variability,"The micro-topic tracks the evolution of research focusing on how agricultural systems, particularly those involving smallholders, respond to climatic variability, ranging from early hydrological assessments to integrated agroecological and policy responses.",2000-2003,2004-2009,2010-2017,2018-2025,"Early focus on extreme hydrological events (floods, droughts) and their direct physical impacts on landscapes and ecosystems.","Shift towards socio-ecological systems, focusing on community coping mechanisms, pastoralist survival, and the immediate impacts of drought and climatic variability on livelihoods.","Increased emphasis on policy integration, adaptation strategies (like CSA), and the scientific quantification of climate change impacts on agricultural systems, though sometimes mixed with non-agroecological themes.","Dominant focus on the integration of agroecology principles, smallholder resilience, and the quantitative assessment of climate change impacts on crop yields and water balances across diverse geographical contexts.",,,excluded,included_noncorporate,direct_pair_with_corporate_above_threshold,corporate_T5_PG01,academic__corporate,5322,12,26,2000,2025,"[""agroecology"", ""agricultural"", ""crops"", ""climatic"", ""smallholder"", ""agroecological"", ""agri"", ""livelihoods"", ""agriculture"", ""crop""]"
academic_T5::academic_T5_S055,T5,"Climate risk, adaptation and resilience",academic,academic_T5,academic_T5_S055,29,Livelihood Vulnerability in Coastal Bangladesh,55_bangladesh_livelihoods_sundarbans_floods,Livelihood Vulnerability in Coastal Bangladesh,"The micro-topic tracks the evolution of research on livelihood vulnerability in Bangladesh's coastal regions, shifting from early focuses on household poverty and flood coping mechanisms to increasingly detailed, multi-faceted assessments incorporating ecosystem dynamics (Sundarbans, mangroves), advanced climate modeling (IPCC), and comprehensive disaster risk reduction strategies.",2006-2010,2013-2017,2018-2022,2023-2025,"Initial focus on household-level poverty, vulnerability, and coping strategies in flood-prone areas, gradually broadening to include the ecological context of the Sundarbans and early climate change adaptation discussions.","A period characterized by assessing livelihood vulnerability against specific environmental hazards like erosion and floods, with a strong emphasis on participatory approaches and the role of mangroves in coastal resilience.","The research deepens into rigorous, quantitative vulnerability assessments, integrating global frameworks (like IPCC) and focusing on the interplay between socioeconomic factors, flooding, and the specific threats within the Sundarbans ecosystem.","The most recent phase shows a highly comprehensive view, focusing on the multifaceted impacts of climate change (floods, cyclones, erosion) on livelihoods, integrating infrastructure efficacy, and analyzing the role of institutional responses and NGOs.",Conceptual Deepening and Broadening,"The evolution shows a clear progression from micro-level household poverty analysis (2006) to macro-level, integrated risk assessment incorporating geophysical processes and policy frameworks (2024-2025).",excluded,included_noncorporate,direct_pair_with_corporate_above_threshold,corporate_T5_PG01,academic__corporate,89,1,15,2006,2025,"[""bangladesh"", ""livelihoods"", ""sundarbans"", ""floods"", ""livelihood"", ""mangrove"", ""coastal"", ""upazilas"", ""sundarban"", ""cyclones""]"
academic_T5::academic_T5_S075,T5,"Climate risk, adaptation and resilience",academic,academic_T5,academic_T5_S075,37,Occupational Heat Stress and Thermal Safety,75_workers_osh_ohs_heat,Occupational Heat Stress and Thermal Safety,"The micro-topic tracks the evolution of research on occupational heat hazards, moving from early physiological mechanism assessments to highly specific industrial interventions, then broadening to systemic socioeconomic vulnerabilities, and finally focusing on integrated thermal risk management and policy adaptation in hot climates.",2009-2013,2014-2019,2020-2023,2024-2025,"Initial focus on establishing the physiological mechanisms of heat impact, ranging from general climate change effects on work capacity to specific quantitative assessments in agricultural settings.","Diversification of focus, including exposure to other environmental hazards (UV, allergens), followed by specific technological interventions (insulation, cool coats) and detailed physiological outcomes like AKI.","A shift towards systematic reviews and applying thermal assessments to defined workplace microclimates, focusing on mitigation strategies and physiological strain measurement.","Consolidation into a strong focus on proactive safety protocols, policy interventions, and the direct, pervasive threat of heat stress in tropical and hot environments, emphasizing adaptation.",Mechanism -> Intervention/Diversification -> Systemic Assessment -> Policy/Adaptation,"The progression shows a clear trend from theoretical/physiological modeling to practical, context-specific application and policy recommendation.",excluded,included_noncorporate,direct_pair_with_corporate_above_threshold,corporate_T5_PG01,academic__corporate,53,1,14,2009,2025,"[""workers"", ""osh"", ""ohs"", ""heat"", ""workplaces"", ""cooling"", ""workplace"", ""thermal"", ""ergonomics"", ""safety""]"
academic_T5::academic_T5_S014,T5,"Climate risk, adaptation and resilience",academic,academic_T5,academic_T5_S014,9,Student Environmental Literacy and Climate Education,14_proenvironmental_students_eco_learners,Student Environmental Literacy and Climate Education,The micro-topic tracks the evolution of research focusing on how students acquire knowledge and develop attitudes regarding climate change and sustainability through various educational contexts and psychological lenses.,2006-2013,2014-2018,2019-2022,2023-2025,"Early focus on societal communication, crisis response, and identifying psychological barriers to pro-environmental behavior within educational settings.","Shift towards methodological application, including international collaboration, specific psychological models (e.g., TTM), and examining cognitive defenses related to environmental threats.","Strong emphasis on implementing educational frameworks, such as SDGs and environmental literacy, across different curricula and contexts, alongside assessing student perceptions.",Consolidation on the necessity of comprehensive climate change education and literacy integration across diverse educational levels and disciplines to foster adaptive citizenship.,,,excluded,included_noncorporate,manual_override_from_excluded_review,corporate_T5_PG01,,364,1,17,2006,2025,"[""proenvironmental"", ""students"", ""eco"", ""learners"", ""learning"", ""participants"", ""undergraduates"", ""sdgs"", ""psychology"", ""cognitive""]"
academic_T5::academic_T5_S047,T5,"Climate risk, adaptation and resilience",academic,academic_T5,academic_T5_S047,25,Climate-Security Nexus in Conflict Zones,47_peacebuilding_geopolitical_geopolitics_insurgences,Climate-Security Nexus in Conflict Zones,"The micro-topic tracks the evolution of how environmental change, climate threats, and geopolitical dynamics intersect with peacebuilding efforts and armed conflict across various regions.",2000-2004,2007-2012,2013-2019,2020-2025,Early focus on the sustainability of peace after conflicts and the initial intersection of global environmental issues with state security.,"A period characterized by debates on security linkages, focusing on human security, migration, and the geopolitical framing of environmental constraints.","Deepening the focus on specific conflict drivers, linking environmental degradation directly to insurgency, social unrest, and the critique of militaristic responses.","The most recent phase emphasizes the integrated policy response, focusing on geopolitical analysis, conflict management, and the role of international actors (like NATO) in peacebuilding amidst climate threats.",Broad conceptualization -> Security Framing -> Conflict Causality -> Policy Integration,"The topic consistently maintained a link between environmental factors and conflict, but the emphasis shifted from broad geopolitical debates (early years) to specific conflict drivers (mid-period) and finally to integrated policy/peacekeeping frameworks (later years).",external_relevant_unpaired,included_noncorporate,manual_override_from_excluded_review,corporate_T5_PG01,,99,1,20,2000,2025,"[""peacebuilding"", ""geopolitical"", ""geopolitics"", ""insurgences"", ""afghanistan"", ""insurgency"", ""conflict"", ""militaries"", ""ecomigration"", ""nato""]"
academic_T5::academic_T5_S042,T5,"Climate risk, adaptation and resilience",academic,academic_T5,academic_T5_S042,22,Fishery Resilience and Livelihood Adaptation,42_fishery_fisheries_livelihoods_fisherfolks,Fishery Resilience and Livelihood Adaptation,"The micro-topic tracks the evolution of research focusing on the resilience and livelihood security of fisherfolk across various geographical contexts, initially touching on subsistence risks before heavily focusing on climate change impacts, adaptive capacity, and integrated management strategies.",2003,2007-2012,2013-2020,2021-2025,"Early focus on subsistence risks and occupational choices, drawing parallels between hazardous subsistence activities (like mining) and livelihood security.","Initial application of resilience theory to the fishing industry, followed by an investigation into adaptive responses to pressures like overfishing and policy changes.","Intense focus on the impacts of environmental shocks (including climate change and natural disasters) on fishing livelihoods, alongside developing resilience and vulnerability assessment frameworks.","Maturation into a multidimensional approach, heavily emphasizing climate change adaptation strategies, ecosystem health (like coral reefs), and the quantification of livelihood capitals and adaptive capacity.",Conceptualization -> Resilience Testing -> Impact Assessment -> Integrated Adaptation/Quantification,"The topic shows a clear progression from broad livelihood concerns to highly specialized, data-driven assessments of climate change adaptation and ecosystem vulnerability.",external_relevant_unpaired,included_noncorporate,direct_pair_with_corporate_above_threshold,corporate_T5_PG01,academic__corporate,118,1,16,2003,2025,"[""fishery"", ""fisheries"", ""livelihoods"", ""fisherfolks"", ""fisherfolk"", ""livelihood"", ""fishers"", ""fishermen"", ""fishing"", ""reefs""]"
academic_T5::academic_T5_PG06,T5,"Climate risk, adaptation and resilience",academic,academic_T5,academic_T5_PG06,5,Geopolitical Drivers of Energy Transition,5_decarbonization_renewables_renewable_geopolitical,Geopolitical Drivers of Energy Transition,"The micro-topic tracked the evolution of energy transition discourse from early theoretical frameworks on societal change to a mature focus on geopolitical competition, policy implementation, and the application of advanced technologies like AI to climate challenges.",2001-2003,2005-2010,2011-2018,2019-2025,"Early conceptualization focused on the theoretical management of societal and economic transitions, particularly in post-communist contexts.","The focus shifted towards specific energy security concerns, including geopolitical resource competition (Caspian Sea) and the evaluation of early policy frameworks and transition models.","This phase solidified the core themes, heavily emphasizing the interplay between government policy, technological diffusion, and the inherent geopolitical tensions driving the shift towards renewables.","The discourse matured into a focus on large-scale systemic challenges, including the contestation of energy paradigms, the quantitative assessment of emissions reduction, and the increasing role of AI in climate monitoring and risk assessment.",,,external_relevant_unpaired,included_noncorporate,manual_override_from_excluded_review,corporate_T5_PG01,,771,4,24,2001,2025,"[""decarbonization"", ""renewables"", ""renewable"", ""geopolitical"", ""emissions"", ""eu"", ""energy"", ""russia"", ""economies"", ""sector""]"
academic_T5::academic_T5_S048,T5,"Climate risk, adaptation and resilience",academic,academic_T5,academic_T5_S048,26,Glacier Dynamics and Cryospheric Change in Mountain Systems,48_glaciers_cryosphere_meltwater_glacier,Glacier Dynamics and Cryospheric Change in Mountain Systems,"The micro-topic tracks the evolution of research focusing on glaciers and the cryosphere across various mountain ranges (Himalaya, Andes, Tibetan Plateau). The focus shifts from early proxy/drought assessments to detailed, quantitative monitoring of mass balance, retreat rates, and hydrological impacts, increasingly utilizing advanced remote sensing techniques.",2000-2005,2008-2013,2014-2019,2020-2025,"Early phase characterized by broad investigations into climate variability, using proxy records (paleoclimate) and regional monitoring (PNW, Nevada) to frame the context of water availability and climate oscillations, with limited direct glacier focus.","The focus narrows onto specific glacial systems (Himalaya, Andes) and methodologies. There is a strong methodological thread involving geostatistics and field monitoring, alongside initial assessments of glacier response timescales.","A period of intense quantitative modeling and regional specialization. Research heavily targets mass balance modeling, retreat rates, and the influence of major climate drivers (ENSO, precipitation) across the Himalayan and Andean regions.","The most advanced phase, characterized by high-resolution, quantitative assessments using advanced remote sensing (altimetry, MODIS). The focus shifts to quantifying specific cryospheric components like rock glaciers, supraglacial processes, and detailed mass change dynamics in the Tibetan Plateau and Andes.",Methodological Refinement and Geographic Intensification,"The evolution shows a clear progression from broad climate context (2000-2005) to specific glacial modeling (2014-2019), culminating in highly technical, quantitative cryospheric measurements (2020-2025).",external_relevant_unpaired,included_noncorporate,manual_override_from_excluded_review,corporate_T5_PG01,,99,1,19,2000,2025,"[""glaciers"", ""cryosphere"", ""meltwater"", ""glacier"", ""glacial"", ""supraglacial"", ""glacierized"", ""himalaya"", ""icefields"", ""andes""]"
academic_T5::academic_T5_S074,T5,"Climate risk, adaptation and resilience",academic,academic_T5,academic_T5_S074,36,Transport Emissions and Climate Mitigation Strategies,74_transport_emissions_climatique_transportation,Transport Emissions and Climate Mitigation Strategies,"The micro-topic tracks the evolution of research on transport emissions and climate mitigation, moving from early, geographically specific risk assessments to highly integrated, quantitative, and scenario-based planning frameworks focused on achieving net-zero targets.",2007-2013,2015-2019,2020-2023,2024-2025,"Early phase characterized by geographically constrained policy and scenario planning, focusing on immediate risks from fossil fuels and climate change in specific urban contexts (Sydney, Kathmandu).","Mid-period shift towards actionable tools and broader comparative analysis, focusing on decarbonization pathways, infrastructure potential (cycling), and applying quantitative assessments across various geographical and socioeconomic contexts.","Intensification around global climate commitments (COP21), emphasizing systemic change, policy integration, and the development of advanced analytical metrics (e.g., carbon accessibility) to drive modal shifts.","Most recent phase characterized by a highly mature, forward-looking focus on comprehensive, long-term quantitative modeling, scenario planning (e.g., 2050 targets), and integrating transport into major global sustainability goals (SDG11).",Geographically Specific Risk Assessment -> Actionable Tool Application & Comparative Analysis -> Systemic Policy Integration & Advanced Metrics -> Long-Term Quantitative Scenario Planning,"The progression shows a clear trend from localized problem identification to global, quantitative solution pathway modeling.",external_relevant_unpaired,included_noncorporate,manual_override_from_excluded_review,corporate_T5_PG01,,53,1,13,2007,2025,"[""transport"", ""emissions"", ""climatique"", ""transportation"", ""micromobility"", ""mobility"", ""transit"", ""motorisation"", ""bikenodeplanner"", ""tramway""]"
corporate_T5::corporate_T5_PG01,T5,"Climate risk, adaptation and resilience",corporate,corporate_T5,corporate_T5_PG01,0,Operational Hazards and Liability Management,0_hazards_disruptions_pipelines_damages,Operational Hazards and Liability Management,"The micro-topic tracks the evolution of risks associated with energy infrastructure, moving from early focus on resource estimation and regional exposure to a sustained, high-frequency focus on physical hazards, operational failures (blowouts, spills), and resulting financial liabilities across marine and terrestrial pipelines.",2000-2002,2003-2008,2009-2017,2018-2025,"Early focus on uncertainty in resource estimation, regional geographic exposure (Gulf Coast), and initial identification of operational hazards and liabilities.","Intensification of focus on deepwater and marine operational risks, detailing the intersection of physical hazards (weather, accidents) and resulting financial liabilities.","Broadening scope to include transportation constraints, regulatory scrutiny, and the persistent threat of physical hazards across both marine and terrestrial pipelines.","Dominance of climate change impacts, severe weather events, and systemic risks (like GHG regulation) as primary drivers of operational disruptions and associated liabilities.",,,corporate_anchor,included_corporate,all_corporate_groups_included,,,4059,6,26,2000,2025,"[""hazards"", ""disruptions"", ""pipelines"", ""damages"", ""gulf"", ""liabilities"", ""marine"", ""blowouts"", ""pipeline"", ""pollution""]"
media_T5::media_T5_S000,T5,"Climate risk, adaptation and resilience",media,media_T5,media_T5_S000,0,Climate Risk Perception and Adaptation Strategies,0_abstract_rotterdam_flooded_efficiency,Climate Risk Perception and Adaptation Strategies,"The micro-topic tracked the evolution of climate change discourse from abstract global limits to concrete, localized impacts, heavily emphasizing flood risk, extreme weather events, and the tension between economic development and necessary adaptation.",2000-2003,2004-2008,2009-2014,2015-2025,"Early focus on global environmental limits, resource depletion, and the initial scientific warnings regarding increased storm frequency and climate impacts.","The discourse matures into policy debates, ideological conflict, and the recognition of climate change as both a profound threat and a political/economic opportunity.","Intensification of crisis framing, moving towards systemic vulnerability, resilience planning, and the intersection of climate perils with economic and urban planning responses.","A strong shift towards documenting severe, localized manifestations of climate change, particularly extreme heatwaves and flooding events across various geographies, alongside ongoing adaptation efforts.",,,external_relevant_unpaired,included_noncorporate,direct_pair_with_corporate_above_threshold,corporate_T5_PG01,media__corporate,1553,1,26,2000,2025,"[""abstract"", ""rotterdam"", ""flooded"", ""efficiency"", ""surge"", ""citizens"", ""coast"", ""responsibility"", ""thresholds"", ""learn""]"
academic_T6::academic_T6_S045,T6,"Ecosystems, pollution and environmental stewardship",academic,academic_T6,academic_T6_S045,28,Air Pollution Monitoring and Mitigation Technologies,45_emissions_pollution_pollutants_sensors,Air Pollution Monitoring and Mitigation Technologies,"The micro-topic traces the evolution of air pollution research from early case studies on specific pollution sources (like road traffic and industrial emissions) to a highly integrated focus on advanced sensing technologies, geospatial modeling, and the application of AI/analytics for comprehensive environmental protection.",2001-2005,2007-2014,2017-2021,2022-2025,Early phase focused on foundational case studies applying integrated air quality management systems and policy recommendations to specific pollution sources like road traffic and industrial emissions.,"Transition phase heavily focused on the technological infrastructure, specifically the deployment and integration of sensor networks (WSN, ICT) and advanced geospatial techniques (GIS, 3D modeling) for monitoring.","Focus shifts towards applying monitoring data to specific pollutant types (SO2, PM10, NOx) and linking exposure to health outcomes, while also beginning to incorporate broader context like Olympic events or regional trends.","The most recent phase is characterized by the integration of cutting-edge computational methods, including AI, ontology, and advanced analytics, into monitoring frameworks to achieve holistic environmental protection assessments across diverse geographies.","Technology Adoption and Integration: From localized source identification (Phase 1) to infrastructure deployment (Phase 2), followed by targeted impact assessment (Phase 3), culminating in knowledge-driven, AI-enhanced monitoring systems (Phase 4).",The evolution shows a clear progression from problem definition via case studies to solution implementation via advanced data science.,aligned,included_noncorporate,manual_override_from_excluded_review,corporate_T6_PG01,,194,1,21,2001,2025,"[""emissions"", ""pollution"", ""pollutants"", ""sensors"", ""emission"", ""iot"", ""ai"", ""technologies"", ""analytics"", ""pm10""]"
academic_T6::academic_T6_PG03,T6,"Ecosystems, pollution and environmental stewardship",academic,academic_T6,academic_T6_PG03,2,Biodiversity Crisis and Anthropocene Governance,2_biodiversity_anthropocene_ecosystems_extinctions,Biodiversity Crisis and Anthropocene Governance,"The micro-topic tracks the evolution of biodiversity concerns from early publication/valuation challenges through to complex, globally integrated frameworks emphasizing indigenous knowledge, ecosystem services, and the Anthropocene context.",2000-2003,2004-2009,2010-2017,2018-2024,"Initial phase focused on the practical challenges of conservation science, including publication hurdles, integrating ecological concepts with economic valuation, and early critiques of biodiversity loss.","A period of escalating crisis framing, moving from global extinction threats and bioregional planning to advocating for governance models that integrate non-scientific, communal knowledge systems.","Focus shifted towards developing comprehensive scientific and theoretical frameworks, emphasizing ecosystem services measurement, interdisciplinary integration, and the philosophical necessity of holistic perspectives in conservation science.","The most recent phase centers on the practical application of values-led management, heavily emphasizing stewardship, place-based knowledge, and the implementation challenges of global biodiversity frameworks within specific cultural contexts.",Crisis Recognition -> Knowledge Integration -> Framework Development -> Values-Led Implementation,"The evolution shows a clear trajectory from methodological/economic concerns (2000-2003) to a strong emphasis on socio-cultural integration (2003-2009), followed by scientific maturation (2010-2017), culminating in a focus on implementation and indigenous perspectives within the Anthropocene context (2018-2024).",aligned,included_noncorporate,manual_override_from_excluded_review,corporate_T6_S002,,3399,12,26,2000,2025,"[""biodiversity"", ""anthropocene"", ""ecosystems"", ""extinctions"", ""conserving"", ""ecology"", ""conservationists"", ""extinction"", ""ecologists"", ""biological""]"
academic_T6::academic_T6_S099,T6,"Ecosystems, pollution and environmental stewardship",academic,academic_T6,academic_T6_S099,38,Biodiversity Reporting and Corporate Accountability Evolution,99_biodiversity_cop15_ecopedagogy_csr,Biodiversity Reporting and Corporate Accountability Evolution,"The micro-topic tracks the evolution of biodiversity concerns within corporate sustainability discourse, moving from early theoretical applications in specific industries to advanced critiques of reporting frameworks and the necessity of paradigm shifts like ecopedagogy.",2005-2012,2013-2018,2019-2023,2024-2025,"Early focus on applying biodiversity concepts within specific industrial contexts (e.g., forestry, industrial ecology) and assessing initial Corporate Social Responsibility (CSR) reporting on ecosystem health.","Maturation of the topic towards accountability and measurement, focusing on the need for interdisciplinary frameworks, biodiversity accounting, and rigorous corporate disclosure mechanisms.","Intensification on the technical aspects of measurement, focusing on developing performance indicators, linking to global targets (SDGs), and assessing extinction risk through reporting.","A critical turn towards systemic transformation, heavily emphasizing ecopedagogy, degrowth, and the politicization of reporting standards (like GRI) as insufficient responses to biodiversity loss.",,,aligned,included_noncorporate,manual_override_from_excluded_review,corporate_T6_PG01,,63,1,18,2005,2025,"[""biodiversity"", ""cop15"", ""ecopedagogy"", ""csr"", ""sectors"", ""biological"", ""corporates"", ""corporations"", ""corporate"", ""extinction""]"
academic_T6::academic_T6_S107,T6,"Ecosystems, pollution and environmental stewardship",academic,academic_T6,academic_T6_S107,41,Coastal Eco-Pollution Dynamics in China,107_coastal_hainan_eco_pollution,Coastal Eco-Pollution Dynamics in China,"The micro-topic tracked the evolution of research on coastal ecosystem health, moving from theoretical modeling of carrying capacity to detailed analyses of pollution, economic coupling, and regional management strategies across various Chinese coasts.",2013-2015,2017-2019,2020-2023,2024-2025,"Early phase focused on establishing theoretical frameworks, primarily using Integrated Carrying Capacity (ICC) and economic models (AD-AS) to define coastal sustainability limits.","The focus shifted towards applying advanced sustainability metrics like emergy analysis and assessing the coupling coordination within specific regional contexts, such as Hainan.","This period saw a strong emphasis on the tangible aspects of pollution, examining policy mechanisms, industrial impacts, and the spatial imbalance between marine environment quality and fishery economies.","The most recent phase concentrated on quantitative assessments of ecological sustainability, focusing on functional coupling and regional management within specific coastal basins like the Greater Bay Area.",,,aligned,included_noncorporate,manual_override_from_excluded_review,corporate_T6_PG01,,56,1,11,2013,2025,"[""coastal"", ""hainan"", ""eco"", ""pollution"", ""china"", ""fujian"", ""liaoning"", ""guangdong"", ""marine"", ""emergy""]"
academic_T6::academic_T6_PG05,T6,"Ecosystems, pollution and environmental stewardship",academic,academic_T6,academic_T6_PG05,5,Eutrophication and Catchment Ecosystem Dynamics,5_ecohydrology_catchments_ecosystems_eutrophication,Eutrophication and Catchment Ecosystem Dynamics,"The micro-topic evolved from early focuses on specific regional restoration efforts (Everglades, stream bioassessment) to a broad integration of ecohydrology principles across catchments. Later phases increasingly emphasized the systemic challenges of eutrophication and habitat integrity within these freshwater systems, while also incorporating advanced monitoring and management techniques.",2000-2003,2004-2009,2010-2017,2018-2025,"Initial phase focused on site-specific restoration and assessment, heavily involving Everglades hydrology, nutrient loading, and early bioassessment techniques within defined wetland and watershed contexts.","The focus broadened to systemic water management, integrating concepts like riparian buffers, habitat quality, and the application of integrated ecological frameworks across various freshwater landscapes.","This phase solidified the Ecohydrology paradigm, applying integrated hydrological and ecological models to understand and manage water flow, habitat integrity, and ecosystem services across catchments.","The later phase became highly focused on the chemical and biological outcomes of these systems, with a strong emphasis on eutrophication, habitat quality (especially macroinvertebrates/caddisflies), and applying advanced restoration/monitoring techniques to waterbodies.",Conceptualization -> System Integration -> Paradigm Application -> Outcome Assessment,"The evolution shows a clear progression from regional case studies (2000-2003) to the adoption of the Ecohydrology framework (2006-2011), culminating in a sustained focus on eutrophication and habitat quality metrics (2017-2025).",aligned,included_noncorporate,direct_pair_with_corporate_above_threshold,corporate_T6_S002,academic__corporate,1031,3,26,2000,2025,"[""ecohydrology"", ""catchments"", ""ecosystems"", ""eutrophication"", ""caddisflies"", ""riparian"", ""catchment"", ""macroinvertebrates"", ""watershed"", ""habitats""]"
academic_T6::academic_T6_PG10,T6,"Ecosystems, pollution and environmental stewardship",academic,academic_T6,academic_T6_PG10,12,Evolution of Compliance and Governance Mechanisms in Corporate Sustainability,12_csr_esg_compliance_governance,Evolution of Compliance and Governance Mechanisms in Corporate Sustainability,"The micro-topic tracks the evolution of CSR, ESG, compliance, and governance concepts, moving from early focus on implementation mechanisms (EMS, voluntary reports) to later emphasis on the effectiveness of EIA, regulatory pressure, and integrated governance frameworks.",2000-2003,2004-2008,2009-2016,2017-2025,"Early focus on establishing mechanisms: implementing EMS, monitoring environmental impact, and addressing accountability across sectors and international contexts.","Focus shifts to specific tools and frameworks: applying SEA/EIA, benchmarking, and integrating CSR into strategic organizational practices.","Deep dive into implementation and standards: heavy focus on EMS adoption (ISO 14001, EMAS) and the challenges of compliance across different organizational sizes and geographies.","Maturation towards systemic governance: emphasis shifts to the effectiveness of EIA, regulatory pressure, stakeholder influence, and the integration of ESG into corporate performance outcomes.",Implementation -> Tool Application -> Standardization/Adoption -> Systemic Governance/Effectiveness,The progression shows a clear movement from process implementation (EMS/reporting) to outcome evaluation (EIA effectiveness/ESG integration).,aligned,included_noncorporate,direct_pair_with_corporate_above_threshold,corporate_T6_PG01,academic__corporate,505,2,26,2000,2025,"[""csr"", ""esg"", ""compliance"", ""governance"", ""mncs"", ""mnes"", ""corporations"", ""stakeholder"", ""corporate"", ""multinational""]"
academic_T6::academic_T6_S031,T6,"Ecosystems, pollution and environmental stewardship",academic,academic_T6,academic_T6_S031,20,Evolution of Environmental Legislation Focus: From General Planning to Ukrainian Governance,31_environmentally_ukraine_legislation_ukrainian,Evolution of Environmental Legislation Focus: From General Planning to Ukrainian Governance,"The micro-topic initially focused on integrating ecological concerns into general planning and settlement development across various contexts. It then showed a strong, though sometimes contested, movement towards specific regional applications in Russia before increasingly centering on the legislative and governance challenges within Ukraine. The later years solidify this focus on Ukrainian legislative reform, while some years show a strong pull back towards Russian policy implementation issues.",2013-2014,2016-2019,2020-2023,2024-2025,"Early phase focused on the foundational integration of ecological concerns into urban planning, settlement development, and sustainable area management.","This phase involved developing quantitative indices and applying environmental mechanisms, with a significant divergence where the focus heavily skewed towards Russian policy implementation and industrial regulatory challenges.","A clear shift towards analyzing and improving the legislative and policy framework, with a strong emphasis on the Ukrainian context, including energy and waste sector safety.","The most recent phase is characterized by a deep dive into the modernization of Ukrainian environmental governance, focusing on digital transformation, public participation, and regulatory gaps, though 2025 shows a return to Russian policy themes.",Broad Integration -> Regional/Russian Focus -> Ukrainian Legislative Deep Dive -> Ukrainian Governance Modernization (with Russian policy echoes),"The topic exhibits a clear trajectory from broad planning concepts to a sustained, high-frequency focus on Ukrainian legislative implementation, though the Russian policy pull remains a persistent counterpoint.",aligned,included_noncorporate,direct_pair_with_corporate_above_threshold,corporate_T6_PG01,academic__corporate,247,1,12,2013,2025,"[""environmentally"", ""ukraine"", ""legislation"", ""ukrainian"", ""regulation"", ""ecology"", ""regulatory"", ""regulating"", ""russia"", ""norms""]"
academic_T6::academic_T6_S022,T6,"Ecosystems, pollution and environmental stewardship",academic,academic_T6,academic_T6_S022,15,Juridical Frameworks and Judicial Enforcement in Environmental Law,22_juridical_jurisprudence_hukum_laws,Juridical Frameworks and Judicial Enforcement in Environmental Law,The micro-topic traces the evolution of environmental jurisprudence from early theoretical debates on precautionary principles and liability to a mature focus on the role of national and international judiciaries in enforcing complex environmental laws against pollution and degradation.,2000-2008,2009-2017,2018-2022,2023-2025,"Initial phase characterized by establishing foundational legal concepts, focusing on the precautionary principle, civil liability, and the need for strong constitutional frameworks to underpin environmental law.","This phase shifts towards the mechanisms of governance, compliance, and the interaction between different legal actors (NGOs, states) and legal systems, with a strong emphasis on the role of constitutionalism in defining environmental rights.","The focus intensifies on the practical challenges of implementation, specifically the gap between existing laws and their enforcement on the ground, while simultaneously examining the role of various judicial bodies in achieving compliance.","The most recent phase is dominated by the judiciary's active role (judicial activism) in interpreting and enforcing environmental law, with a strong emphasis on the ongoing evolution of jurisprudence to address pollution and ensure oversight.",Conceptual Foundation -> Governance Mechanisms -> Enforcement Gaps -> Judicial Realization,"The progression shows a clear movement from theoretical establishment (precautionary principle, constitutional need) to practical application and judicial scrutiny.",aligned,included_noncorporate,manual_override_from_excluded_review,corporate_T6_PG01,,318,1,22,2000,2025,"[""juridical"", ""jurisprudence"", ""hukum"", ""laws"", ""legislation"", ""sdgs"", ""enforcement"", ""law"", ""pollution"", ""constitutional""]"
academic_T6::academic_T6_S021,T6,"Ecosystems, pollution and environmental stewardship",academic,academic_T6,academic_T6_S021,14,Maritime Environmental Compliance and Port Sustainability,21_emissions_propulsion_maritime_shipowners,Maritime Environmental Compliance and Port Sustainability,"The micro-topic tracks the evolution of environmental concerns in maritime transport, shifting from early focuses on port pollution and engineering solutions to a sustained emphasis on GHG emissions, regulatory compliance (MARPOL), and the role of ports in achieving overall maritime sustainability.",2000-2005,2006-2013,2014-2018,2019-2025,Early focus on localized pollution impacts in ports and the initial engineering challenges of emissions reduction in maritime transport.,"Transitioning towards regulatory scrutiny, assessing emission gaps across transport modes, and focusing on port-level environmental management and policy integration.","Increased attention on green port implementation, environmental monitoring, and the role of ports in driving sustainable development and modal shifts.","Consolidation around comprehensive sustainability frameworks, focusing heavily on GHG emissions, MARPOL compliance, and the ongoing role of ports in achieving decarbonization goals.",,,aligned,included_noncorporate,manual_override_from_excluded_review,corporate_T6_PG01,,326,1,22,2000,2025,"[""emissions"", ""propulsion"", ""maritime"", ""shipowners"", ""marpol"", ""ghg"", ""emission"", ""fuels"", ""vessels"", ""seaports""]"
academic_T6::academic_T6_S106,T6,"Ecosystems, pollution and environmental stewardship",academic,academic_T6,academic_T6_S106,40,Petroleum Pollution and Environmental Degradation in Nigeria,106_pollution_nigeria_refineries_petroleum,Petroleum Pollution and Environmental Degradation in Nigeria,"The micro-topic tracks the evolution of environmental concerns related to petroleum activities in Nigeria, moving from broad ecological degradation to specific focuses on remediation, regulatory failures, spill impacts, and livelihood consequences across various Nigerian contexts.",2010-2011,2012-2017,2018-2021,2022-2025,"Initial focus on broad environmental degradation, including deforestation and general pollution, alongside the socio-economic crisis caused by oil spillage in the Niger Delta.","A phase characterized by a shift towards technical aspects, including remediation technologies (mangroves), policy scrutiny, and the direct environmental impacts of oil production and spills on local communities.","Increased focus on specific impacts, particularly oil spillages on marine and agricultural ecosystems, alongside critical examinations of regulatory failures and the concept of ecocide related to resource extraction.","The most recent phase shows a high density of evidence focusing on the tangible socio-ecological consequences, such as impacts on fisheries and agriculture, alongside persistent calls for policy enforcement and mitigation efforts.",Broad Environmental Concern -> Technical/Policy Scrutiny -> Specific Impact Assessment (Spills/Regulation) -> Socio-Ecological Consequence & Mitigation Focus,"The topic consistently maintained a strong Nigerian focus, though there were brief deviations (2020) into broader hydrocarbon governance outside Nigeria, which were quickly superseded by intensified focus on Nigerian spillages and refinery impacts.",aligned,included_noncorporate,manual_override_from_excluded_review,corporate_T6_S002,,58,1,14,2010,2025,"[""pollution"", ""nigeria"", ""refineries"", ""petroleum"", ""spillages"", ""externalities"", ""oil"", ""pipelines"", ""exploitation"", ""spillage""]"
academic_T6::academic_T6_PG09,T6,"Ecosystems, pollution and environmental stewardship",academic,academic_T6,academic_T6_PG09,11,Soil Contaminant Management via Phytoremediation and Geochemical Assessment,11_phytoremediation_geochemical_soils_soil,Soil Contaminant Management via Phytoremediation and Geochemical Assessment,"The micro-topic tracks the evolution of research focusing on soil quality, contamination, and remediation efforts, shifting from broad agricultural land use impacts to increasingly specific investigations into heavy metal contamination and the application of phytoremediation techniques.",2000-2003,2004-2009,2010-2017,2018-2025,"Early focus on land use change impacts on soil quality, including pasture degradation and initial considerations of contamination management.","Expansion into specific contaminant types (e.g., biosolids, radioactivity) and detailed soil science aspects like nutrient cycling and tillage effects.","Increased focus on soil structure, biodiversity, and the influence of various land management practices on soil health indicators.","Strong convergence on heavy metal contamination assessment, risk evaluation, and the application/study of phytoremediation strategies in various soil types.",,,aligned,included_noncorporate,manual_override_from_excluded_review,corporate_T6_PG01,,1295,8,26,2000,2025,"[""phytoremediation"", ""geochemical"", ""soils"", ""soil"", ""pollution"", ""contaminants"", ""pollutants"", ""ecotoxicological"", ""phytoextraction"", ""bioremediation""]"
academic_T6::academic_T6_PG19,T6,"Ecosystems, pollution and environmental stewardship",academic,academic_T6,academic_T6_PG19,16,Tailings Reclamation and Governance in Indonesian Mining Contexts,16_mining_tailings_miners_indonesia,Tailings Reclamation and Governance in Indonesian Mining Contexts,"The micro-topic tracks the evolution of environmental concerns in mining, shifting from early focus on general pollution and rehabilitation to increasingly specific attention on tailings management, culminating in a strong focus on governance and bauxite reclamation in Kalimantan.",2000-2003,2004-2013,2014-2018,2019-2025,"Early focus on broad environmental rehabilitation, pollution prevention, and theoretical policy discussions regarding mineral exploitation and tailings.","Expansion into industry responsibility (CSR), technical reclamation methods (phytostabilization, revegetation), and governance frameworks across various mining contexts.","Increased focus on specific residue types (like bauxite residue), ecosystem modeling, and the interplay between technical reclamation and broader environmental/social impacts.","Strong convergence on governance, stakeholder engagement, and highly specific application to Indonesian contexts, particularly bauxite reclamation in Kalimantan, driven by ESG principles.",,,aligned,included_noncorporate,manual_override_from_excluded_review,corporate_T6_PG01,,496,2,26,2000,2025,"[""mining"", ""tailings"", ""miners"", ""indonesia"", ""mines"", ""extractive"", ""kalimantan"", ""governance"", ""sector"", ""bauxite""]"
academic_T6::academic_T6_PG18,T6,"Ecosystems, pollution and environmental stewardship",academic,academic_T6,academic_T6_PG18,19,Agrobiodiversity Conservation in Genebanks,19_agrobiodiversity_genebanks_genebank_conserving,Agrobiodiversity Conservation in Genebanks,"The micro-topic tracks the evolution of concerns regarding the conservation of agricultural genetic resources within genebanks, moving from early socio-political critiques to highly technical, data-driven management and utilization strategies.",2000-2003,2004-2007,2008-2017,2018-2025,"Early focus on the socio-political context of genetic resources, heavily emphasizing critiques of biopiracy, neoimperialism, and indigenous rights related to bioprospecting.","Shift towards practical conservation strategies, contrasting in-situ vs. ex-situ methods, and engaging with international policy frameworks (CBD) concerning genetic resource management.","Increased focus on the technical aspects of conservation, including specific crop/livestock applications, breeding utilization, and the establishment of robust genebank systems and data schemas.","Maturation into a data-intensive phase, emphasizing the operational efficiency of genebanks, advanced data mining for trait prioritization, and linking conservation to global food security goals.",Socio-Political Critique -> Practical Conservation Methods -> Technical System Building -> Data-Driven Optimization,The topic shows a clear trajectory from policy debate (2000-2003) to technical implementation (2010-2017) and finally to advanced data management (2018-2025).,excluded,included_noncorporate,manual_override_from_excluded_review,corporate_T6_S002,,478,3,26,2000,2025,"[""agrobiodiversity"", ""genebanks"", ""genebank"", ""conserving"", ""bioversity"", ""cultivars"", ""crops"", ""conserved"", ""germplasm"", ""crop""]"
academic_T6::academic_T6_PG01,T6,"Ecosystems, pollution and environmental stewardship",academic,academic_T6,academic_T6_PG01,0,Habitat Dynamics and Human Impact on Avian Populations,0_habitats_wildlife_habitat_shorebirds,Habitat Dynamics and Human Impact on Avian Populations,"The micro-topic tracked the evolution of habitat-related research concerning birds, shifting from early focuses on agricultural impacts and wetland foraging ecology to later, broader investigations into landscape fragmentation, human encroachment (urbanization, poaching), and specific habitat requirements across various ecosystems.",2000-2003,2004-2008,2009-2016,2017-2025,"Early focus on direct ecological interactions, primarily agricultural impacts, wetland quality, and foraging ecology in managed landscapes.","Shift towards habitat mapping, restoration efforts, and assessing the influence of land use (including grazing and human activity) on bird populations across different biomes.","Broadening scope to include spatial ecology, habitat fragmentation, and the impact of large-scale human dependencies (like ungulate management or land use change) on wildlife.","Later phases became highly focused on specific bird types (e.g., bobwhites, waterbirds) or intense human pressures like urbanization and illegal activities (poaching, trade), alongside advanced habitat modeling.",,,excluded,included_noncorporate,direct_pair_with_corporate_above_threshold,corporate_T6_S002,academic__corporate,2600,5,26,2000,2025,"[""habitats"", ""wildlife"", ""habitat"", ""shorebirds"", ""birds"", ""endangered"", ""poaching"", ""avifauna"", ""species"", ""breeding""]"
academic_T6::academic_T6_S007,T6,"Ecosystems, pollution and environmental stewardship",academic,academic_T6,academic_T6_S007,7,Watershed Erosion Modeling using Geospatial Techniques,7_erosion_erodibility_erosivity_watersheds,Watershed Erosion Modeling using Geospatial Techniques,"The micro-topic consistently tracks the application of quantitative models, primarily RUSLE/USLE, to assess soil erosion potential and risk across defined watersheds using GIS and remote sensing data.",2001-2003,2005-2009,2010-2014,2015-2025,"Early focus on applying erosion concepts to watershed prioritization and agricultural settings, involving terrain analysis and initial modeling of soil impacts.","Shift towards more quantitative assessment, integrating geochemical/geomorphic factors, and heavy reliance on GIS/terrain analysis to map erosion hazards within catchments.","Refinement of modeling approaches, focusing on quantifying uncertainty, integrating specific land use types (like rangelands), and applying models to defined catchment areas.","Dominance of the RUSLE/GIS methodology. The focus becomes highly consistent on applying these geospatial models to map, quantify, and prioritize soil loss and erosion risk across various, increasingly specific, watershed case studies.",,,excluded,included_noncorporate,manual_override_from_excluded_review,corporate_T6_S002,,549,1,23,2001,2025,"[""erosion"", ""erodibility"", ""erosivity"", ""watersheds"", ""watershed"", ""soils"", ""soil"", ""terrain"", ""eroded"", ""runoff""]"
academic_T6::academic_T6_S078,T6,"Ecosystems, pollution and environmental stewardship",academic,academic_T6,academic_T6_S078,33,Desertification and Dryland Degradation under UNCCD Frameworks,78_desertification_unccd_drylands_dryland,Desertification and Dryland Degradation under UNCCD Frameworks,"The micro-topic tracks the evolution of research on desertification and dryland degradation, moving from early conceptualizations of environmental threats to highly formalized, policy-driven frameworks like Land Degradation Neutrality (LDN) within the context of the UNCCD and Sustainable Development Goals (SDGs). The focus shifts from simply identifying problems to developing, applying, and monitoring complex, integrated solutions across various geographical and socio-economic scales.",2002-2006,2007-2013,2014-2019,2020-2025,"Initial phase characterized by broad awareness of dryland vulnerability, focusing on the threats of drought and desertification within the context of major international environmental conferences and global climate change discussions.","This phase deepens the focus, moving from global awareness to specific implementation challenges (e.g., participatory approaches in chiefdoms) and the emergence of more comprehensive management concepts like Sustainable Land Management (SLM) and early methodological modeling (e.g., ESD/ESI).","The research trajectory solidifies around the Land Degradation Neutrality (LDN) paradigm. The focus becomes highly technical, concentrating on applying LDN frameworks, assessing socio-economic drivers, and addressing governance structures necessary for implementation.","The final phase is characterized by the maturation and integration of LDN into broader global policy agendas (SDGs, Paris Agreement). The emphasis shifts to advanced monitoring, resilience building, and accounting for systemic factors like salinization and global economic dynamics.",Conceptual Awareness -> Implementation Challenges -> Framework Formalization (LDN) -> Systemic Integration and Monitoring,"The progression shows a clear shift from problem identification (2002-2006) to methodological refinement (2007-2013), followed by the dominance of the LDN concept as the primary analytical lens (2014-2019), culminating in the integration of LDN into complex global sustainability metrics (2020-2025).",external_relevant_unpaired,included_noncorporate,manual_override_from_excluded_review,corporate_T6_S002,,99,1,21,2002,2025,"[""desertification"", ""unccd"", ""drylands"", ""dryland"", ""sdg"", ""sahel"", ""salinization"", ""degraded"", ""drought"", ""ldd""]"
corporate_T6::corporate_T6_PG01,T6,"Ecosystems, pollution and environmental stewardship",corporate,corporate_T6,corporate_T6_PG01,0,Environmental Liability and Regulatory Compliance Burden,0_liabilities_epa_obligations_enforcement,Environmental Liability and Regulatory Compliance Burden,"The micro-topic tracks the evolution of corporate exposure to environmental liabilities stemming from regulatory obligations, primarily involving the EPA, across various operational phases, shifting from a focus on financial risk to a pervasive emphasis on strict regulatory compliance and enforcement risk.",2000-2003,2004-2007,2008-2013,2014-2025,"Initial focus on the financial burden of environmental compliance, including remediation costs and the impact of regulatory uncertainty on financial statements.","Transitioning to a focus on operational risks associated with specific activities (like petroleum/pipelines) and the quantification of liabilities, including early mentions of penalties.","Intensification of the focus on the breadth of regulatory requirements across the entire lifecycle of operations (drilling, extraction), linking liabilities directly to financial performance and compliance expenditures.","Stabilization into a highly detailed focus on the pervasive nature of federal and state environmental laws (EPA, CERCLA, RCRA, etc.), emphasizing strict liability, enforcement actions, and ongoing compliance obligations.",Financial Risk -> Operational Risk -> Comprehensive Compliance Burden -> Pervasive Regulatory Scrutiny,"The evolution shows a clear trend from early financial risk assessment (2000-2003) to a sustained, high-frequency focus on the breadth and stringency of regulatory compliance and enforcement risk across all subsequent years.",corporate_anchor,included_corporate,all_corporate_groups_included,,,7087,5,26,2000,2025,"[""liabilities"", ""epa"", ""obligations"", ""enforcement"", ""penalties"", ""remediation"", ""liable"", ""emissions"", ""operating"", ""contamination""]"
corporate_T6::corporate_T6_S002,T6,"Ecosystems, pollution and environmental stewardship",corporate,corporate_T6,corporate_T6_S002,1,Regulatory Impact of Endangered Species Habitat Protection,2_endangered_usfws_habitats_habitat,Regulatory Impact of Endangered Species Habitat Protection,"The micro-topic tracks the evolution of corporate concerns regarding the impact of federal and state regulations, particularly those stemming from the Endangered Species Act (ESA) and USFWS habitat designations, on energy development activities. The focus shifts from general regulatory burdens to increasingly specific threats related to habitat protection, culminating in a sustained focus on operational restrictions and associated costs.",2006-2010,2011-2014,2015-2021,2022-2025,Initial phase characterized by a broad focus on the complexity and stringency of general environmental and jurisdictional regulations affecting leasing and drilling activities across federal and state lands.,"The focus narrows significantly to the direct impact of habitat protection and endangered species listings on operations, with wetlands and habitat designations becoming central concerns.","This phase details the interplay between ESA designations, habitat protection, and corporate mitigation strategies, including the role of voluntary conservation agreements (CCAs) and the specific threats posed by various species.","The final phase solidifies around the sustained, high-detail focus on the financial and operational risks imposed by permanent restrictions stemming from USFWS habitat designations under the ESA, with consistent mention of specific species.",Narrowing Focus: From broad regulatory compliance concerns to highly specific impacts of ESA habitat designations.,The transition is marked by a clear shift from general regulatory burden (Phase 1) to the specific mechanisms of habitat protection and species listing under the ESA (Phases 2-4).,corporate_anchor,included_corporate,all_corporate_groups_included,,,279,1,20,2006,2025,"[""endangered"", ""usfws"", ""habitats"", ""habitat"", ""threatened"", ""esa"", ""wetlands"", ""species"", ""designation"", ""birds""]"
media_T6::media_T6_S000,T6,"Ecosystems, pollution and environmental stewardship",media,media_T6,media_T6_S000,0,"Biodiversity, Sustainability, and Deforestation",0_biodiversity_sustainability_sustainable_deforestation,"Biodiversity, Sustainability, and Deforestation","The micro-topic tracks the evolution of concerns around biodiversity, sustainability, and deforestation, moving from early focuses on land degradation and agricultural practices to increasingly complex discussions involving international policy, habitat restoration, and the tension between industry and conservation.",2000-2002,2003-2007,2008-2013,2014-2025,"Early focus on the physical state of land and immediate agricultural impacts, including soil degradation, overgrazing, and the initial integration of biodiversity into economic/policy frameworks.","Shift towards documenting species (flora/fauna), addressing corporate environmental accountability, and framing the crisis through the lens of habitat loss and international conventions.","Deep dive into the mechanisms of sustainability, focusing heavily on forestry management, international certification (FSC), supply chains, and the urgent need for policy action against extinction risks.","The focus broadens to systemic challenges: integrating agriculture with climate targets (AFOLU), land tenure, large-scale restoration (rewilding), and the role of international summits (Cop15) in driving policy commitments.","Progression from localized land/agricultural issues -> to species/habitat crisis -> to industrial/policy mechanisms -> to systemic, global governance and restoration efforts.","The evidence shows a clear thematic progression from micro-level land use problems (soil, grazing) to macro-level global policy and ecosystem restoration targets.",aligned,included_noncorporate,direct_pair_with_corporate_above_threshold,corporate_T6_S002,media__corporate,2225,1,26,2000,2025,"[""biodiversity"", ""sustainability"", ""sustainable"", ""deforestation"", ""stewardship"", ""environment"", ""extinction"", ""degradation"", ""threatened"", ""governments""]"
