topic_id,macro_topic,source,subgroup,final_merge_group_id,component_micro_topic_id,component_topic_name,component_count,component_representation,component_order
academic_T1::academic_T1_PG01,T1,academic,academic_T1,academic_T1_PG01,0,0_anodes_cathodes_electrochemical_ions,2468,anodes · cathodes · electrochemical · ions · supercapacitors · supercapacitor · ionic · electrolyte · rechargeable · electrodes,1
academic_T1::academic_T1_PG01,T1,academic,academic_T1,academic_T1_PG01,1,1_syngas_electrocatalysts_catalysts_catalytic,1679,syngas · electrocatalysts · catalysts · catalytic · hydrogenation · catalysis · electrocatalytic · methanation · photoelectrochemical · electrochemical,2
academic_T1::academic_T1_PG01,T1,academic,academic_T1,academic_T1_PG01,15,15_inverters_inverter_statcom_vscs,300,inverters · inverter · statcom · vscs · simulink · generators · vsc · voltages · lvrt · compensator,3
academic_T1::academic_T1_PG01,T1,academic,academic_T1,academic_T1_PG01,27,27_pv_photovoltaic_pvsol_kwh,218,pv · photovoltaic · pvsol · kwh · pvis · spv · pvgis · pvsyst · feasibility · roofs,4
academic_T1::academic_T1_PG01,T1,academic,academic_T1,academic_T1_PG01,32,32_mppt_irrigation_pv_photovoltaic,194,mppt · irrigation · pv · photovoltaic · irrigated · irrigating · pumps · pump · brushless · centrifugal,5
academic_T1::academic_T1_PG01,T1,academic,academic_T1,academic_T1_PG01,33,33_pcm_pcms_thermal_supercooling,190,pcm · pcms · thermal · supercooling · solidification · electrothermal · cooling · pcesms · refrigeration · thermochemical,6
academic_T1::academic_T1_PG01,T1,academic,academic_T1,academic_T1_PG01,36,36_microgrids_microgrid_metaheuristics_metaheuristic,178,microgrids · microgrid · metaheuristics · metaheuristic · pso · optimization · kwh · algorithms · swarm · optimisation,7
academic_T1::academic_T1_PG01,T1,academic,academic_T1,academic_T1_PG01,37,37_pv_photovoltaic_photovoltaics_bipvgreen,176,pv · photovoltaic · photovoltaics · bipvgreen · daylighting · bim · bipvs · roofs · bipv · façades,8
academic_T1::academic_T1_PG01,T1,academic,academic_T1,academic_T1_PG01,39,39_concentrator_gemasolar_thermal_csp,168,concentrator · gemasolar · thermal · csp · nanofluids · cooling · nanofluid · kwh · reflectors · refrigeration,9
academic_T1::academic_T1_PG01,T1,academic,academic_T1,academic_T1_PG01,40,40_photovoltaic_pv_irradiance_actuators,164,photovoltaic · pv · irradiance · actuators · trackers · sensors · tracker · tracking · sunlight · servo,10
academic_T1::academic_T1_PG01,T1,academic,academic_T1,academic_T1_PG01,45,45_mppt_pv_photovoltaic_pso,151,mppt · pv · photovoltaic · pso · irradiance · simulink · metaheuristic · inverter · nonlinear · algorithms,11
academic_T1::academic_T1_PG01,T1,academic,academic_T1,academic_T1_PG01,49,49_hydroelectricity_hydropower_hydroelectric_hydro,140,hydroelectricity · hydropower · hydroelectric · hydro · decarbonization · batteries · flywheel · flywheels · dam · vanadium,12
academic_T1::academic_T1_PG01,T1,academic,academic_T1,academic_T1_PG01,60,60_bes_besss_eesss_pesss,121,bes · besss · eesss · pesss · bess · pess · battery · stability · esss · intermittent,13
academic_T1::academic_T1_PG01,T1,academic,academic_T1,academic_T1_PG01,62,62_bioelectrochemical_biofcs_biobattery_biobatteries,119,bioelectrochemical · biofcs · biobattery · biobatteries · microbial · bioelectricity · microalgae · mfcs · biofuel · mfc,14
academic_T1::academic_T1_PG01,T1,academic,academic_T1,academic_T1_PG01,64,64_thermoelectric_thermoelectrochemical_thermoelectricity_thermocells,117,thermoelectric · thermoelectrochemical · thermoelectricity · thermocells · thermomagnetic · thermoradiative · thermo · teg · thermal · thermoacoustic,15
academic_T1::academic_T1_PG01,T1,academic,academic_T1,academic_T1_PG01,70,70_metaheuristic_ieee_optimization_pso,102,metaheuristic · ieee · optimization · pso · reconfiguration · reliability · distributed · algorithm · voltages · swarm,16
academic_T1::academic_T1_PG01,T1,academic,academic_T1,academic_T1_PG01,71,71_mppt_iot_photovoltaic_pv,95,mppt · iot · photovoltaic · pv · sensors · microcontrollers · irradiance · sensor · scada · monitoring,17
academic_T1::academic_T1_PG01,T1,academic,academic_T1,academic_T1_PG01,73,73_chemrxiv_chemsuschem_electrochem_chem,91,chemrxiv · chemsuschem · electrochem · chem · ecs · arxiv · phys · references · electrochim · soc,18
academic_T1::academic_T1_PG01,T1,academic,academic_T1,academic_T1_PG01,76,76_pv_fpvs_hydropower_fpvss,88,pv · fpvs · hydropower · fpvss · photovoltaic · fpv · photovoltaics · hydroelectric · pvpps · fspv,19
academic_T1::academic_T1_PG01,T1,academic,academic_T1,academic_T1_PG01,78,78_inverters_inverter_diodes_pwm,79,inverters · inverter · diodes · pwm · multilevel · converters · semiconductor · voltages · spwm · diode,20
academic_T1::academic_T1_PG01,T1,academic,academic_T1,academic_T1_PG01,79,79_perovskites_perovskite_pv_photovoltaic,76,perovskites · perovskite · pv · photovoltaic · photovoltaics · heterojunction · silicon · siliconpv · monocrystalline · manufacturing,21
academic_T1::academic_T1_PG01,T1,academic,academic_T1,academic_T1_PG01,85,85_microgrid_pso_regulators_stability,64,microgrid · pso · regulators · stability · optimization · fractional · swarm · controllers · stabilization · hz,22
academic_T1::academic_T1_PG01,T1,academic,academic_T1,academic_T1_PG01,88,88_hydrovoltaic_nanosheets_moisture_hygroscopic,62,hydrovoltaic · nanosheets · moisture · hygroscopic · hydrophilic · hydrophilicity · humidity · hydrogel · photothermal · evaporation,23
academic_T1::academic_T1_PG03,T1,academic,academic_T1,academic_T1_PG03,3,3_v2g_evs_phev_phevs,979,v2g · evs · phev · phevs · ev · v2v · pv · v2b · v2h · pev,1
academic_T1::academic_T1_PG03,T1,academic,academic_T1,academic_T1_PG03,13,13_electromobility_evs_ev_electrification,325,electromobility · evs · ev · electrification · automotive · powertrains · transport · vehicles · automobiles · vehicle,2
academic_T1::academic_T1_PG03,T1,academic,academic_T1,academic_T1_PG03,23,23_maritime_shipbuilding_propulsion_seaports,239,maritime · shipbuilding · propulsion · seaports · shipboard · vessels · smartport · ships · marine · lng,3
academic_T1::academic_T1_PG03,T1,academic,academic_T1,academic_T1_PG03,55,55_trams_rail_tram_railway,126,trams · rail · tram · railway · mrts · railways · electrification · substations · trains · maglev,4
academic_T1::academic_T1_PG03,T1,academic,academic_T1,academic_T1_PG03,66,66_hydrogenpowered_pemfcs_pemfc_powertrain,111,hydrogenpowered · pemfcs · pemfc · powertrain · powertrains · automotive · hydrogen · propulsion · cng · fuel,5
academic_T1::academic_T1_PG04,T1,academic,academic_T1,academic_T1_PG04,6,6_participatory_energiewende_stakeholders_stakeholder,699,participatory · energiewende · stakeholders · stakeholder · sociotechnical · participation · cooperatives · governance · initiatives · collaboration,1
academic_T1::academic_T1_PG04,T1,academic,academic_T1,academic_T1_PG04,11,11_blockchain_blockchains_decentralised_decentralized,366,blockchain · blockchains · decentralised · decentralized · ethereum · hyperledger · crypto · decentralization · cryptocurrency · prosumers,2
academic_T1::academic_T1_PG04,T1,academic,academic_T1,academic_T1_PG04,12,12_participatory_participation_decentralisation_empowerment,329,participatory · participation · decentralisation · empowerment · livelihoods · initiatives · livelihood · rural · cooperatives · grassroots,3
academic_T1::academic_T1_PG04,T1,academic,academic_T1,academic_T1_PG04,18,18_ppps_ppp_sdgs_infrastructures,273,ppps · ppp · sdgs · infrastructures · stakeholders · infrastructure · pfis · sectors · stakeholder · partnership,4
academic_T1::academic_T1_PG04,T1,academic,academic_T1,academic_T1_PG04,20,20_vpps_vpp_optimization_virtual,261,vpps · vpp · optimization · virtual · chp · p2g · distributed · scheduling · solver · algorithm,5
academic_T1::academic_T1_PG04,T1,academic,academic_T1,academic_T1_PG04,26,26_digitalization_iot_digital_sensors,219,digitalization · iot · digital · sensors · blockchain · digitization · analytics · interoperable · interoperability · implementations,6
academic_T1::academic_T1_PG04,T1,academic,academic_T1,academic_T1_PG04,29,29_datacenters_datacenter_virtualization_cloud,205,datacenters · datacenter · virtualization · cloud · vms · exascale · hpc · kubernetes · serverless · containerization,7
academic_T1::academic_T1_PG04,T1,academic,academic_T1,academic_T1_PG04,42,42_broadband_ict_telecommunications_underserved,158,broadband · ict · telecommunications · underserved · digitalization · telecommunication · connectivity · icts · disadvantaged · 5g,8
academic_T1::academic_T1_PG04,T1,academic,academic_T1,academic_T1_PG04,43,43_lte_backhaul_cellular_5g,157,lte · backhaul · cellular · 5g · 6g · telecommunication · offloading · deepenergy · telecom · telecommunications,9
academic_T1::academic_T1_PG04,T1,academic,academic_T1,academic_T1_PG04,44,44_prosumers_utilities_aggregators_consumer,152,prosumers · utilities · aggregators · consumer · utility · distributed · consumers · aggregator · dse · optimization,10
academic_T1::academic_T1_PG04,T1,academic,academic_T1,academic_T1_PG04,46,46_cyberinfrastructure_interoperability_interoperable_repositories,150,cyberinfrastructure · interoperability · interoperable · repositories · scientists · infrastructures · darpa · repository · intergrid · hpc,11
academic_T1::academic_T1_PG04,T1,academic,academic_T1,academic_T1_PG04,52,52_iot_scada_sensors_metering,135,iot · scada · sensors · metering · substations · ioe · analytics · sensing · utility · sensor,12
academic_T1::academic_T1_PG04,T1,academic,academic_T1,academic_T1_PG04,56,56_prosumers_microgrids_prosumer_decentralized,125,prosumers · microgrids · prosumer · decentralized · p2p · multiagent · aggregator · distributed · exchange · exchanges,13
academic_T1::academic_T1_PG04,T1,academic,academic_T1,academic_T1_PG04,57,57_participatory_ngos_participation_governance,124,participatory · ngos · participation · governance · sanitation · collective · potable · involvement · institutional · water,14
academic_T1::academic_T1_PG04,T1,academic,academic_T1,academic_T1_PG04,65,65_smartgrid_iec61850_iec_phasor,114,smartgrid · iec61850 · iec · phasor · substations · zigbee · reliability · utilities · substation · pmus,15
academic_T1::academic_T1_PG04,T1,academic,academic_T1,academic_T1_PG04,68,68_microgrids_microgrid_mdp_optimization,105,microgrids · microgrid · mdp · optimization · dqn · decentralized · algorithms · grid2op · scalability · simulators,16
academic_T1::academic_T1_PG04,T1,academic,academic_T1,academic_T1_PG04,89,89_villages_village_villagers_ict,61,villages · village · villagers · ict · rural · municipalities · countryside · initiatives · livelihood · digital,17
academic_T1::academic_T1_PG05,T1,academic,academic_T1,academic_T1_PG05,7,7_microgrids_microgrid_pv_photovoltaic,639,microgrids · microgrid · pv · photovoltaic · kwh · turbines · biomass · electrification · generators · diesel,1
academic_T1::academic_T1_PG05,T1,academic,academic_T1,academic_T1_PG05,24,24_microgrids_microgrid_renewables_islanding,229,microgrids · microgrid · renewables · islanding · generators · outages · reliability · islanded · electrical · outage,2
academic_T1::academic_T1_PG05,T1,academic,academic_T1,academic_T1_PG05,53,53_microgrids_microgrid_mppt_nanogrids,134,microgrids · microgrid · mppt · nanogrids · nanogrid · photovoltaics · mpc · supercapacitor · lvdc · vdcm,3
academic_T1::academic_T1_PG06,T1,academic,academic_T1,academic_T1_PG06,14,14_renewables_geoenergy_2050_ghg,315,renewables · geoenergy · 2050 · ghg · hydropower · ecosystems · fuels · economies · pollution · energies,1
academic_T1::academic_T1_PG06,T1,academic,academic_T1,academic_T1_PG06,16,16_cogeneration_trigeneration_exergy_geothermal,293,cogeneration · trigeneration · exergy · geothermal · exergetic · thermodynamic · efficiencies · exergoenvironmental · rankine · heating,2
academic_T1::academic_T1_PG06,T1,academic,academic_T1,academic_T1_PG06,48,48_heating_cogeneration_boilers_solvergy,140,heating · cogeneration · boilers · solvergy · hvac · thermal · chp · residential · boiler · retrofit,3
academic_T1::academic_T1_PG06,T1,academic,academic_T1,academic_T1_PG06,81,81_onepetro_totalenergies_ghg_co2e,72,onepetro · totalenergies · ghg · co2e · drilling · offshore · tubing · rigs · subsea · downhole,4
academic_T1::academic_T1_PG07,T1,academic,academic_T1,academic_T1_PG07,21,21_piezoelectric_piezoelectricity_piezo_pzt,255,piezoelectric · piezoelectricity · piezo · pzt · thermoelectric · sensors · footstep · sensor · gait · powering,1
academic_T1::academic_T1_PG07,T1,academic,academic_T1,academic_T1_PG07,25,25_nanogenerator_nanogenerators_triboelectric_triboelectrification,227,nanogenerator · nanogenerators · triboelectric · triboelectrification · nanodevices · piezoelectric · wearable · wearables · nano · nanomaterials,2
academic_T1::academic_T1_PG07,T1,academic,academic_T1,academic_T1_PG07,30,30_wsns_wsn_iot_sensors,204,wsns · wsn · iot · sensors · supercapacitors · wireless · sensing · sensor · supercapacitor · batteryless,3
academic_T1::academic_T1_PG08,T1,academic,academic_T1,academic_T1_PG08,28,28_china_guangdong_lowcarbon_heilongjiang,213,china · guangdong · lowcarbon · heilongjiang · agglomerations · emission · chengdu · beijing · gansu · hunan,1
academic_T1::academic_T1_PG08,T1,academic,academic_T1,academic_T1_PG08,47,47_renewables_india_175gw_adani,144,renewables · india · 175gw · adani · 2030 · karnataka · rajasthan · modi · indias · mnes,2
academic_T1::academic_T1_PG08,T1,academic,academic_T1,academic_T1_PG08,59,59_gulf_mena_kuwait_qatar,122,gulf · mena · kuwait · qatar · 2050 · uae · arabia · dhabi · jordan · saudi,3
academic_T1::academic_T1_PG09,T1,academic,academic_T1,academic_T1_PG09,35,35_agrivoltaics_agrivoltaic_agrophotovoltaic_agriphotovoltaics,179,agrivoltaics · agrivoltaic · agrophotovoltaic · agriphotovoltaics · hydroponics · hydroponic · crops · greenhouses · greenhouse · croplands,1
academic_T1::academic_T1_PG09,T1,academic,academic_T1,academic_T1_PG09,50,50_irrigation_agricultural_hydroponic_solarfertigation,139,irrigation · agricultural · hydroponic · solarfertigation · sensors · iot · farming · agriculture · crops · tractors,2
academic_T1::academic_T1_PG10,T1,academic,academic_T1,academic_T1_PG10,51,51_oceanographic_waves_ocean_wave,135,oceanographic · waves · ocean · wave · seas · oceanic · sea · seapower · oceans · marine,1
academic_T1::academic_T1_PG10,T1,academic,academic_T1,academic_T1_PG10,82,82_offshore_turbines_mooring_gowind,71,offshore · turbines · mooring · gowind · buoys · seabed · sea · onshore · buoy · ocean,2
academic_T1::academic_T1_PG11,T1,academic,academic_T1,academic_T1_PG11,61,61_geothermal_indonesia_npp_nre,120,geothermal · indonesia · npp · nre · nrem · sumatra · aceh · swot · indonesian · kalimantan,1
academic_T1::academic_T1_PG11,T1,academic,academic_T1,academic_T1_PG11,69,69_pakistan_biomass_pakistani_coal,104,pakistan · biomass · pakistani · coal · cpec · karachi · nuclear · igcep · hydel · sindh,2
academic_T1::academic_T1_S004,T1,academic,academic_T1,academic_T1_S004,4,4_bioenergy_biomass_gasification_biorefinery,955,bioenergy · biomass · gasification · biorefinery · biogas · biochar · bioeconomy · syngas · feedstocks · ghg,1
academic_T1::academic_T1_S005,T1,academic,academic_T1,academic_T1_S005,5,5_electrification_sdg_subsidies_2030,840,electrification · sdg · subsidies · 2030 · nigeria · minigrids · initiatives · rural · households · socioeconomic,1
academic_T1::academic_T1_S008,T1,academic,academic_T1,academic_T1_S008,8,8_topsis_multicriteria_ahp_emergy,471,topsis · multicriteria · ahp · emergy · mcdm · prioritization · criteria · suitability · selection · ranking,1
academic_T1::academic_T1_S009,T1,academic,academic_T1,academic_T1_S009,9,9_cointegration_econometric_oecd_autoregressive,396,cointegration · econometric · oecd · autoregressive · brics · gdp · economies · causality · regression · co2,1
academic_T1::academic_T1_S017,T1,academic,academic_T1,academic_T1_S017,17,17_desalination_desalinated_seawater_salinity,288,desalination · desalinated · seawater · salinity · saltwater · osmosis · evaporators · evaporator · freshwater · evaporation,1
academic_T1::academic_T1_S019,T1,academic,academic_T1,academic_T1_S019,19,19_ukraine_ukrainian_bioenergy_economy,261,ukraine · ukrainian · bioenergy · economy · eu · competitiveness · russia · urals · conclusions · modernization,1
academic_T1::academic_T1_S031,T1,academic,academic_T1,academic_T1_S031,31,31_geothermal_hydrothermal_boreholes_geostructures,194,geothermal · hydrothermal · boreholes · geostructures · hydrogeological · groundwater · heating · borehole · energywall · geological,1
academic_T1::academic_T1_S034,T1,academic,academic_T1,academic_T1_S034,34,34_ee_interdisciplinary_students_capstone,179,ee · interdisciplinary · students · capstone · undergraduate · stem · learners · educational · interdisciplinarity · learning,1
academic_T1::academic_T1_S038,T1,academic,academic_T1,academic_T1_S038,38,38_aerospace_aeronautical_uavs_uav,171,aerospace · aeronautical · uavs · uav · aircraft · aviation · rotorcraft · airbus · propulsion · boeing,1
academic_T1::academic_T1_S041,T1,academic,academic_T1,academic_T1_S041,41,41_inductance_electromagnetic_ev_evs,162,inductance · electromagnetic · ev · evs · wireless · charging · coils · coil · mobility · transmitting,1
academic_T1::academic_T1_S058,T1,academic,academic_T1,academic_T1_S058,58,58_tokamaks_iter_tokamak_reactors,123,tokamaks · iter · tokamak · reactors · nuclear · thermonuclear · reactor · fusion · actinide · fission,1
academic_T1::academic_T1_S063,T1,academic,academic_T1,academic_T1_S063,63,63_turbines_vawt_vawts_airfoils,118,turbines · vawt · vawts · airfoils · turbine · airfoil · aerodynamic · windmill · cfd · ansys,1
academic_T1::academic_T1_S072,T1,academic,academic_T1,academic_T1_S072,72,72_eurostat_eu_baltic_indicators,91,eurostat · eu · baltic · indicators · countries · estonia · latvia · econometric · ress · sdg7,1
academic_T1::academic_T1_S075,T1,academic,academic_T1,academic_T1_S075,75,75_ashrae_residential_kwh_nzeb,88,ashrae · residential · kwh · nzeb · nzebs · insulation · heating · building · microclimate · nzec,1
academic_T1::academic_T1_S077,T1,academic,academic_T1,academic_T1_S077,77,77_electricidad_sostenibilidad_fotovoltaicas_eletrica,79,electricidad · sostenibilidad · fotovoltaicas · eletrica · solares · sustentavel · energia · sistemas · tecnológica · desenvolvimento,1
academic_T1::academic_T1_S080,T1,academic,academic_T1,academic_T1_S080,80,80_uzbekistan_azerbaijan_kazakhstan_hydropower,75,uzbekistan · azerbaijan · kazakhstan · hydropower · kyrgyzstan · geopolitical · sectors · tajikistan · economies · climatic,1
academic_T1::academic_T1_S084,T1,academic,academic_T1,academic_T1_S084,84,84_bibliometric_scientometric_scientometrics_bibliometrix,68,bibliometric · scientometric · scientometrics · bibliometrix · decarbonised · trends · papers · scopus · interdisciplinary · scientopy,1
academic_T1::academic_T1_S090,T1,academic,academic_T1,academic_T1_S090,90,90_smes_microfinance_fintech_liquidity,59,smes · microfinance · fintech · liquidity · financing · crowdfunding · investment · mfis · investors · funding,1
corporate_T1::corporate_T1_PG01,T1,corporate,corporate_T1,corporate_T1_PG01,0,0_competitors_competition_petroleum_industry,90,competitors · competition · petroleum · industry · drilling · acquiring · contracting · leases · production · competitive,1
corporate_T1::corporate_T1_PG01,T1,corporate,corporate_T1,corporate_T1_PG01,6,6_competitors_competing_competition_hedging,28,competitors · competing · competition · hedging · pipelines · industry · efficiencies · petrochemical · gas · pipeline,2
corporate_T1::corporate_T1_PG01,T1,corporate,corporate_T1,corporate_T1_PG01,8,8_competitors_regulation_environmental_regulations,22,competitors · regulation · environmental · regulations · competitive · drilling · compete · consumers · leases · industries,3
corporate_T1::corporate_T1_PG01,T1,corporate,corporate_T1,corporate_T1_PG01,12,12_competitors_competition_oilfield_industry,18,competitors · competition · oilfield · industry · partnership · contractors · competitive · shortage · drilling · producers,4
corporate_T1::corporate_T1_PG02,T1,corporate,corporate_T1,corporate_T1_PG02,1,1_pipelines_midstream_infrastructure_unavailability,66,pipelines · midstream · infrastructure · unavailability · pipeline · production · transportation · transport · availability · supply,1
corporate_T1::corporate_T1_PG02,T1,corporate,corporate_T1,corporate_T1_PG02,5,5_pipelines_unavailability_markets_production,29,pipelines · unavailability · markets · production · supply · availability · marketability · producing · reserves · demand,2
corporate_T1::corporate_T1_PG02,T1,corporate,corporate_T1,corporate_T1_PG02,11,11_construction_midstream_infrastructure_investment,19,construction · midstream · infrastructure · investment · growth · pipeline · production · constructing · uncertainties · increases,3
corporate_T1::corporate_T1_PG03,T1,corporate,corporate_T1,corporate_T1_PG03,2,2_hcf_capability_renewable_profitability,57,hcf · capability · renewable · profitability · subsidies · capabilities · customers · marketing · manufacturing · reliability,1
corporate_T1::corporate_T1_PG03,T1,corporate,corporate_T1,corporate_T1_PG03,9,9_renewable_financing_financings_incentives,21,renewable · financing · financings · incentives · growing · growth · regulatory · leverage · development · energy,2
corporate_T1::corporate_T1_PG03,T1,corporate,corporate_T1,corporate_T1_PG03,17,17_purchasers_turbines_economically_construction,14,purchasers · turbines · economically · construction · transmission · feasible · power · access · generators · electricity,3
corporate_T1::corporate_T1_PG04,T1,corporate,corporate_T1,corporate_T1_PG04,3,3_demand_consumers_emissions_consumer,52,demand · consumers · emissions · consumer · fuels · regulation · gas · biofuels · fuel · energy,1
corporate_T1::corporate_T1_PG04,T1,corporate,corporate_T1,corporate_T1_PG04,16,16_epa_emissions_ghg_ghgs,14,epa · emissions · ghg · ghgs · emission · coal · carbon · power · ace · repeal,2
corporate_T1::corporate_T1_PG05,T1,corporate,corporate_T1,corporate_T1_PG05,7,7_industry_technological_technologies_technical,23,industry · technological · technologies · technical · leases · technology · competitive · commercially · operations · advantages,1
corporate_T1::corporate_T1_PG05,T1,corporate,corporate_T1,corporate_T1_PG05,13,13_drilling_technical_rigs_technological,17,drilling · technical · rigs · technological · technologies · shortages · operations · efficiency · unavailability · financial,2
corporate_T1::corporate_T1_PG05,T1,corporate,corporate_T1,corporate_T1_PG05,14,14_industry_technological_technologies_technical,16,industry · technological · technologies · technical · securities · technology · financial · trading · environmental · competitive,3
corporate_T1::corporate_T1_S004,T1,corporate,corporate_T1,corporate_T1_S004,4,4_mining_utilities_energy_shortages,50,mining · utilities · energy · shortages · supply · mines · electricity · fluctuations · renewable · fuel,1
corporate_T1::corporate_T1_S010,T1,corporate,corporate_T1,corporate_T1_S010,10,10_peru_hydroelectric_ecuador_markets,20,peru · hydroelectric · ecuador · markets · peruvian · hydro · risks · stability · electricity · deregulated,1
corporate_T1::corporate_T1_S015,T1,corporate,corporate_T1,corporate_T1_S015,15,15_financing_contracts_negotiation_profitability,15,financing · contracts · negotiation · profitability · risks · concerns · agreements · cooperatives · liability · investor,1
media_T1::media_T1_PG01,T1,media,media_T1,media_T1_PG01,0,0_renewables_2050_turbines_emissions,1008,renewables · 2050 · turbines · emissions · biomass · carbon · coal · fuels · environmental · 2030,1
media_T1::media_T1_PG01,T1,media,media_T1,media_T1_PG01,1,1_solaraid_electrification_hydropower_lighting,292,solaraid · electrification · hydropower · lighting · powered · providing · developing · development · malawi · lamps,2
media_T1::media_T1_PG01,T1,media,media_T1,media_T1_PG01,2,2_pv_locally_councils_hydro,285,pv · locally · councils · hydro · mayor · efficiency · schemes · roofs · council · coalition,3
media_T1::media_T1_PG01,T1,media,media_T1,media_T1_PG01,5,5_greenqloud_megawatt_turbines_powering,134,greenqloud · megawatt · turbines · powering · datacentres · greenpeace · cloud · consumption · biogas · efficiency,4
media_T1::media_T1_PG01,T1,media,media_T1,media_T1_PG01,8,8_heating_geothermal_boilers_furnaces,93,heating · geothermal · boilers · furnaces · boiler · thermal · radiators · cooling · insulation · biomass,5
media_T1::media_T1_S003,T1,media,media_T1,media_T1_S003,3,3_renewables_australians_australia_nsw,270,renewables · australians · australia · nsw · adelaide · 2030 · emissions · queensland · 2025 · australian,1
media_T1::media_T1_S006,T1,media,media_T1,media_T1_S006,6,6_storelectric_supercapacitors_battery_batteries,104,storelectric · supercapacitors · battery · batteries · elon · ev · evs · v2g · electric · tesla,1
media_T1::media_T1_S007,T1,media,media_T1,media_T1_S007,7,7_subsidising_affordability_discount_afford,100,subsidising · affordability · discount · afford · ofgem · customers · bills · wholesale · paying · customer,1
media_T1::media_T1_S009,T1,media,media_T1,media_T1_S009,9,9_metering_energyorbit_efficiency_efficient,80,metering · energyorbit · efficiency · efficient · utility · appliances · smarter · automation · smart · meters,1
academic_T2::academic_T2_PG01,T2,academic,academic_T2,academic_T2_PG01,0,0_emissions_evs_ev_transport,646,emissions · evs · ev · transport · ghg · intermodal · automotive · transportation · vehicles · emission,1
academic_T2::academic_T2_PG01,T2,academic,academic_T2,academic_T2_PG01,12,12_lca_emissions_ghg_carbon,374,lca · emissions · ghg · carbon · insulation · architectural · microclimate · residential · lifecycle · building,2
academic_T2::academic_T2_PG01,T2,academic,academic_T2,academic_T2_PG01,29,29_bim_lca_leed_revit,207,bim · lca · leed · revit · autodesk · building · lifecycle · modelling · architecture · interoperability,3
academic_T2::academic_T2_PG01,T2,academic,academic_T2,academic_T2_PG01,36,36_lca_lcas_sdgs_lcia,174,lca · lcas · sdgs · lcia · sdg · lcsa · lcema · lci · unep · indicators,4
academic_T2::academic_T2_PG01,T2,academic,academic_T2,academic_T2_PG01,37,37_lca_agri_agricultural_crops,169,lca · agri · agricultural · crops · ghg · agriculture · farming · tillage · eutrophication · cultivation,5
academic_T2::academic_T2_PG01,T2,academic,academic_T2,academic_T2_PG01,41,41_leed_igbc_building_indicators,147,leed · igbc · building · indicators · architectural · buildings · assessment · evaluation · architecture · breeam,6
academic_T2::academic_T2_PG01,T2,academic,academic_T2,academic_T2_PG01,43,43_leed_sdgs_indicators_indicator,140,leed · sdgs · indicators · indicator · cities · assessment · urban · spatial · communities · housing,7
academic_T2::academic_T2_PG01,T2,academic,academic_T2,academic_T2_PG01,63,63_lca_clinker_cement_emissions,82,lca · clinker · cement · emissions · clinkerization · concrete · carbon · aggregates · slag · calcination,8
academic_T2::academic_T2_PG01,T2,academic,academic_T2,academic_T2_PG01,68,68_lca_ghg_emissions_ipcc,78,lca · ghg · emissions · ipcc · livestock · acidification · biowaste · farming · eutrophication · silage,9
academic_T2::academic_T2_PG01,T2,academic,academic_T2,academic_T2_PG01,72,72_greenroads_road_highways_pavements,74,greenroads · road · highways · pavements · roadways · infrastructure · highway · roads · roadway · infrastructures,10
academic_T2::academic_T2_PG01,T2,academic,academic_T2,academic_T2_PG01,78,78_lca_sustainhuts_ghg_turbines,64,lca · sustainhuts · ghg · turbines · renewable · ecoinvent · hydropower · 2mw · turbine · 1kwh,11
academic_T2::academic_T2_PG01,T2,academic,academic_T2,academic_T2_PG01,82,82_agroecosystems_agroecology_agrosystem_indicators,59,agroecosystems · agroecology · agrosystem · indicators · indicator · agri · agroecological · agricultural · agro · agrifood,12
academic_T2::academic_T2_PG01,T2,academic,academic_T2,academic_T2_PG01,87,87_lca_aquaculture_mariculture_fisheries,55,lca · aquaculture · mariculture · fisheries · fishery · eutrophication · overfishing · shrimp · ecofactors · freshwater,13
academic_T2::academic_T2_PG01,T2,academic,academic_T2,academic_T2_PG01,90,90_timber_lumber_structural_emissions,53,timber · lumber · structural · emissions · particleboard · wood · structures · carbon · building · forestry,14
academic_T2::academic_T2_PG02,T2,academic,academic_T2,academic_T2_PG02,1,1_reuse_ce_stakeholders_stakeholder,623,reuse · ce · stakeholders · stakeholder · cdwm · circularity · construction · sector · implementation · building,1
academic_T2::academic_T2_PG02,T2,academic,academic_T2,academic_T2_PG02,3,3_participatory_participation_ecobricks_recycle,560,participatory · participation · ecobricks · recycle · ecobrick · compost · initiative · participants · empowerment · indonesia,2
academic_T2::academic_T2_PG02,T2,academic,academic_T2,academic_T2_PG02,16,16_wastes_sanitation_composting_disposal,308,wastes · sanitation · composting · disposal · mswm · biodegradable · municipal · dumping · municipalities · sanitary,3
academic_T2::academic_T2_PG02,T2,academic,academic_T2,academic_T2_PG02,25,25_incineration_ghg_gasification_landfills,224,incineration · ghg · gasification · landfills · landfilling · biodegradable · emissions · landfill · incinerator · wastes,4
academic_T2::academic_T2_PG02,T2,academic,academic_T2,academic_T2_PG02,49,49_microplastics_microplastic_nanoplastics_plastics,134,microplastics · microplastic · nanoplastics · plastics · bioplastic · bioplastics · plastic · biodegradable · plasticulture · biodegradation,5
academic_T2::academic_T2_PG02,T2,academic,academic_T2,academic_T2_PG02,67,67_disposal_spss_initiatives_sociodemographic,79,disposal · spss · initiatives · sociodemographic · participation · littering · households · participants · swachh · awareness,6
academic_T2::academic_T2_PG02,T2,academic,academic_T2,academic_T2_PG02,73,73_sustentabilidad_municipales_municipal_municipalities,72,sustentabilidad · municipales · municipal · municipalities · indicadores · residuos · resíduos · recyclable · tecnológico · consorcios,7
academic_T2::academic_T2_PG03,T2,academic,academic_T2,academic_T2_PG03,4,4_circularity_ukraine_circular_ukrainian,527,circularity · ukraine · circular · ukrainian · enterprises · competitiveness · municipal · innovation · economy · eu,1
academic_T2::academic_T2_PG03,T2,academic,academic_T2,academic_T2_PG03,6,6_cathodes_cathode_pyrometallurgy_recycling,454,cathodes · cathode · pyrometallurgy · recycling · hydrometallurgy · electrochemical · licoo2 · lithium · pyrometallurgical · graphite,2
academic_T2::academic_T2_PG03,T2,academic,academic_T2,academic_T2_PG03,8,8_metallurgy_tailings_metallurgical_steelmaking,418,metallurgy · tailings · metallurgical · steelmaking · smelting · mining · ores · extractive · ore · metals,3
academic_T2::academic_T2_PG03,T2,academic,academic_T2,academic_T2_PG03,11,11_remanufacturing_logistics_remanufactured_recycling,382,remanufacturing · logistics · remanufactured · recycling · manufacturing · logistic · optimization · retailer · rl · manufacturers,4
academic_T2::academic_T2_PG03,T2,academic,academic_T2,academic_T2_PG03,22,22_pyrolysis_plastics_polyolefins_polyethylene,250,pyrolysis · plastics · polyolefins · polyethylene · hdpe · pyrolytic · polystyrene · polypropylene · polyolefin · depolymerization,5
academic_T2::academic_T2_PG03,T2,academic,academic_T2,academic_T2_PG03,30,30_weee_ewaste_electronic_eee,190,weee · ewaste · electronic · eee · recycling · electronics · disposal · epr · ict · devices,6
academic_T2::academic_T2_PG03,T2,academic,academic_T2,academic_T2_PG03,32,32_rubber_rubbers_rubberised_aggregates,185,rubber · rubbers · rubberised · aggregates · concrete · rubberized · tyres · tire · tyre · cement,7
academic_T2::academic_T2_PG03,T2,academic,academic_T2,academic_T2_PG03,39,39_pv_photovoltaic_photovoltaics_perovskites,150,pv · photovoltaic · photovoltaics · perovskites · perovskite · recycling · solar · silicon · semiconductor · renewable,8
academic_T2::academic_T2_PG03,T2,academic,academic_T2,academic_T2_PG03,40,40_petrochemical_chemicals_chemical_propylene,150,petrochemical · chemicals · chemical · propylene · solvents · refineries · dimethyl · microreactor · methanol · solvent,9
academic_T2::academic_T2_PG03,T2,academic,academic_T2,academic_T2_PG03,48,48_ai_generative_sustainscrum_hpc,137,ai · generative · sustainscrum · hpc · analytics · computational · computing · esg · algorithms · metrics,10
academic_T2::academic_T2_PG03,T2,academic,academic_T2,academic_T2_PG03,53,53_tailings_kaolin_bricks_sintering,113,tailings · kaolin · bricks · sintering · clay · ceramics · ceramic · kaolinite · geotechnical · brick,11
academic_T2::academic_T2_PG03,T2,academic,academic_T2,academic_T2_PG03,55,55_electrowinning_metals_pcbs_weee,109,electrowinning · metals · pcbs · weee · hydrometallurgical · copper · pcb · palladium · solvents · electronics,12
academic_T2::academic_T2_PG03,T2,academic,academic_T2,academic_T2_PG03,60,60_fabrication_geopolymers_concrete_geopolymer,89,fabrication · geopolymers · concrete · geopolymer · extrusion · buildability · formwork · 3dpc · asme · cementitious,13
academic_T2::academic_T2_PG03,T2,academic,academic_T2,academic_T2_PG03,64,64_asphalt_bitumen_recycled_pavements,82,asphalt · bitumen · recycled · pavements · aggregates · bituminous · pavement · paving · cracking · tensile,14
academic_T2::academic_T2_PG03,T2,academic,academic_T2,academic_T2_PG03,66,66_bitumen_asphalts_asphalt_plastics,81,bitumen · asphalts · asphalt · plastics · hdpe · plasticmodified · polyurethane · plastic · polyethylene · bituminous,15
academic_T2::academic_T2_PG03,T2,academic,academic_T2,academic_T2_PG03,70,70_ema_emergy_profitability_ecological,76,ema · emergy · profitability · ecological · accounting · ecosystem · eca · bioaccounting · emas · msme,16
academic_T2::academic_T2_PG03,T2,academic,academic_T2,academic_T2_PG03,77,77_tyres_tire_tyre_rubber,67,tyres · tire · tyre · rubber · tires · geoenvironmental · rubbers · pyrolysis · styrene · elastomer,17
academic_T2::academic_T2_PG03,T2,academic,academic_T2,academic_T2_PG03,83,83_geopolymers_geopolymeric_geopolymerization_geopolymer,58,geopolymers · geopolymeric · geopolymerization · geopolymer · geopolymerized · metakaolin · kaolin · geocomposites · aluminosilicate · zeolitic,18
academic_T2::academic_T2_PG03,T2,academic,academic_T2,academic_T2_PG03,89,89_exergy_thermoeconomics_thermoeconomic_emergy,54,exergy · thermoeconomics · thermoeconomic · emergy · exergoenvironmental · exergetic · exergoenvironment · cogeneration · exergoeconomic · ecosystem,19
academic_T2::academic_T2_PG03,T2,academic,academic_T2,academic_T2_PG03,94,94_depolymerizability_polymers_polymer_polymerizability,50,depolymerizability · polymers · polymer · polymerizability · thermoplastics · copolymers · depolymerization · polyacetals · polyethylenes · homopolymers,20
academic_T2::academic_T2_PG04,T2,academic,academic_T2,academic_T2_PG04,5,5_biosorption_wastewater_adsorbents_effluents,461,biosorption · wastewater · adsorbents · effluents · biosorbents · photocatalyst · biochar · effluent · photocatalysts · adsorption,1
academic_T2::academic_T2_PG04,T2,academic,academic_T2,academic_T2_PG04,17,17_irrigation_wastewater_wastewaters_irrigated,291,irrigation · wastewater · wastewaters · irrigated · irrigating · fertigation · effluent · irrigate · soils · soil,2
academic_T2::academic_T2_PG04,T2,academic,academic_T2,academic_T2_PG04,20,20_wetland_wetlands_greywater_wastewater,264,wetland · wetlands · greywater · wastewater · wastewaters · effluents · effluent · phytoremediation · macrophytes · sewage,3
academic_T2::academic_T2_PG04,T2,academic,academic_T2,academic_T2_PG04,58,58_ultrafiltration_microfiltration_desalination_wastewaters,96,ultrafiltration · microfiltration · desalination · wastewaters · filtration · wastewater · effluent · biofouling · osmosis · membrane,4
academic_T2::academic_T2_PG06,T2,academic,academic_T2,academic_T2_PG06,13,13_plastics_concrete_hdpe_composites,357,plastics · concrete · hdpe · composites · polyethylene · plastic · aggregates · recycled · polypropylene · ldpe,1
academic_T2::academic_T2_PG06,T2,academic,academic_T2,academic_T2_PG06,19,19_concrete_concretes_aggregates_recycled,276,concrete · concretes · aggregates · recycled · cement · durability · aggregate · rca · structural · rac,2
academic_T2::academic_T2_PG06,T2,academic,academic_T2,academic_T2_PG06,27,27_pla_thermoplastic_plastics_polymers,222,pla · thermoplastic · plastics · polymers · extrusion · polylactic · polypropylene · polymer · extruder · fdm,3
academic_T2::academic_T2_PG06,T2,academic,academic_T2,academic_T2_PG06,45,45_concrete_glass_recycled_pozzolan,139,concrete · glass · recycled · pozzolan · pozzolanic · concretes · aggregates · silica · cement · glassware,4
academic_T2::academic_T2_PG06,T2,academic,academic_T2,academic_T2_PG06,47,47_hdpe_thermoplastic_biocomposites_polyethylene,137,hdpe · thermoplastic · biocomposites · polyethylene · composites · polypropylene · biocomposite · polymers · polymer · recycled,5
academic_T2::academic_T2_PG06,T2,academic,academic_T2,academic_T2_PG06,50,50_cfrp_cfrps_composites_thermoplastics,120,cfrp · cfrps · composites · thermoplastics · frp · thermoplastic · cfrpcs · cfrtp · cfrtps · thermoset,6
academic_T2::academic_T2_PG06,T2,academic,academic_T2,academic_T2_PG06,59,59_concrete_marble_aggregates_granites,90,concrete · marble · aggregates · granites · granite · cement · mortars · dust · sand · mortar,7
academic_T2::academic_T2_PG06,T2,academic,academic_T2,academic_T2_PG06,81,81_concrete_ceramic_aggregates_ceramics,60,concrete · ceramic · aggregates · ceramics · pozzolans · pozzolanic · cement · metakaolin · cements · silica,8
academic_T2::academic_T2_PG08,T2,academic,academic_T2,academic_T2_PG08,18,18_machining_machinability_manufacturing_milling,289,machining · machinability · manufacturing · milling · alloys · metalworking · cnc · carbide · aerospace · lubrication,1
academic_T2::academic_T2_PG08,T2,academic,academic_T2,academic_T2_PG08,79,79_bauxite_alumina_mud_aluminum,62,bauxite · alumina · mud · aluminum · aluminium · slag · refining · smelting · leaching · calcination,2
academic_T2::academic_T2_PG09,T2,academic,academic_T2,academic_T2_PG09,23,23_stormwater_bioretention_rainwater_runoff,248,stormwater · bioretention · rainwater · runoff · sewerage · catchments · drainage · catchment · hydrological · sewers,1
academic_T2::academic_T2_PG09,T2,academic,academic_T2,academic_T2_PG09,93,93_groundwater_aquifer_hydrogeology_aquifers,50,groundwater · aquifer · hydrogeology · aquifers · hydrogeological · stormwater · irrigation · seawater · subsurface · recharging,2
academic_T2::academic_T2_PG10,T2,academic,academic_T2,academic_T2_PG10,26,26_iot_sensors_bins_rfid,223,iot · sensors · bins · rfid · disposal · bin · recyclable · sensor · trash · inefficiencies,1
academic_T2::academic_T2_PG10,T2,academic,academic_T2,academic_T2_PG10,28,28_convolutional_cnns_imagenet_trashnet,213,convolutional · cnns · imagenet · trashnet · resnet · recyclable · classification · efficientnet · categorization · biodegradable,2
academic_T2::academic_T2_PG10,T2,academic,academic_T2,academic_T2_PG10,35,35_aquaflownet_wastewater_effluent_aeration,174,aquaflownet · wastewater · effluent · aeration · sewage · aerator · neural · sensors · ai · scada,3
academic_T2::academic_T2_PG10,T2,academic,academic_T2,academic_T2_PG10,38,38_microalga_microalgal_microalgae_algae,158,microalga · microalgal · microalgae · algae · photobioreactors · chlorella · wastewater · wastewaters · effluents · algal,4
academic_T2::academic_T2_PG10,T2,academic,academic_T2,academic_T2_PG10,44,44_biosolids_biosolid_biosludge_wastewater,139,biosolids · biosolid · biosludge · wastewater · sludge · biorefinery · sludges · sewage · biogas · gasification,5
academic_T2::academic_T2_PG10,T2,academic,academic_T2,academic_T2_PG10,46,46_anammox_denitrification_nitrification_nitrifying,137,anammox · denitrification · nitrification · nitrifying · wastewater · bioreactors · wastewaters · aeration · effluents · bioreactor,6
academic_T2::academic_T2_PG10,T2,academic,academic_T2,academic_T2_PG10,61,61_struvite_phosphates_wastewater_superphosphate,87,struvite · phosphates · wastewater · superphosphate · wastewaters · eutrophication · phosphorus · phosphate · fertiliser · mgnh4po4,7
academic_T2::academic_T2_PG10,T2,academic,academic_T2,academic_T2_PG10,65,65_bioelectrochemical_biocathode_wastewater_biohydrogen,82,bioelectrochemical · biocathode · wastewater · biohydrogen · greywater · electrochemical · microbial · bioelectrode · mfcs · bioelectricity,8
academic_T2::academic_T2_PG10,T2,academic,academic_T2,academic_T2_PG10,71,71_wastewater_hydropower_effluent_aeration,75,wastewater · hydropower · effluent · aeration · ghg · hydro · renewable · unfccc · turbines · cogeneration,9
academic_T2::academic_T2_PG10,T2,academic,academic_T2,academic_T2_PG10,84,84_aquaponics_aquaponic_aquaculture_mariculture,57,aquaponics · aquaponic · aquaculture · mariculture · hydroponics · hydroponic · biofertilizers · aquacultural · biofloc · wastewater,10
academic_T2::academic_T2_PG10,T2,academic,academic_T2,academic_T2_PG10,86,86_ai_landfill_biodegradation_technologies,56,ai · landfill · biodegradation · technologies · analytics · algorithms · arima · predictive · forecasting · neural,11
academic_T2::academic_T2_S002,T2,academic,academic_T2,academic_T2_S002,2,2_indicator_indicators_kpis_methodology,606,indicator · indicators · kpis · methodology · objectives · competitiveness · assessment · evaluation · csr · scorecard,1
academic_T2::academic_T2_S010,T2,academic,academic_T2,academic_T2_S010,10,10_biorefineries_biorefinery_bioeconomy_lca,396,biorefineries · biorefinery · bioeconomy · lca · biomass · bioenergy · bioethanol · gasification · biofuel · biofuels,1
academic_T2::academic_T2_S021,T2,academic,academic_T2,academic_T2_S021,21,21_ohs_osh_hse_safety,258,ohs · osh · hse · safety · smes · ohsms · ppe · compliance · workplace · hazards,1
academic_T2::academic_T2_S024,T2,academic,academic_T2,academic_T2_S024,24,24_oilfield_petroleum_drilling_offshore,234,oilfield · petroleum · drilling · offshore · downhole · subsea · wellbore · salinity · shale · fluids,1
academic_T2::academic_T2_S031,T2,academic,academic_T2,academic_T2_S031,31,31_reuse_redevelopment_preservation_reusing,186,reuse · redevelopment · preservation · reusing · revitalization · architectural · buildings · renovation · architecture · reused,1
academic_T2::academic_T2_S054,T2,academic,academic_T2,academic_T2_S054,54,54_neodymium_solvometallurgy_hydrometallurgy_bioleaching,112,neodymium · solvometallurgy · hydrometallurgy · bioleaching · biomining · rhenium · hydrometallurgical · lanthanum · yttrium · magnets,1
academic_T2::academic_T2_S056,T2,academic,academic_T2,academic_T2_S056,56,56_eia_sea_strategic_eias,109,eia · sea · strategic · eias · assessment · nepa · assessments · consideration · matsushita · ecia,1
academic_T2::academic_T2_S075,T2,academic,academic_T2,academic_T2_S075,75,75_envelopment_efficiencies_eco_disposability,70,envelopment · efficiencies · eco · disposability · prosperities · dea · pollutions · innovation · gdp · globalisation,1
academic_T2::academic_T2_S076,T2,academic,academic_T2,academic_T2_S076,76,76_nanocelluloses_nanocellulose_nanopaper_cellulose,68,nanocelluloses · nanocellulose · nanopaper · cellulose · papermaking · cellulosic · pulping · lignin · biomass · nanofibers,1
academic_T2::academic_T2_S088,T2,academic,academic_T2,academic_T2_S088,88,88_wastewater_infrastructure_stakeholders_indicator,54,wastewater · infrastructure · stakeholders · indicator · indicators · interdisciplinary · utilities · watersheds · watershed · reclamation,1
corporate_T2::corporate_T2_PG01,T2,corporate,corporate_T2,corporate_T2_PG01,1,1_leaching_mining_leach_processing,74,leaching · mining · leach · processing · ore · mineralized · gold · metallurgical · metals · depreciation,1
corporate_T2::corporate_T2_PG01,T2,corporate,corporate_T2,corporate_T2_PG01,2,2_uncertainties_mineralization_mining_minerals,62,uncertainties · mineralization · mining · minerals · commodity · estimates · estimating · recoverability · mineral · ore,2
corporate_T2::corporate_T2_PG01,T2,corporate,corporate_T2,corporate_T2_PG01,3,3_recoverability_asset_assets_impairment,60,recoverability · asset · assets · impairment · impairments · commodity · recoverable · impaired · estimates · reclamation,3
corporate_T2::corporate_T2_PG01,T2,corporate,corporate_T2,corporate_T2_PG01,5,5_recycling_concentrates_pgm_silver,29,recycling · concentrates · pgm · silver · pgms · turnaround · sulfides · processing · recycled · smelter,4
corporate_T2::corporate_T2_PG01,T2,corporate,corporate_T2,corporate_T2_PG01,6,6_mineralized_mining_minerals_exploration,26,mineralized · mining · minerals · exploration · geochemical · drilling · geologist · land · trenching · sampling,5
corporate_T2::corporate_T2_PG01,T2,corporate,corporate_T2,corporate_T2_PG01,8,8_leaching_ore_leach_metals,23,leaching · ore · leach · metals · extraction · silver · recoveries · assaying · extracts · estimated,6
corporate_T2::corporate_T2_PG01,T2,corporate,corporate_T2,corporate_T2_PG01,9,9_reserves_drilling_uncertainties_producing,21,reserves · drilling · uncertainties · producing · waterflood · risks · obtaining · fracturing · oil · investments,7
corporate_T2::corporate_T2_PG01,T2,corporate,corporate_T2,corporate_T2_PG01,10,10_extraction_gold_metallic_autoclave,19,extraction · gold · metallic · autoclave · slag · grinding · extractable · analytical · extracting · silica,8
corporate_T2::corporate_T2_PG01,T2,corporate,corporate_T2,corporate_T2_PG01,12,12_drilling_uncertainties_rigs_recompletion,15,drilling · uncertainties · rigs · recompletion · development · drill · opportunity · availability · construction · infrastructure,9
corporate_T2::corporate_T2_S000,T2,corporate,corporate_T2,corporate_T2_S000,0,0_regulatory_impurities_substances_regulations,106,regulatory · impurities · substances · regulations · environmental · liability · contamination · compliance · liable · remediation,1
corporate_T2::corporate_T2_S004,T2,corporate,corporate_T2,corporate_T2_S004,4,4_epa_wastewater_groundwater_environmental,40,epa · wastewater · groundwater · environmental · pipeline · disposal · shale · fracturing · regulatory · hydraulic,1
corporate_T2::corporate_T2_S007,T2,corporate,corporate_T2,corporate_T2_S007,7,7_commercialization_feedstock_coal_manufacturing,24,commercialization · feedstock · coal · manufacturing · commercialize · markets · processed · developing · marketability · profits,1
corporate_T2::corporate_T2_S011,T2,corporate,corporate_T2,corporate_T2_S011,11,11_reclamation_mining_exploration_obligations,19,reclamation · mining · exploration · obligations · reclaim · remediation · competition · industry · land · development,1
media_T2::media_T2_PG01,T2,media,media_T2,media_T2_PG01,0,0_reuse_recyclable_bins_composting,2757,reuse · recyclable · bins · composting · reused · efficiency · consumption · tonnes · landfill · wasted,1
media_T2::media_T2_PG01,T2,media,media_T2,media_T2_PG01,1,1_textiles_reuse_upcycling_fabrics,350,textiles · reuse · upcycling · fabrics · upcycled · garments · recyclable · garment · apparel · polyester,2
academic_T3::academic_T3_PG01,T3,academic,academic_T3,academic_T3_PG01,2,2_sustainment_nurses_nursing_healthcare,1748,sustainment · nurses · nursing · healthcare · patients · nurse · clinical · hospitals · nhs · co2e,1
academic_T3::academic_T3_PG01,T3,academic,academic_T3,academic_T3_PG01,163,163_ecodent_dental_dentistry_dentists,93,ecodent · dental · dentistry · dentists · dentist · ecopoint · caries · prosthodontics · toothbrushing · dentifrices,2
academic_T3::academic_T3_PG02,T3,academic,academic_T3,academic_T3_PG02,3,3_biofertilizer_biofertilizers_fertilisers_fertilizers,1676,biofertilizer · biofertilizers · fertilisers · fertilizers · fertilizer · biochar · vermicompost · nutrient · nutrients · crops,1
academic_T3::academic_T3_PG02,T3,academic,academic_T3,academic_T3_PG02,110,110_biogas_biomethane_bioenergy_biomass,142,biogas · biomethane · bioenergy · biomass · biodigesters · biodigester · biodigestion · digesters · digester · manure,2
academic_T3::academic_T3_PG02,T3,academic,academic_T3,academic_T3_PG02,169,169_composting_organic_manure_fertilizer,87,composting · organic · manure · fertilizer · farming · cultivation · compost · fertilizers · composter · farmers,3
academic_T3::academic_T3_PG02,T3,academic,academic_T3,academic_T3_PG02,206,206_phosphorus_phosphate_nutrient_eutrophication,60,phosphorus · phosphate · nutrient · eutrophication · fertilisers · fertilising · fertiliser · phytate · fertilizers · fertilizer,4
academic_T3::academic_T3_PG03,T3,academic,academic_T3,academic_T3_PG03,4,4_byproducts_bioactive_polyphenols_phenolics,1568,byproducts · bioactive · polyphenols · phenolics · nutraceutical · nutritional · antioxidant · ingredient · carotenoids · phytochemicals,1
academic_T3::academic_T3_PG03,T3,academic,academic_T3,academic_T3_PG03,8,8_dietary_interventions_nutrition_obesity,1049,dietary · interventions · nutrition · obesity · omnivores · healthier · diet · prevalence · dietitians · eating,2
academic_T3::academic_T3_PG03,T3,academic,academic_T3,academic_T3_PG03,10,10_dietary_nutrition_diet_nutritional,1036,dietary · nutrition · diet · nutritional · nutrients · fao · diets · ghg · legumes · kcal,3
academic_T3::academic_T3_PG03,T3,academic,academic_T3,academic_T3_PG03,62,62_cosmeceuticals_cosmeceutical_moisturizers_balms,272,cosmeceuticals · cosmeceutical · moisturizers · balms · bioactive · moisturizing · phytocosmetics · cosmetics · skincare · bioavailability,4
academic_T3::academic_T3_PG03,T3,academic,academic_T3,academic_T3_PG03,218,218_millets_millet_grains_sorghum,56,millets · millet · grains · sorghum · maize · crops · cereals · dietary · nutritious · nutritional,5
academic_T3::academic_T3_PG04,T3,academic,academic_T3,academic_T3_PG04,5,5_bioplastic_bioplastics_biodegradability_biopolymers,1540,bioplastic · bioplastics · biodegradability · biopolymers · biodegradable · biopolymer · polysaccharides · plastics · microplastics · chitosan,1
academic_T3::academic_T3_PG04,T3,academic,academic_T3,academic_T3_PG04,7,7_sdg_sdg6_sanitation_desalination,1143,sdg · sdg6 · sanitation · desalination · groundwater · rainwater · sewerage · wastewater · wash · watershed,2
academic_T3::academic_T3_PG04,T3,academic,academic_T3,academic_T3_PG04,22,22_polyurethane_polyurethanes_lignin_thermosets,611,polyurethane · polyurethanes · lignin · thermosets · thermosetting · polymers · polymer · biobased · isocyanates · epoxy,3
academic_T3::academic_T3_PG04,T3,academic,academic_T3,academic_T3_PG04,25,25_biorefineries_biomass_biorefinery_biofuels,533,biorefineries · biomass · biorefinery · biofuels · biofuel · bioenergy · feedstocks · bioethanol · ethanol · feedstock,4
academic_T3::academic_T3_PG04,T3,academic,academic_T3,academic_T3_PG04,39,39_geopolymers_concrete_geopolymer_concretes,416,geopolymers · concrete · geopolymer · concretes · pozzolans · cement · pozzolanic · cements · slag · clinker,5
academic_T3::academic_T3_PG04,T3,academic,academic_T3,academic_T3_PG04,40,40_biomass_ecooking_cookstoves_woodfuel,414,biomass · ecooking · cookstoves · woodfuel · stoves · lpg · cookstove · stove · fuels · fuelwood,6
academic_T3::academic_T3_PG04,T3,academic,academic_T3,academic_T3_PG04,51,51_stereolithography_pla_fdm_thermoplastic,321,stereolithography · pla · fdm · thermoplastic · manufacturing · fabrication · polymers · prototyping · extrusion · polylactic,7
academic_T3::academic_T3_PG04,T3,academic,academic_T3,academic_T3_PG04,53,53_inkjet_semiconducting_bioelectronics_conductive,315,inkjet · semiconducting · bioelectronics · conductive · biodegradability · biodegradable · capacitive · triboelectric · electrochromic · electronics,8
academic_T3::academic_T3_PG04,T3,academic,academic_T3,academic_T3_PG04,59,59_biorefineries_biorefinery_biomass_feedstocks,284,biorefineries · biorefinery · biomass · feedstocks · catalysts · transesterification · petrochemical · feedstock · furfural · biocatalysts,9
academic_T3::academic_T3_PG04,T3,academic,academic_T3,academic_T3_PG04,70,70_footprint_evapotranspiration_freshwater_wastewater,241,footprint · evapotranspiration · freshwater · wastewater · irrigation · water · watershed · groundwater · cropwat · irrigated,10
academic_T3::academic_T3_PG04,T3,academic,academic_T3,academic_T3_PG04,81,81_footprint_ecosystem_hectares_biocapacity,210,footprint · ecosystem · hectares · biocapacity · emergy · indicator · ecosystems · footprints · npp · hectare,11
academic_T3::academic_T3_PG04,T3,academic,academic_T3,academic_T3_PG04,96,96_bioproduction_bioconversion_biomass_feedstocks,166,bioproduction · bioconversion · biomass · feedstocks · bioprocess · bioprocesses · ethanol · microbial · lignocellulosic · cellobiose,12
academic_T3::academic_T3_PG04,T3,academic,academic_T3,academic_T3_PG04,104,104_polyhydroxyalkanoate_polyhydroxybutyrate_polyhydroxyalkanoates_bioplastic,147,polyhydroxyalkanoate · polyhydroxybutyrate · polyhydroxyalkanoates · bioplastic · biodegradability · biopolyesters · bioplastics · biopolymers · biodegradable · biopolymer,13
academic_T3::academic_T3_PG04,T3,academic,academic_T3,academic_T3_PG04,123,123_biocomposites_polybutylene_biodegradable_composites,125,biocomposites · polybutylene · biodegradable · composites · polymers · polymer · polyethylene · pla · polylactic · biobased,14
academic_T3::academic_T3_PG04,T3,academic,academic_T3,academic_T3_PG04,129,129_geopolymers_extrudability_fabrication_concrete,121,geopolymers · extrudability · fabrication · concrete · extrusion · buildability · nanoclay · prototyping · 3dcp · printability,15
academic_T3::academic_T3_PG04,T3,academic,academic_T3,academic_T3_PG04,149,149_hempcrete_biocomposites_geopolymer_composites,102,hempcrete · biocomposites · geopolymer · composites · insulation · insulations · aggregates · hemp · hygrothermal · porosity,16
academic_T3::academic_T3_PG04,T3,academic,academic_T3,academic_T3_PG04,152,152_desalinations_desalination_desalinated_desalinate,102,desalinations · desalination · desalinated · desalinate · solar · nanofluids · seawater · freshwater · deionization · dehumidification,17
academic_T3::academic_T3_PG04,T3,academic,academic_T3,academic_T3_PG04,165,165_briquettes_briquette_briquetting_biomass,90,briquettes · briquette · briquetting · biomass · charcoal · sawdust · biocoke · pellets · fuels · biobriquettes,18
academic_T3::academic_T3_PG04,T3,academic,academic_T3,academic_T3_PG04,168,168_biolubricants_biolubricant_lubricity_lubrication,87,biolubricants · biolubricant · lubricity · lubrication · lubricating · lubricants · lubricant · biodegradability · tribological · biohydrocarbons,19
academic_T3::academic_T3_PG04,T3,academic,academic_T3,academic_T3_PG04,175,175_biochars_biochar_hydrochar_biomass,79,biochars · biochar · hydrochar · biomass · charcoal · gasification · pyrolysis · bioproduct · feedstock · soil,20
academic_T3::academic_T3_PG04,T3,academic,academic_T3,academic_T3_PG04,190,190_biocomposites_mycelium_biodegradability_biocomposite,70,biocomposites · mycelium · biodegradability · biocomposite · biomaterial · biodegradable · mycelial · lignocellulosic · fungal · composites,21
academic_T3::academic_T3_PG04,T3,academic,academic_T3,academic_T3_PG04,199,199_biosorbents_adsorbents_bioadsorbents_biosorbent,65,biosorbents · adsorbents · bioadsorbents · biosorbent · sorbents · adsorbent · adsorption · adsorptive · sorption · adsorbing,22
academic_T3::academic_T3_PG04,T3,academic,academic_T3,academic_T3_PG04,214,214_hydrogel_hydrogels_biodegradability_biodegradable,57,hydrogel · hydrogels · biodegradability · biodegradable · superabsorbents · absorbents · microgels · eutectogels · microgel · polymers,23
academic_T3::academic_T3_PG05,T3,academic,academic_T3,academic_T3_PG05,9,9_scm_stakeholder_sourcing_supplier,1046,scm · stakeholder · sourcing · supplier · logistics · procurement · gscm · manufacturing · supply · suppliers,1
academic_T3::academic_T3_PG05,T3,academic,academic_T3,academic_T3_PG05,26,26_csr_stakeholder_stakeholders_societal,529,csr · stakeholder · stakeholders · societal · responsibility · corporates · corporations · ethical · corporate · governance,2
academic_T3::academic_T3_PG05,T3,academic,academic_T3,academic_T3_PG05,35,35_smes_eco_innovations_manufacturing,455,smes · eco · innovations · manufacturing · sme · stakeholder · capabilities · capability · entrepreneurial · enterprises,3
academic_T3::academic_T3_PG05,T3,academic,academic_T3,academic_T3_PG05,52,52_topsis_multicriteria_ahp_supplier,316,topsis · multicriteria · ahp · supplier · subcriteria · mcdm · criteria · suppliers · optimizacija · selection,4
academic_T3::academic_T3_PG06,T3,academic,academic_T3,academic_T3_PG06,11,11_oecd_cointegration_econometric_economies,959,oecd · cointegration · econometric · economies · gdp · fdi · emissions · brics · globalization · regression,1
academic_T3::academic_T3_PG06,T3,academic,academic_T3,academic_T3_PG06,132,132_gdp_oecd_indicator_wealth,120,gdp · oecd · indicator · wealth · prosperity · financialization · assets · stiglitz · income · capital,2
academic_T3::academic_T3_PG07,T3,academic,academic_T3,academic_T3_PG07,12,12_nanocatalysts_iupac_catalysts_chemicals,930,nanocatalysts · iupac · catalysts · chemicals · catalysis · solvents · syntheses · photocatalysts · chemical · chemists,1
academic_T3::academic_T3_PG07,T3,academic,academic_T3,academic_T3_PG07,98,98_nanosafety_nanoproducts_nanomaterial_nanoremediation,163,nanosafety · nanoproducts · nanomaterial · nanoremediation · nanotoxicity · nanotech · nanomanufacturing · nanosafe · nanomaterials · nanoenergy,2
academic_T3::academic_T3_PG07,T3,academic,academic_T3,academic_T3_PG07,140,140_petrochemistry_ecomaterials_chem_chemistry,112,petrochemistry · ecomaterials · chem · chemistry · icechim · romania · priochem · politehnica · symposium · ro,3
academic_T3::academic_T3_PG07,T3,academic,academic_T3,academic_T3_PG07,196,196_nanoparticles_nanomaterial_nanoparticle_nanomaterials,67,nanoparticles · nanomaterial · nanoparticle · nanomaterials · tio2 · antibacterial · photocatalytic · nanotechnology · ftir · antimicrobial,4
academic_T3::academic_T3_PG08,T3,academic,academic_T3,academic_T3_PG08,13,13_circularity_ce_ecosystem_stakeholders,854,circularity · ce · ecosystem · stakeholders · stakeholder · economies · reuse · recycling · circular · sectors,1
academic_T3::academic_T3_PG08,T3,academic,academic_T3,academic_T3_PG08,16,16_agroecology_agroecosystems_agroecosystem_agrobiodiversity,706,agroecology · agroecosystems · agroecosystem · agrobiodiversity · agroecological · agrifood · fao · foodscapes · agriculture · agri,2
academic_T3::academic_T3_PG08,T3,academic,academic_T3,academic_T3_PG08,20,20_agronomy_intercropping_agronomic_agricultural,643,agronomy · intercropping · agronomic · agricultural · agriculture · farming · agroecological · agroforestry · crops · farmers,3
academic_T3::academic_T3_PG08,T3,academic,academic_T3,academic_T3_PG08,23,23_pastureland_grazing_livestock_grassland,591,pastureland · grazing · livestock · grassland · grasslands · pasture · forages · pastures · ruminants · pastoralism,4
academic_T3::academic_T3_PG08,T3,academic,academic_T3,academic_T3_PG08,42,42_digitalization_digitalisation_digital_digitization,385,digitalization · digitalisation · digital · digitization · digitisation · sgd · digitainability · analytics · digitalized · capability,5
academic_T3::academic_T3_PG08,T3,academic,academic_T3,academic_T3_PG08,45,45_agri_agricultural_agriculture_agribusiness,353,agri · agricultural · agriculture · agribusiness · agro · eurostat · indicator · farming · agrarian · crops,6
academic_T3::academic_T3_PG08,T3,academic,academic_T3,academic_T3_PG08,46,46_hoteliers_hospitality_csr_stakeholder,352,hoteliers · hospitality · csr · stakeholder · tourism · initiatives · hotel · hcmi · lodging · implementing,7
academic_T3::academic_T3_PG08,T3,academic,academic_T3,academic_T3_PG08,49,49_ecotourism_tourism_behavioral_behavioural,325,ecotourism · tourism · behavioral · behavioural · behaviors · tourists · willingness · behaviour · proenvironmental · behaviours,8
academic_T3::academic_T3_PG08,T3,academic,academic_T3,academic_T3_PG08,94,94_sbm_sbms_stakeholders_microfoundational,170,sbm · sbms · stakeholders · microfoundational · stakeholder · cbm · sbmi · innovations · gnsbms · reconfigurations,9
academic_T3::academic_T3_PG08,T3,academic,academic_T3,academic_T3_PG08,147,147_circularity_digitalisation_digitalization_remanufacture,103,circularity · digitalisation · digitalization · remanufacture · reuse · lifecycles · iot · circular · ce · cedbms,10
academic_T3::academic_T3_PG08,T3,academic,academic_T3,academic_T3_PG08,156,156_findingstourism_tourism_ecotourism_digitalization,99,findingstourism · tourism · ecotourism · digitalization · expedia · experiential · digital · tourists · travelers · tourist,11
academic_T3::academic_T3_PG08,T3,academic,academic_T3,academic_T3_PG08,164,164_projectification_plm_megaprojects_stakeholder,93,projectification · plm · megaprojects · stakeholder · methodologies · ppm · project · spm · sustenability · deliverables,12
academic_T3::academic_T3_PG08,T3,academic,academic_T3,academic_T3_PG08,166,166_pesticides_agrochemicals_pesticide_insecticides,90,pesticides · agrochemicals · pesticide · insecticides · agrochemical · ipm · herbicides · bactericides · agricultural · phytosanitary,13
academic_T3::academic_T3_PG08,T3,academic,academic_T3,academic_T3_PG08,171,171_hoteliers_hospitality_eco_customers,84,hoteliers · hospitality · eco · customers · behavioral · gratification · ccbi · customer · tourists · sem,14
academic_T3::academic_T3_PG08,T3,academic,academic_T3,academic_T3_PG08,185,185_circularisation_circularity_agri_agro,71,circularisation · circularity · agri · agro · agriculture · circular · cyclicality · valorization · reuse · regenerative,15
academic_T3::academic_T3_PG08,T3,academic,academic_T3,academic_T3_PG08,203,203_digital_mechatronic_mechatronics_manufacturing,64,digital · mechatronic · mechatronics · manufacturing · twin · lifecycles · simulations · twins · simulation · turbomachinery,16
academic_T3::academic_T3_PG08,T3,academic,academic_T3,academic_T3_PG08,215,215_agribusiness_horticulture_farming_cultivation,57,agribusiness · horticulture · farming · cultivation · scaling · farmers · horticultural · agrotourism · kalimantan · multidimensional,17
academic_T3::academic_T3_PG08,T3,academic,academic_T3,academic_T3_PG08,223,223_horticulture_horticultural_cultivation_cultivating,54,horticulture · horticultural · cultivation · cultivating · horticulturists · gardeners · gardening · garden · foodsheds · gardens,18
academic_T3::academic_T3_PG09,T3,academic,academic_T3,academic_T3_PG09,14,14_consumers_consumer_organic_supermarkets,851,consumers · consumer · organic · supermarkets · willingness · markets · sociodemographic · taste · eaters · choice,1
academic_T3::academic_T3_PG09,T3,academic,academic_T3,academic_T3_PG09,31,31_consumerism_consumers_consumer_spss,511,consumerism · consumers · consumer · spss · eco · influencing · willingness · intention · millennials · behavioral,2
academic_T3::academic_T3_PG09,T3,academic,academic_T3,academic_T3_PG09,67,67_csr_branding_consumers_reputation,250,csr · branding · consumers · reputation · consumer · brand · csrs · authenticity · marketers · initiatives,3
academic_T3::academic_T3_PG09,T3,academic,academic_T3,academic_T3_PG09,100,100_influencers_influencer_influentials_greenfluencers,156,influencers · influencer · influentials · greenfluencers · marketers · consumer · millennials · followers · authenticity · marketing,4
academic_T3::academic_T3_PG09,T3,academic,academic_T3,academic_T3_PG09,102,102_sustainabledevelopment_consumers_marketers_marketing,152,sustainabledevelopment · consumers · marketers · marketing · marketer · promotion · customers · advertising · warming · corporates,5
academic_T3::academic_T3_PG09,T3,academic,academic_T3,academic_T3_PG09,115,115_packaging_consumers_consumer_biodegradable,139,packaging · consumers · consumer · biodegradable · fmcg · plastics · bioplastic · bioplastics · reusable · plastic,6
academic_T3::academic_T3_PG09,T3,academic,academic_T3,academic_T3_PG09,222,222_macromarketing_macromarketers_micromarketing_societal,55,macromarketing · macromarketers · micromarketing · societal · marketers · marketing · reimagining · cocreating · minsky · commentary,7
academic_T3::academic_T3_PG09,T3,academic,academic_T3,academic_T3_PG09,231,231_spss_cosmetics_cosmetic_consumers,51,spss · cosmetics · cosmetic · consumers · cosmeceuticals · cleanness · kosmetik · produk · beauty · skincare,8
academic_T3::academic_T3_PG10,T3,academic,academic_T3,academic_T3_PG10,15,15_aquaculture_fisheries_fishery_overfishing,749,aquaculture · fisheries · fishery · overfishing · seafood · sustainably · shellfish · trophic · finfish · mackerel,1
academic_T3::academic_T3_PG10,T3,academic,academic_T3,academic_T3_PG10,68,68_microalga_microalgal_microalgae_algae,248,microalga · microalgal · microalgae · algae · chlorella · algal · macroalgae · spirulina · macroalgal · seaweeds,2
academic_T3::academic_T3_PG10,T3,academic,academic_T3,academic_T3_PG10,85,85_hydroponics_hydroponic_hydroponically_aeroponics,196,hydroponics · hydroponic · hydroponically · aeroponics · bioponics · aeroponic · geoponic · cultivation · crops · horticulture,3
academic_T3::academic_T3_PG10,T3,academic,academic_T3,academic_T3_PG10,131,131_fishmeal_aquafeed_aquafeeds_aquaculture,121,fishmeal · aquafeed · aquafeeds · aquaculture · microalgae · fisheries · finfish · digestibility · fish · phytoandrogen,4
academic_T3::academic_T3_PG10,T3,academic,academic_T3,academic_T3_PG10,178,178_aquaponics_aquaponic_hydroponics_algaeponics,75,aquaponics · aquaponic · hydroponics · algaeponics · hydroponic · aquaculture · aquapon · agriculturas · vertichalponics · farming,5
academic_T3::academic_T3_PG11,T3,academic,academic_T3,academic_T3_PG11,18,18_leed_usgbc_building_igbc,671,leed · usgbc · building · igbc · builders · construction · infrastructure · stakeholders · buildings · contractors,1
academic_T3::academic_T3_PG11,T3,academic,academic_T3,academic_T3_PG11,92,92_bim_leed_revit_greenbim,174,bim · leed · revit · greenbim · architectural · archicad · autodesk · architect · architects · architecture,2
academic_T3::academic_T3_PG12,T3,academic,academic_T3,academic_T3_PG12,21,21_urbanism_livability_megacities_liveability,638,urbanism · livability · megacities · liveability · sprawl · suburbia · urbanisation · neighbourhoods · neighbourhood · suburbs,1
academic_T3::academic_T3_PG12,T3,academic,academic_T3,academic_T3_PG12,63,63_urbanism_megacities_smartization_futuristic,270,urbanism · megacities · smartization · futuristic · urbanization · analytics · metropolis · cities · urban · ict,2
academic_T3::academic_T3_PG12,T3,academic,academic_T3,academic_T3_PG12,89,89_valuation_valuations_valuers_valuer,185,valuation · valuations · valuers · valuer · reits · tenancies · depreciation · immobiliare · cre · marketability,3
academic_T3::academic_T3_PG12,T3,academic,academic_T3,academic_T3_PG12,120,120_livability_housing_affordability_habitability,132,livability · housing · affordability · habitability · liveability · housings · livable · dwellings · homeownership · households,4
academic_T3::academic_T3_PG12,T3,academic,academic_T3,academic_T3_PG12,138,138_ict_icts_ict4s_egovernment,114,ict · icts · ict4s · egovernment · sdg · informatisation · infocommunication · cleantech · telecoms · telecommunication,5
academic_T3::academic_T3_PG13,T3,academic,academic_T3,academic_T3_PG13,24,24_hci_transdisciplinary_designing_interdisciplinary,573,hci · transdisciplinary · designing · interdisciplinary · foresight · designtech · designers · participatory · designer · contexts,1
academic_T3::academic_T3_PG13,T3,academic,academic_T3,academic_T3_PG13,37,37_ecolinguistics_discursive_multimodal_discourse,423,ecolinguistics · discursive · multimodal · discourse · semiotic · communications · linguistics · communicative · linguistic · journalistic,2
academic_T3::academic_T3_PG13,T3,academic,academic_T3,academic_T3_PG13,82,82_capstone_interdisciplinary_pbl_multidisciplinary,209,capstone · interdisciplinary · pbl · multidisciplinary · undergraduate · engineers · sociotechnical · undergraduates · engineering · sde,3
academic_T3::academic_T3_PG13,T3,academic,academic_T3,academic_T3_PG13,174,174_pedagogies_elearning_mooc_competences,81,pedagogies · elearning · mooc · competences · digitalization · ict · universities · moocs · competence · coursera,4
academic_T3::academic_T3_PG13,T3,academic,academic_T3,academic_T3_PG13,195,195_ecodesign_transdisciplinary_pedagogy_neuroeducation,67,ecodesign · transdisciplinary · pedagogy · neuroeducation · stem · learning · thinking · pedagogical · learners · creativity,5
academic_T3::academic_T3_PG13,T3,academic,academic_T3,academic_T3_PG13,198,198_interdisciplinarity_transdisciplinary_interdisciplinary_ciplinarity,67,interdisciplinarity · transdisciplinary · interdisciplinary · ciplinarity · multifuctionality · paradigms · scientists · pluralism · complexity · disciplines,6
academic_T3::academic_T3_PG13,T3,academic,academic_T3,academic_T3_PG13,228,228_anthropocene_transdisciplinary_performative_bioart,52,anthropocene · transdisciplinary · performative · bioart · posthumanistic · geoartistic · artistic · ecoproject · artivists · geopoetic,7
academic_T3::academic_T3_PG15,T3,academic,academic_T3,academic_T3_PG15,30,30_heis_sdgs_universities_hesd,513,heis · sdgs · universities · hesd · greenmetric · institutional · campuses · universidad · initiatives · academic,1
academic_T3::academic_T3_PG15,T3,academic,academic_T3,academic_T3_PG15,58,58_eesd_educare_esd_educator,290,eesd · educare · esd · educator · tesd · pedagogy · educators · unesco · sdg4 · sesd,2
academic_T3::academic_T3_PG15,T3,academic,academic_T3,academic_T3_PG15,162,162_sdgs_indicators_indicator_mdgs,93,sdgs · indicators · indicator · mdgs · oecd · sdg · indices · sektorpolitiken · 2030 · countries,3
academic_T3::academic_T3_PG15,T3,academic,academic_T3,academic_T3_PG15,212,212_eurostat_indicators_competitiveness_eu,58,eurostat · indicators · competitiveness · eu · countries · romania · estonia · indices · european · sweden,4
academic_T3::academic_T3_PG16,T3,academic,academic_T3,academic_T3_PG16,32,32_prosumers_willingness_households_behavioural,482,prosumers · willingness · households · behavioural · behavioral · adopters · photovoltaics · renewables · photovoltaic · behaviour,1
academic_T3::academic_T3_PG16,T3,academic,academic_T3,academic_T3_PG16,183,183_recycling_reuse_recycle_households,72,recycling · reuse · recycle · households · reusing · behaviour · behaviors · pmc · behavioural · household,2
academic_T3::academic_T3_PG17,T3,academic,academic_T3,academic_T3_PG17,54,54_sustainopreneurship_ecopreneurship_sustainopreneurs_ecopreneurs,305,sustainopreneurship · ecopreneurship · sustainopreneurs · ecopreneurs · entrepreneurship · technopreneurship · intrapreneurism · entrepreneurial · preneurship · entrepreneurs,1
academic_T3::academic_T3_PG17,T3,academic,academic_T3,academic_T3_PG17,61,61_manufacturability_ecodesign_plm_lca,272,manufacturability · ecodesign · plm · lca · cad · manufacturing · modularity · automotive · specifications · manufacturers,2
academic_T3::academic_T3_PG17,T3,academic,academic_T3,academic_T3_PG17,84,84_sustainopreneurship_mba_ecopreneurship_mbas,199,sustainopreneurship · mba · ecopreneurship · mbas · pedagogies · ecopreneurs · pedagogy · experiential · entrepreneurship · learning,3
academic_T3::academic_T3_PG17,T3,academic,academic_T3,academic_T3_PG17,101,101_leadership_hospitality_transformational_engage,154,leadership · hospitality · transformational · engage · machiavellianism · behaviors · efﬁcacy · behaviours · behaviour · workplace,4
academic_T3::academic_T3_PG17,T3,academic,academic_T3,academic_T3_PG17,179,179_lca_recyclability_packaging_ecodesign,74,lca · recyclability · packaging · ecodesign · containers · ecoinvent · container · reusable · plastic · recycling,5
academic_T3::academic_T3_PG17,T3,academic,academic_T3,academic_T3_PG17,200,200_ergonomicsphere_ergonomics_macroergonomics_ergonomic,65,ergonomicsphere · ergonomics · macroergonomics · ergonomic · ergonomists · ergodesign · ergoecology · iea2012 · iea2021 · niosh,6
academic_T3::academic_T3_PG17,T3,academic,academic_T3,academic_T3_PG17,209,209_tourismsupplychainmanagementas_hospitality_proposedforenhancingstudents_includingprogramdesignintheupstreamtourismindustry,59,tourismsupplychainmanagementas · hospitality · proposedforenhancingstudents · includingprogramdesignintheupstreamtourismindustry · tourism · understandingofsustainability · studycontributionsproposethatapracticalframeworkcanenhancestudents · makesustainabilitylearningmoreinterestingforstudents · purposeeducation · workforce,7
academic_T3::academic_T3_PG17,T3,academic,academic_T3,academic_T3_PG17,230,230_ecolabelling_ecolabels_ecolabeling_ecolabel,51,ecolabelling · ecolabels · ecolabeling · ecolabel · ecolabeled · ecolabelled · ecomark · labelling · labeling · ecocertification,8
academic_T3::academic_T3_PG18,T3,academic,academic_T3,academic_T3_PG18,43,43_purposefood_wasting_wastage_composting,364,purposefood · wasting · wastage · composting · hunger · leftovers · gleaning · leftover · surplus · households,1
academic_T3::academic_T3_PG18,T3,academic,academic_T3,academic_T3_PG18,65,65_landfills_recyclables_recycling_landfill,267,landfills · recyclables · recycling · landfill · composting · sewerage · iswm · swm · disposal · swms,2
academic_T3::academic_T3_PG19,T3,academic,academic_T3,academic_T3_PG19,44,44_ai_sdgs_sdg_ecobot,356,ai · sdgs · sdg · ecobot · analytics · transformative · dnn · neural · computational · automation,1
academic_T3::academic_T3_PG19,T3,academic,academic_T3,academic_T3_PG19,117,117_blockchain_blockchains_ethereum_crypto,133,blockchain · blockchains · ethereum · crypto · cryptocurrency · cryptocurrencies · nft · nfts · stablecoins · traceability,2
academic_T3::academic_T3_PG19,T3,academic,academic_T3,academic_T3_PG19,204,204_ai_envirotech_scm_traceability,62,ai · envirotech · scm · traceability · analytics · logistics · blockchain · scalability · iot · sourcing,3
academic_T3::academic_T3_PG20,T3,academic,academic_T3,academic_T3_PG20,47,47_banking_banks_csr_bank,352,banking · banks · csr · bank · bankers · sbi · banco · bankaltimtara · hdfc · sector,1
academic_T3::academic_T3_PG20,T3,academic,academic_T3,academic_T3_PG20,74,74_capm_morningstar_fama_ftse4good,231,capm · morningstar · fama · ftse4good · investors · esg · investable · investing · investor · investment,2
academic_T3::academic_T3_PG20,T3,academic,academic_T3,academic_T3_PG20,111,111_financialization_unep_financing_esg,142,financialization · unep · financing · esg · financial · issuers · finance · credit · investors · investment,3
academic_T3::academic_T3_PG20,T3,academic,academic_T3,academic_T3_PG20,177,177_ukraine_ecotechnological_financing_ukrainian,77,ukraine · ecotechnological · financing · ukrainian · issuers · investment · esg · financial · issuance · issuing,4
academic_T3::academic_T3_PG20,T3,academic,academic_T3,academic_T3_PG20,211,211_ecoinnovation_ecoinnovations_innovativeness_innovations,58,ecoinnovation · ecoinnovations · innovativeness · innovations · eco · eurostat · innovators · competitiveness · wikinomics · eu,5
academic_T3::academic_T3_PG20,T3,academic,academic_T3,academic_T3_PG20,224,224_vat_lca_taxation_fiscal,54,vat · lca · taxation · fiscal · pollution · greening · eu · tax · polluters · extrafiscality,6
academic_T3::academic_T3_PG23,T3,academic,academic_T3,academic_T3_PG23,56,56_gamification_gamified_interactivity_greeneration,293,gamification · gamified · interactivity · greeneration · educity · gameful · interactive · virtual · gameplay · participants,1
academic_T3::academic_T3_PG23,T3,academic,academic_T3,academic_T3_PG23,207,207_metaverse_metaversification_telepresence_virtual,59,metaverse · metaversification · telepresence · virtual · interactivity · immersive · immersion · vr · valueintegrating · extant,2
academic_T3::academic_T3_PG24,T3,academic,academic_T3,academic_T3_PG24,64,64_logistics_warehousing_logistic_3pl,269,logistics · warehousing · logistic · 3pl · 3pls · logistik · logispreneurship · freight · cargo · emissions,1
academic_T3::academic_T3_PG24,T3,academic,academic_T3,academic_T3_PG24,95,95_seaports_ecoport_port_maritime,167,seaports · ecoport · port · maritime · seaport · intermodal · stevedoring · cargo · maersk · shipowners,2
academic_T3::academic_T3_PG24,T3,academic,academic_T3,academic_T3_PG24,144,144_crowdshipping_crowdshippers_logistics_crowdshipper,106,crowdshipping · crowdshippers · logistics · crowdshipper · transhipment · freight · logistic · cargo · transport · couriers,3
academic_T3::academic_T3_PG26,T3,academic,academic_T3,academic_T3_PG26,75,75_librarianship_librarians_librarian_libraries,228,librarianship · librarians · librarian · libraries · greenfile · initiatives · sdgs · ifla · library · lis,1
academic_T3::academic_T3_PG26,T3,academic,academic_T3,academic_T3_PG26,113,113_naturpædagogik_preschools_preschool_preschooler,140,naturpædagogik · preschools · preschool · preschooler · vygotsky · pedagogy · ecocritical · childcare · learning · kindergartens,2
academic_T3::academic_T3_PG26,T3,academic,academic_T3,academic_T3_PG26,192,192_literacy_undergraduates_learners_educational,69,literacy · undergraduates · learners · educational · students · undergraduate · conclusionstudents · anthropogenic · postgraduate · ecocentric,3
academic_T3::academic_T3_PG29,T3,academic,academic_T3,academic_T3_PG29,154,154_ecoairport_iata_aviation_aerospace,100,ecoairport · iata · aviation · aerospace · airbus · airlines · aéroports · airports · air · airline,1
academic_T3::academic_T3_PG29,T3,academic,academic_T3,academic_T3_PG29,188,188_fuels_fuel_biofuels_icao,70,fuels · fuel · biofuels · icao · biofuel · aviation · emissions · feedstock · iata · air,2
academic_T3::academic_T3_PG30,T3,academic,academic_T3,academic_T3_PG30,180,180_sensors_iot_metering_whatpeopledowithtechnology,73,sensors · iot · metering · whatpeopledowithtechnology · households · users · monitoring · thermostats · hci · usage,1
academic_T3::academic_T3_PG30,T3,academic,academic_T3,academic_T3_PG30,187,187_iot_iots_iotbe_sensors,71,iot · iots · iotbe · sensors · wsn · ecosense · m2m · uwsn · cyberinfrastructures · ecosense360,2
academic_T3::academic_T3_PG31,T3,academic,academic_T3,academic_T3_PG31,205,205_reuse_preservation_redevelopment_repurposing,60,reuse · preservation · redevelopment · repurposing · architectural · shophouses · heritage · buildings · preservationists · historic,1
academic_T3::academic_T3_PG31,T3,academic,academic_T3,academic_T3_PG31,221,221_retrofitting_refurbishments_renovation_refurbishment,55,retrofitting · refurbishments · renovation · refurbishment · dwellings · renovations · residential · modernisation · building · modernisations,2
academic_T3::academic_T3_PG33,T3,academic,academic_T3,academic_T3_PG33,128,128_smes_sme_intrategy_ecoprofit,122,smes · sme · intrategy · ecoprofit · enterprises · embeddedness · wettbewerbsvorteil · strategieprozess · entrepreneurial · internationalisierungsausloser,1
academic_T3::academic_T3_PG33,T3,academic,academic_T3,academic_T3_PG33,136,136_gri_indicators_esg_reporting,117,gri · indicators · esg · reporting · profitability · reports · nonfinancial · governance · report · corporate,2
academic_T3::academic_T3_PG33,T3,academic,academic_T3,academic_T3_PG33,150,150_esg_sustainalytics_esgs_esgc,102,esg · sustainalytics · esgs · esgc · moderneconomy · competitiveness · governance · stakeholder · economy5 · metrics,3
academic_T3::academic_T3_PG34,T3,academic,academic_T3,academic_T3_PG34,130,130_leadership_organisational_leader_ressourcenorientierten,121,leadership · organisational · leader · ressourcenorientierten · followership · leaders · transformational · ressourcenabhängiges · empowerment · ceo,1
academic_T3::academic_T3_PG34,T3,academic,academic_T3,academic_T3_PG34,137,137_ecopreneurship_entrepreneurship_ecopreneurs_ecopreneurial,116,ecopreneurship · entrepreneurship · ecopreneurs · ecopreneurial · entrepreneurial · intention · entrepreneur · entrepreneurs · propensity · intentions,2
academic_T3::academic_T3_PG34,T3,academic,academic_T3,academic_T3_PG34,155,155_furniture_ecodesign_chairs_ergonomics,100,furniture · ecodesign · chairs · ergonomics · repurposability · repurposable · plywood · origami · ergonomic · highchair,3
academic_T3::academic_T3_PG34,T3,academic,academic_T3,academic_T3_PG34,172,172_retailer_retailers_remanufacturing_competitor,83,retailer · retailers · remanufacturing · competitor · subsidies · tariff · remanufacturer · spillover · remanufactured · ecolabel,4
academic_T3::academic_T3_S000,T3,academic,academic_T3,academic_T3_S000,0,0_mobility_micromobility_electromobility_transport,2516,mobility · micromobility · electromobility · transport · walkability · transportation · commuting · commuter · transit · emissions,1
academic_T3::academic_T3_S001,T3,academic,academic_T3,academic_T3_S001,1,1_textiles_textile_apparel_merchandising,2275,textiles · textile · apparel · merchandising · upcycling · consumer · garment · consumers · garments · retailers,1
academic_T3::academic_T3_S006,T3,academic,academic_T3,academic_T3_S006,6,6_sustainabilities_anthropocene_degrowth_environmentalism,1470,sustainabilities · anthropocene · degrowth · environmentalism · ecology · capitalism · intergenerational · humankind · humanity · sapiens,1
academic_T3::academic_T3_S017,T3,academic,academic_T3,academic_T3_S017,17,17_biocomposites_composites_biocomposite_nanocomposites,690,biocomposites · composites · biocomposite · nanocomposites · epoxy · thermoplastic · laminates · polymer · composite · fibres,1
academic_T3::academic_T3_S027,T3,academic,academic_T3,academic_T3_S027,27,27_penggunaan_pengembangan_pendekatan_pelatihan,522,penggunaan · pengembangan · pendekatan · pelatihan · kualitatif · peningkatan · melakukan · pengaruh · produksi · terhadap,1
academic_T3::academic_T3_S028,T3,academic,academic_T3,academic_T3_S028,28,28_ecopsychology_prosociality_proenvironmental_behaviors,517,ecopsychology · prosociality · proenvironmental · behaviors · connectedness · psychology · behavioral · behaviour · behavior · behaviours,1
academic_T3::academic_T3_S029,T3,academic,academic_T3,academic_T3_S029,29,29_textiles_handicrafts_handicraft_textile,516,textiles · handicrafts · handicraft · textile · weaving · handloom · artisans · batik · craftsmanship · handwoven,1
academic_T3::academic_T3_S034,T3,academic,academic_T3,academic_T3_S034,34,34_fairtrade_smallholders_agroforestry_coffeeshops,459,fairtrade · smallholders · agroforestry · coffeeshops · smallholder · livelihoods · coffees · plantations · rainforest · coffee,1
academic_T3::academic_T3_S036,T3,academic,academic_T3,academic_T3_S036,36,36_prefabricated_materials_insulation_cladding,454,prefabricated · materials · insulation · cladding · masonry · structures · structural · building · timber · rebar,1
academic_T3::academic_T3_S038,T3,academic,academic_T3,academic_T3_S038,38,38_hrm_shrm_hr_hrd,416,hrm · shrm · hr · hrd · ghrm · workforce · ghr · employer · organisational · employees,1
academic_T3::academic_T3_S048,T3,academic,academic_T3,academic_T3_S048,48,48_ifrs_accountance_auditors_accountancy,340,ifrs · accountance · auditors · accountancy · auditing · auditor · audits · accountants · accounting · accountability,1
academic_T3::academic_T3_S050,T3,academic,academic_T3,academic_T3_S050,50,50_virtualization_cloud_gcp_greener,323,virtualization · cloud · gcp · greener · computing · greening · cooling · ict · sap · clouds,1
academic_T3::academic_T3_S057,T3,academic,academic_T3,academic_T3_S057,57,57_winegrowing_viticulture_winegrowers_vitiviniculture,292,winegrowing · viticulture · winegrowers · vitiviniculture · viticultural · tasting · verjuice · sauvignon · cabernet · vitis,1
academic_T3::academic_T3_S066,T3,academic,academic_T3,academic_T3_S066,66,66_outbreak_pandemic_affected_consumers,258,outbreak · pandemic · affected · consumers · lockdown · pandemics · consumer · lockdowns · distancing · 2021,1
academic_T3::academic_T3_S069,T3,academic,academic_T3,academic_T3_S069,69,69_rspo_ispo_mspo_malaysia,242,rspo · ispo · mspo · malaysia · rpo · smallholders · biodiesel · cspo · palm · biofuel,1
academic_T3::academic_T3_S071,T3,academic,academic_T3,academic_T3_S071,71,71_uefa_sporting_fifa_sportivate,239,uefa · sporting · fifa · sportivate · deporte · athletes · ioc · sport · athletic · athlete,1
academic_T3::academic_T3_S073,T3,academic,academic_T3,academic_T3_S073,73,73_sharers_sharing_foodsharing_airbnb,231,sharers · sharing · foodsharing · airbnb · collaborative · economies · shared · transactionalism · share · users,1
academic_T3::academic_T3_S076,T3,academic,academic_T3,academic_T3_S076,76,76_bioeconomy_bioeconomies_bioeconomic_bioeconomics,228,bioeconomy · bioeconomies · bioeconomic · bioeconomics · biorefinery · bioenergy · ecotechnology · bioresources · biopower · biotechnologies,1
academic_T3::academic_T3_S078,T3,academic,academic_T3,academic_T3_S078,78,78_servitization_servitisation_plm_servicisation,219,servitization · servitisation · plm · servicisation · pss · ipss · psss · paas · changeability · softs,1
academic_T3::academic_T3_S079,T3,academic,academic_T3,academic_T3_S079,79,79_industry5_manufacturing_digitalization_iot,211,industry5 · manufacturing · digitalization · iot · i4t · industrial · mechatronics · technological · industrialisation · analytics,1
academic_T3::academic_T3_S080,T3,academic,academic_T3,academic_T3_S080,80,80_sfscm_agrifood_csa_sfscs,210,sfscm · agrifood · csa · sfscs · sfsc · agribusiness · fsscm · fscs · supply · scsrm,1
academic_T3::academic_T3_S083,T3,academic,academic_T3,academic_T3_S083,83,83_extractivism_mining_decarbonisation_commodity,204,extractivism · mining · decarbonisation · commodity · metallurgy · extractive · ores · tailings · minerals · georesources,1
academic_T3::academic_T3_S087,T3,academic,academic_T3,academic_T3_S087,87,87_procurement_gppp_procurements_gpp,186,procurement · gppp · procurements · gpp · tendering · procuring · governments · tenders · procurers · procure,1
academic_T3::academic_T3_S088,T3,academic,academic_T3,academic_T3_S088,88,88_softwarequalitat_qualitatsmodellen_scrum_devops,186,softwarequalitat · qualitatsmodellen · scrum · devops · containerization · reusability · agile · developers · maintainability · iec,1
academic_T3::academic_T3_S090,T3,academic,academic_T3,academic_T3_S090,90,90_ruminants_feedstuffs_digestibility_silage,181,ruminants · feedstuffs · digestibility · silage · rumen · livestock · ruminal · ruminant · forage · methane,1
academic_T3::academic_T3_S091,T3,academic,academic_T3,academic_T3_S091,91,91_lighting_leds_led_fluorescent,179,lighting · leds · led · fluorescent · incandescent · cfls · illuminance · bulbs · daylighting · illuminating,1
academic_T3::academic_T3_S097,T3,academic,academic_T3,academic_T3_S097,97,97_bricks_brick_mudbricks_masonry,164,bricks · brick · mudbricks · masonry · laterite · clay · aggregates · concrete · mortars · cement,1
academic_T3::academic_T3_S099,T3,academic,academic_T3,academic_T3_S099,99,99_greenwashing_greenwash_greenwashed_greenblushing,161,greenwashing · greenwash · greenwashed · greenblushing · consumers · consumer · greenhushing · dishonest · transparency · brandʼs,1
academic_T3::academic_T3_S105,T3,academic,academic_T3,academic_T3_S105,105,105_gastronomic_restaurateurs_gastronomy_hospitality,147,gastronomic · restaurateurs · gastronomy · hospitality · restaurateur · dining · cafes · foodservice · establishments · cuisine,1
academic_T3::academic_T3_S106,T3,academic,academic_T3,academic_T3_S106,106,106_weee_recyclers_ewaste_recycling,146,weee · recyclers · ewaste · recycling · eee · electronic · epr · obsolescence · electronics · recycle,1
academic_T3::academic_T3_S108,T3,academic,academic_T3,academic_T3_S108,108,108_machining_machinability_lubrication_lubricity,144,machining · machinability · lubrication · lubricity · lubricating · metalworking · lubricant · milling · coolants · manufacturing,1
academic_T3::academic_T3_S109,T3,academic,academic_T3,academic_T3_S109,109,109_ecopharmacognosy_ethnopharmacological_medicinal_herbal,142,ecopharmacognosy · ethnopharmacological · medicinal · herbal · phytochemical · ayurvedic · botanical · herbs · pharmaceutical · sandalwood,1
academic_T3::academic_T3_S116,T3,academic,academic_T3,academic_T3_S116,116,116_ecospirituality_stewardship_interfaith_religiosity,136,ecospirituality · stewardship · interfaith · religiosity · ecology · theological · interreligious · environmentalism · missiology · catholicism,1
academic_T3::academic_T3_S118,T3,academic,academic_T3,academic_T3_S118,118,118_mnes_sdgs_mncs_multinationals,132,mnes · sdgs · mncs · multinationals · sdg · mne · sdgwashing · multinational · brics · stakeholder,1
academic_T3::academic_T3_S119,T3,academic,academic_T3,academic_T3_S119,119,119_bamboo_bamboos_structures_timber,132,bamboo · bamboos · structures · timber · structural · lumber · wood · concrete · durability · building,1
academic_T3::academic_T3_S121,T3,academic,academic_T3,academic_T3_S121,121,121_tourism_ecotourism_emissions_greentour,128,tourism · ecotourism · emissions · greentour · gdp · cointegration · econometric · fdi · tourists · renewable,1
academic_T3::academic_T3_S124,T3,academic,academic_T3,academic_T3_S124,124,124_perishability_eoq_optimization_backordering,125,perishability · eoq · optimization · backordering · shortage · metaheuristic · shortages · retailer · backorder · replenishment,1
academic_T3::academic_T3_S125,T3,academic,academic_T3,academic_T3_S125,125,125_halalness_halal_ijtihad_traceability,125,halalness · halal · ijtihad · traceability · islamic · gastroeconomics · sharia · shariah · haram · muslims,1
academic_T3::academic_T3_S126,T3,academic,academic_T3,academic_T3_S126,126,126_organisers_gatherings_attendees_organizers,124,organisers · gatherings · attendees · organizers · festivals · festivalgoers · conferences · goers · festival · promoters,1
academic_T3::academic_T3_S129,T3,academic,academic_T3,academic_T3_S129,135,135_hydropower_wefs_wef_nexuses,118,hydropower · wefs · wef · nexuses · sectors · wefe · waterfood · ef2w · water · irrigation,1
academic_T3::academic_T3_S134,T3,academic,academic_T3,academic_T3_S134,134,134_fintech_fintechs_findingsfintech_blockchain,118,fintech · fintechs · findingsfintech · blockchain · ecosystem · transformative · fin · fy17 · banking · crowdlending,1
academic_T3::academic_T3_S135,T3,academic,academic_T3,academic_T3_S135,143,143_drying_dehydrator_dehydrators_dryers,108,drying · dehydrator · dehydrators · dryers · dryer · solar · moisture · convection · dried · convective,1
academic_T3::academic_T3_S141,T3,academic,academic_T3,academic_T3_S141,141,141_sustentabilidade_ambientais_sostenibilidad_economico,110,sustentabilidade · ambientais · sostenibilidad · economico · capacidade · sustentavel · inovacao · ambiente · responsabilidade · revisao,1
academic_T3::academic_T3_S142,T3,academic,academic_T3,academic_T3_S142,142,142_soundproofing_acoustics_acoustical_composites,108,soundproofing · acoustics · acoustical · composites · insulation · absorbers · aeroacoustics · coir · bagasse · jute,1
academic_T3::academic_T3_S145,T3,academic,academic_T3,academic_T3_S145,145,145_innovacion_fruga_innovations_purposefrugal,105,innovacion · fruga · innovations · purposefrugal · innovators · frugal · frugality · frugales · ingenuity · economies,1
academic_T3::academic_T3_S146,T3,academic,academic_T3,academic_T3_S146,146,146_sostenibilidad_agricultura_alimentacion_evaluacion,105,sostenibilidad · agricultura · alimentacion · evaluacion · productivos · desarrollo · produccion · producao · investigacion · innovaciones,1
academic_T3::academic_T3_S151,T3,academic,academic_T3,academic_T3_S151,151,151_photovoltaic_photovoltaics_perovskites_pv,102,photovoltaic · photovoltaics · perovskites · pv · perovskite · semiconductor · semiconductors · heterojunction · solar · solardesign,1
academic_T3::academic_T3_S157,T3,academic,academic_T3,academic_T3_S157,157,157_cathodes_lifepo4_batteries_cathode,97,cathodes · lifepo4 · batteries · cathode · licoo2 · recycling · battery · ghgs · metals · bauxite,1
academic_T3::academic_T3_S160,T3,academic,academic_T3,academic_T3_S160,160,160_hydrogenpowered_emissions_biohydrogen_hydrogen,96,hydrogenpowered · emissions · biohydrogen · hydrogen · fuels · fuel · hydrogenassociation · h2 · hydrogenâ · diesel,1
academic_T3::academic_T3_S161,T3,academic,academic_T3,academic_T3_S161,161,161_tamarind_cassava_coconut_tempeh,94,tamarind · cassava · coconut · tempeh · pkm · mangrove · maluku · moringa · processed · pedesaan,1
academic_T3::academic_T3_S167,T3,academic,academic_T3,academic_T3_S167,167,167_hplc_chromatography_chromatographic_fluorimetric,88,hplc · chromatography · chromatographic · fluorimetric · solvents · acetonitrile · bioanalytical · spectrophotometric · spectrophotometry · greener,1
academic_T3::academic_T3_S170,T3,academic,academic_T3,academic_T3_S170,170,170_scorecard_scorecards_bsc_bscs,86,scorecard · scorecards · bsc · bscs · sbsc · kpis · indicators · strategicznego · strategic · findingspaper,1
academic_T3::academic_T3_S176,T3,academic,academic_T3,academic_T3_S176,176,176_intergenerational_entrepreneurship_enterprising_purposefamily,79,intergenerational · entrepreneurship · enterprising · purposefamily · implicationsfamily · succession · entrepreneurial · entrepreneuring · legacy · firms,1
academic_T3::academic_T3_S184,T3,academic,academic_T3,academic_T3_S184,184,184_gmos_gmo_biotechnology_biotechnological,71,gmos · gmo · biotechnology · biotechnological · crops · monsanto · cultivars · biotech · biotechnologists · crop,1
academic_T3::academic_T3_S186,T3,academic,academic_T3,academic_T3_S186,186,186_cooperatives_cooperativ_cooperative_cooperativism,71,cooperatives · cooperativ · cooperative · cooperativism · microcredits · cooperation · coop · environnementale · participation · ecoresponsables,1
academic_T3::academic_T3_S189,T3,academic,academic_T3,academic_T3_S189,189,189_leather_tanneries_tannery_leathers,70,leather · tanneries · tannery · leathers · tanning · tannins · tannin · sheepskin · chromium · effluents,1
academic_T3::academic_T3_S193,T3,academic,academic_T3,academic_T3_S193,193,193_tampons_menstruators_biodegradability_menstruation,68,tampons · menstruators · biodegradability · menstruation · biodegradable · absorbency · menstruating · sanitary · continence · menstrual,1
academic_T3::academic_T3_S201,T3,academic,academic_T3,academic_T3_S201,201,201_plantable_growers_floricultural_plants,65,plantable · growers · floricultural · plants · purchasers · floriculture · perennials · horticulture · usda · gardening,1
academic_T3::academic_T3_S202,T3,academic,academic_T3,academic_T3_S202,202,202_ecomarketing_marketing_enterprises_globalization,65,ecomarketing · marketing · enterprises · globalization · інтегрованих · ісмsmall · goods · соціальноі · principles · promotion,1
academic_T3::academic_T3_S208,T3,academic,academic_T3,academic_T3_S208,208,208_lca_emissions_ghg_ghgs,59,lca · emissions · ghg · ghgs · carbon · co2e · footprint · emission · co2 · footprinting,1
academic_T3::academic_T3_S213,T3,academic,academic_T3,academic_T3_S213,213,213_renewables_fuel_fuels_energetika,58,renewables · fuel · fuels · energetika · geoengineering · hydropower · igy · electricity · coal · oil,1
academic_T3::academic_T3_S216,T3,academic,academic_T3,academic_T3_S216,216,216_municipalities_municipal_participatory_governments,57,municipalities · municipal · participatory · governments · councils · collectivities · municipality · government · implementations · harare,1
academic_T3::academic_T3_S217,T3,academic,academic_T3,academic_T3_S217,217,217_takaful_sdgs_sukuk_microfinance,57,takaful · sdgs · sukuk · microfinance · islamic · sharia · shariah · zakat · isf · riba,1
academic_T3::academic_T3_S219,T3,academic,academic_T3,academic_T3_S219,219,219_ai_chatbots_generative_personalisation,56,ai · chatbots · generative · personalisation · analytics · marketers · interactivity · anthropomorphism · mindful · anthropomorphizing,1
academic_T3::academic_T3_S220,T3,academic,academic_T3,academic_T3_S220,220,220_gic_intangible_grc_gsci,55,gic · intangible · grc · gsci · implicationsmanufacturing · capabilities · profitability · gsc · gac · capital,1
academic_T3::academic_T3_S226,T3,academic,academic_T3,academic_T3_S226,226,226_ahp_materials_topsis_subcriteria,53,ahp · materials · topsis · subcriteria · material · criteria · insulating · timber · selection · building,1
academic_T3::academic_T3_S227,T3,academic,academic_T3,academic_T3_S227,227,227_geographical_terroir_designations_gi,53,geographical · terroir · designations · gi · wipo · gis · indication · designation · producers · pgi,1
corporate_T3::corporate_T3_PG01,T3,corporate,corporate_T3,corporate_T3_PG01,1,1_evolving_obsolescence_competitors_developing,27,evolving · obsolescence · competitors · developing · develop · development · customers · manufacturing · uncompetitive · technologies,1
corporate_T3::corporate_T3_PG01,T3,corporate,corporate_T3,corporate_T3_PG01,4,4_commercializing_commercialize_commercialized_customers,14,commercializing · commercialize · commercialized · customers · commercial · epa · competing · willingness · industries · markets,2
corporate_T3::corporate_T3_PG01,T3,corporate,corporate_T3,corporate_T3_PG01,7,7_electrolyzers_competitor_pem_competing,11,electrolyzers · competitor · pem · competing · electrolyzer · competitive · technologies · technological · degradables · polyethylene,3
corporate_T3::corporate_T3_PG01,T3,corporate,corporate_T3,corporate_T3_PG01,8,8_consumer_environmental_profitability_customer,8,consumer · environmental · profitability · customer · economic · downturn · consideration · audit · profitable · client,4
corporate_T3::corporate_T3_S000,T3,corporate,corporate_T3,corporate_T3_S000,0,0_emissions_stakeholders_sustainability_consumption,46,emissions · stakeholders · sustainability · consumption · stakeholder · sustainable · ghg · esg · renewable · demand,1
corporate_T3::corporate_T3_S002,T3,corporate,corporate_T3,corporate_T3_S002,2,2_consumers_consumer_competitors_competition,21,consumers · consumer · competitors · competition · fluctuations · industry · manufacturers · shortages · sales · customer,1
corporate_T3::corporate_T3_S003,T3,corporate,corporate_T3,corporate_T3_S003,3,3_fda_regulation_regulatory_recalls,18,fda · regulation · regulatory · recalls · regulations · packaging · compliance · supplement · nutritional · unapproved,1
corporate_T3::corporate_T3_S005,T3,corporate,corporate_T3,corporate_T3_S005,5,5_dehydratech_lexaria_hemp_vipova,12,dehydratech · lexaria · hemp · vipova · thc · bioavailability · bioactivity · beverages · distribution · powders,1
corporate_T3::corporate_T3_S006,T3,corporate,corporate_T3,corporate_T3_S006,6,6_environmental_liabilities_liability_risks,11,environmental · liabilities · liability · risks · compliance · mining · environment · obligations · penalties · osha,1
corporate_T3::corporate_T3_S009,T3,corporate,corporate_T3,corporate_T3_S009,9,9_sustainable_transact_manufacturing_renewafuel,6,sustainable · transact · manufacturing · renewafuel · energy · biofuel · emissions · carbon · economy · asset,1
corporate_T3::corporate_T3_S010,T3,corporate,corporate_T3,corporate_T3_S010,10,10_biochar_biomass_biofraction_pyrolysis,6,biochar · biomass · biofraction · pyrolysis · catalytic · feedstock · brl · carbon · syngas · synthetic,1
media_T3::media_T3_PG01,T3,media,media_T3,media_T3_PG01,3,3_gsb_sustainable_initiatives_guardian,95,gsb · sustainable · initiatives · guardian · business · case · criteria · studies · awards · articles,1
media_T3::media_T3_PG01,T3,media,media_T3,media_T3_PG01,5,5_sustainable_gsb_initiatives_innovation,69,sustainable · gsb · initiatives · innovation · business · cases · criteria · studies · case · genuine,2
media_T3::media_T3_PG01,T3,media,media_T3,media_T3_PG01,7,7_sustainable_unilever_guardian_sainsbury,67,sustainable · unilever · guardian · sainsbury · sponsored · journalist · content · consumption · editorial · produced,3
media_T3::media_T3_PG01,T3,media,media_T3,media_T3_PG01,11,11_sustainable_unilever_hub_funded,55,sustainable · unilever · hub · funded · independent · supporter · wellbeing · contributes · bbc · journalist,4
media_T3::media_T3_PG02,T3,media,media_T3,media_T3_PG02,4,4_join_gsb_experts_professionals,69,join · gsb · experts · professionals · inbox · community · direct · member · like,1
media_T3::media_T3_PG02,T3,media,media_T3,media_T3_PG02,6,6_join_gsb_experts_professionals,67,join · gsb · experts · professionals · inbox · community · direct · member · like,2
media_T3::media_T3_PG02,T3,media,media_T3,media_T3_PG02,9,9_join_gsb_experts_professionals,62,join · gsb · experts · professionals · inbox · community · direct · member · like,3
media_T3::media_T3_PG02,T3,media,media_T3,media_T3_PG02,10,10_join_gsb_inbox_experts,59,join · gsb · inbox · experts · professionals · community · direct · member · like,4
media_T3::media_T3_S000,T3,media,media_T3,media_T3_S000,0,0_sustainable_eco_consumption_environmental,15334,sustainable · eco · consumption · environmental · emissions · consumer · consumers · environment · industry · carbon,1
media_T3::media_T3_S001,T3,media,media_T3,media_T3_S001,1,1_sustainable_join_gsb_promoting,147,sustainable · join · gsb · promoting · inbox · experts · professionals · funded · community · published,1
media_T3::media_T3_S002,T3,media,media_T3,media_T3_S002,2,2_contributing_environmentalists_join_share,130,contributing · environmentalists · join · share · connect · sharing · gsb · develop · industry · experts,1
media_T3::media_T3_S008,T3,media,media_T3,media_T3_S008,8,8_join_gsb_experts_save,65,join · gsb · experts · save · professionals · inbox · researchers · community · direct · member,1
academic_T4::academic_T4_PG01,T4,academic,academic_T4,academic_T4_PG01,0,0_disclosures_stakeholders_esg_csr,6471,disclosures · stakeholders · esg · csr · shareholders · disclosure · stakeholder · transparency · shareholder · disclosed,1
academic_T4::academic_T4_PG01,T4,academic,academic_T4,academic_T4_PG01,53,53_esg_csr_gaap_disclosure,55,esg · csr · gaap · disclosure · idnfinancials · nontax · reporting · reports · firms · accrual,2
academic_T4::academic_T4_PG02,T4,academic,academic_T4,academic_T4_PG02,2,2_cointegration_econometric_emissions_gdp,626,cointegration · econometric · emissions · gdp · brics · economies · autoregressive · pollution · co2 · regression,1
academic_T4::academic_T4_PG02,T4,academic,academic_T4,academic_T4_PG02,5,5_emissions_china_carbon_spillover,387,emissions · china · carbon · spillover · emission · pollution · agglomeration · ets · cetp · gdp,2
academic_T4::academic_T4_PG02,T4,academic,academic_T4,academic_T4_PG02,46,46_emissions_digitalization_carbon_spillover,67,emissions · digitalization · carbon · spillover · emission · digital · digitization · econometric · urbanization · china,3
academic_T4::academic_T4_PG02,T4,academic,academic_T4,academic_T4_PG02,48,48_fdi_economies_econometric_institutional,63,fdi · economies · econometric · institutional · gdp · indicators · governance · kuznets · globalization · industrialization,4
academic_T4::academic_T4_PG02,T4,academic,academic_T4,academic_T4_PG02,49,49_spillover_dif_carbon_endogeneity,60,spillover · dif · carbon · endogeneity · agglomeration · china · fintech · pollution · ggp · emission,5
academic_T4::academic_T4_PG03,T4,academic,academic_T4,academic_T4_PG03,3,3_ccs_co2_carbonates_carbonate,445,ccs · co2 · carbonates · carbonate · eor · sequestration · subsurface · pipeline · offshore · geological,1
academic_T4::academic_T4_PG03,T4,academic,academic_T4,academic_T4_PG03,11,11_biorefineries_biorefinery_biomass_feedstocks,323,biorefineries · biorefinery · biomass · feedstocks · bioenergy · biofuels · feedstock · biofuel · fuels · gasification,2
academic_T4::academic_T4_PG03,T4,academic,academic_T4,academic_T4_PG03,17,17_redd_unfccc_deforestation_forestry,236,redd · unfccc · deforestation · forestry · reforestation · ecosystem · ecosystems · forests · mitigation · conserving,3
academic_T4::academic_T4_PG03,T4,academic,academic_T4,academic_T4_PG03,34,34_forestry_biomass_bioenergy_forests,113,forestry · biomass · bioenergy · forests · afforestation · sustainably · carbon · timber · mitigation · harvesting,4
academic_T4::academic_T4_PG03,T4,academic,academic_T4,academic_T4_PG03,37,37_biomass_carbon_forests_hectare,95,biomass · carbon · forests · hectare · ecosystem · trees · vegetation · mangrove · forest · agroforestry,5
academic_T4::academic_T4_PG03,T4,academic,academic_T4,academic_T4_PG03,55,55_biochar_hydrochar_biomass_gasification,54,biochar · hydrochar · biomass · gasification · pyrolysis · bioenergy · carbonization · feedstocks · feedstock · soil,6
academic_T4::academic_T4_PG04,T4,academic,academic_T4,academic_T4_PG04,4,4_emissions_decarbonization_automotive_vehicular,398,emissions · decarbonization · automotive · vehicular · transport · cng · ev · 2050 · ghg · electrification,1
academic_T4::academic_T4_PG04,T4,academic,academic_T4,academic_T4_PG04,6,6_decarbonisation_leed_decarbonization_2050,382,decarbonisation · leed · decarbonization · 2050 · insulation · retrofits · retrofitting · materials · building · dwellings,2
academic_T4::academic_T4_PG04,T4,academic,academic_T4,academic_T4_PG04,8,8_decarbonisation_decarbonization_gazprom_2050,372,decarbonisation · decarbonization · gazprom · 2050 · russia · geopolitical · 2030 · renewable · digitalization · competitiveness,3
academic_T4::academic_T4_PG04,T4,academic,academic_T4,academic_T4_PG04,27,27_decarbonizing_decarbonization_emissions_decarbonisation,123,decarbonizing · decarbonization · emissions · decarbonisation · maritime · lng · tankers · shipowners · propulsion · decarbonize,4
academic_T4::academic_T4_PG04,T4,academic,academic_T4,academic_T4_PG04,30,30_decarbonizing_decarbonization_2050_cop26,117,decarbonizing · decarbonization · 2050 · cop26 · renewables · 2030 · electrification · renewable · iea · coal,5
academic_T4::academic_T4_PG04,T4,academic,academic_T4,academic_T4_PG04,33,33_decarbonization_decarbonize_hydrogenation_hydrogen,113,decarbonization · decarbonize · hydrogenation · hydrogen · gasification · h2 · pem · renewable · 2050 · fuel,6
academic_T4::academic_T4_PG06,T4,academic,academic_T4,academic_T4_PG06,10,10_pedagogies_participatory_sdgs_unesco,347,pedagogies · participatory · sdgs · unesco · sdg · sdg4 · pedagogy · curricular · interdisciplinary · literacy,1
academic_T4::academic_T4_PG06,T4,academic,academic_T4,academic_T4_PG06,20,20_transdisciplinarity_transdisciplinary_interdisciplinarity_participatory,193,transdisciplinarity · transdisciplinary · interdisciplinarity · participatory · anthropocene · researchers · interdisciplinary · scientists · collaborative · collaboration,2
academic_T4::academic_T4_PG06,T4,academic,academic_T4,academic_T4_PG06,22,22_collaborative_governance_collaboration_kebijakan,164,collaborative · governance · collaboration · kebijakan · pengembangan · pendekatan · peningkatan · stakeholders · stakeholder · sdgs,3
academic_T4::academic_T4_PG06,T4,academic,academic_T4,academic_T4_PG06,24,24_governance_ecohealth_stakeholders_interventions,150,governance · ecohealth · stakeholders · interventions · collaborative · inequities · malawi · ecowas · collaboration · healthcare,4
academic_T4::academic_T4_PG06,T4,academic,academic_T4,academic_T4_PG06,25,25_agroecology_agroecological_participatory_livelihoods,139,agroecology · agroecological · participatory · livelihoods · regimes · agro · agri · governance · csa · transformative,5
academic_T4::academic_T4_PG06,T4,academic,academic_T4,academic_T4_PG06,31,31_activism_activists_activist_solidarity,116,activism · activists · activist · solidarity · participants · gramsci · intergenerational · protest · protests · protesters,6
academic_T4::academic_T4_PG06,T4,academic,academic_T4,academic_T4_PG06,45,45_ecosystem_ecosystems_biosphere_ecological,73,ecosystem · ecosystems · biosphere · ecological · participatory · unesco · ecology · stakeholders · livelihoods · collaboratives,7
academic_T4::academic_T4_PG06,T4,academic,academic_T4,academic_T4_PG06,47,47_indigenous_ecological_aboriginal_relationality,66,indigenous · ecological · aboriginal · relationality · biodiversity · decolonization · arcticnet · resilience · reciprocity · anishinaabek,8
academic_T4::academic_T4_PG09,T4,academic,academic_T4,academic_T4_PG09,29,29_cdm_cdms_ghgs_ghg,120,cdm · cdms · ghgs · ghg · usgbc · kyoto · ldcs · mitigation · emission · cer,1
academic_T4::academic_T4_PG09,T4,academic,academic_T4,academic_T4_PG09,52,52_cop27_oecd_renewable_dfis,56,cop27 · oecd · renewable · dfis · mitigation · funding · governments · financing · infrastructure · multilateral,2
academic_T4::academic_T4_S001,T4,academic,academic_T4,academic_T4_S001,1,1_shrm_hrm_workforce_hr,1111,shrm · hrm · workforce · hr · productivity · organisational · transformational · employees · analytics · retention,1
academic_T4::academic_T4_S007,T4,academic,academic_T4,academic_T4_S007,7,7_transboundary_hydropower_irrigation_ecosystem,378,transboundary · hydropower · irrigation · ecosystem · sadc · hydrological · stakeholders · dams · iwrm · ecological,1
academic_T4::academic_T4_S009,T4,academic,academic_T4,academic_T4_S009,9,9_urbanism_municipalism_governments_governance,359,urbanism · municipalism · governments · governance · localism · neoliberal · urbanization · iclei · municipalities · municipal,1
academic_T4::academic_T4_S012,T4,academic,academic_T4,academic_T4_S012,12,12_remanufacturing_remanufactured_retailer_logistics,322,remanufacturing · remanufactured · retailer · logistics · coordination · incentive · retailers · demand · supplier · decentralized,1
academic_T4::academic_T4_S013,T4,academic,academic_T4,academic_T4_S013,13,13_sdgs_mdgs_sdg_sdg2,320,sdgs · mdgs · sdg · sdg2 · mdg · 2030 · governments · governance · ldcs · g20,1
academic_T4::academic_T4_S014,T4,academic,academic_T4,academic_T4_S014,14,14_issuers_environmentally_renewable_ecb,314,issuers · environmentally · renewable · ecb · liquidity · economies · bonds · greener · financialization · bond,1
academic_T4::academic_T4_S015,T4,academic,academic_T4,academic_T4_S015,15,15_emissions_environmentally_subsidies_taxation,267,emissions · environmentally · subsidies · taxation · eia · vat · carbon · pollution · abatement · taxing,1
academic_T4::academic_T4_S023,T4,academic,academic_T4,academic_T4_S023,23,23_governance_govtech_participatory_governments,162,governance · govtech · participatory · governments · digital · ict · infrastructure · icts · technologies · edpcs,1
academic_T4::academic_T4_S026,T4,academic,academic_T4,academic_T4_S026,26,26_microgrid_renewable_hedging_pv,136,microgrid · renewable · hedging · pv · trading · volatility · aggregators · tariff · tariffs · generators,1
academic_T4::academic_T4_S038,T4,academic,academic_T4,academic_T4_S038,38,38_duopoly_antitrust_competitor_equilibria,94,duopoly · antitrust · competitor · equilibria · competition · monopolistic · haggling · monopoly · demand · asymmetric,1
academic_T4::academic_T4_S039,T4,academic,academic_T4,academic_T4_S039,39,39_governance_g20_pandemic_outbreak,90,governance · g20 · pandemic · outbreak · pandemics · neoliberalisation · cov · policymaking · sdgs · crisis,1
academic_T4::academic_T4_S040,T4,academic,academic_T4,academic_T4_S040,40,40_emissions_predicting_arima_prediction,90,emissions · predicting · arima · prediction · boosting · emission · svm · predict · predictive · regression,1
academic_T4::academic_T4_S043,T4,academic,academic_T4,academic_T4_S043,43,43_icj_intergeneracional_intergenerational_generaciones,77,icj · intergeneracional · intergenerational · generaciones · justicia · derechos · echr · climatico · climatica · cambio,1
academic_T4::academic_T4_S044,T4,academic,academic_T4,academic_T4_S044,44,44_diversification_capm_investors_decarbonization,76,diversification · capm · investors · decarbonization · volatility · investment · hedging · msci · garch · renewable,1
academic_T4::academic_T4_S050,T4,academic,academic_T4,academic_T4_S050,50,50_ghg_emissions_ghge_ecocampus,59,ghg · emissions · ghge · ecocampus · co2e · decarbonisation · emission · footprint · campuses · heis,1
academic_T4::academic_T4_S054,T4,academic,academic_T4,academic_T4_S054,54,54_transformativepotentialinaddressingglobalchallengessuchasclimatechange_ai_sdgs_policymaking,54,transformativepotentialinaddressingglobalchallengessuchasclimatechange · ai · sdgs · policymaking · thispaperexaminesthedualnatureofaiinglobalgovernance · governance · societal · sdg · transformative · governments,1
academic_T4::academic_T4_S056,T4,academic,academic_T4,academic_T4_S056,56,56_minerals_mineral_mining_metals,52,minerals · mineral · mining · metals · graphite · commodities · materials · criticality · tellurium · ore,1
academic_T4::academic_T4_S18,T4,academic,academic_T4,academic_T4_S18,18,18_ghg_co2e_inhalational_inhaled,222,ghg · co2e · inhalational · inhaled · healthcare · cardiovascular · gases · nhs · patients · imaging,1
corporate_T4::corporate_T4_PG01,T4,corporate,corporate_T4,corporate_T4_PG01,0,0_ghgs_emissions_ghg_epa,4458,ghgs · emissions · ghg · epa · emission · legislation · gases · methane · regulation · environment,1
corporate_T4::corporate_T4_PG01,T4,corporate,corporate_T4,corporate_T4_PG01,5,5_liabilities_emissions_liability_methane,88,liabilities · emissions · liability · methane · petroleum · gases · hydrocarbons · incurring · registrant · byproduct,2
corporate_T4::corporate_T4_PG01,T4,corporate,corporate_T4,corporate_T4_PG01,6,6_emissions_epa_ghg_ghgs,75,emissions · epa · ghg · ghgs · acesa · emission · legislation · 2050 · gases · petroleum,3
corporate_T4::corporate_T4_PG01,T4,corporate,corporate_T4,corporate_T4_PG01,8,8_fluctuations_trends_regulation_inflation,71,fluctuations · trends · regulation · inflation · restrictions · environment · pollutants · increasing · effects · demand,4
corporate_T4::corporate_T4_PG02,T4,corporate,corporate_T4,corporate_T4_PG02,1,1_expenses_hedging_nymex_ceiling,820,expenses · hedging · nymex · ceiling · expense · incurred · impairment · estimated · income · impairments,1
corporate_T4::corporate_T4_PG02,T4,corporate,corporate_T4,corporate_T4_PG02,2,2_statements_investors_investor_securities,151,statements · investors · investor · securities · cautionary · financing · uncertainties · statement · caution · forward,2
corporate_T4::corporate_T4_PG02,T4,corporate,corporate_T4,corporate_T4_PG02,3,3_estimates_gaap_liabilities_accounting,148,estimates · gaap · liabilities · accounting · depreciation · accruals · assets · expenses · transactions · asset,3
corporate_T4::corporate_T4_PG02,T4,corporate,corporate_T4,corporate_T4_PG02,4,4_fasb_disclosures_disclosure_issuances,127,fasb · disclosures · disclosure · issuances · disclose · accounting · sec · estimation · reporting · revisions,4
corporate_T4::corporate_T4_S007,T4,corporate,corporate_T4,corporate_T4_S007,7,7_valuation_equity_compensation_volatility,73,valuation · equity · compensation · volatility · vesting · paying · stock · value · dividend · payments,1
media_T4::media_T4_PG01,T4,media,media_T4,media_T4_PG01,0,0_cop21_unfccc_cop28_ipcc,427,cop21 · unfccc · cop28 · ipcc · consensus · governments · warming · kyoto · negotiations · copenhagen,1
media_T4::media_T4_PG01,T4,media,media_T4,media_T4_PG01,1,1_gillard_2050_australians_2030,349,gillard · 2050 · australians · 2030 · minister · coalition · australian · parliament · legislation · renewables,2
media_T4::media_T4_PG01,T4,media,media_T4,media_T4_PG01,2,2_investors_investor_divesting_shareholders,328,investors · investor · divesting · shareholders · blackrock · investing · shares · invested · ftse · risk,3
media_T4::media_T4_PG01,T4,media,media_T4,media_T4_PG01,3,3_deforestation_offsetting_offsets_climatecare,302,deforestation · offsetting · offsets · climatecare · carbonneutral · credit · forestry · polluting · polluters · credits,4
media_T4::media_T4_PG01,T4,media,media_T4,media_T4_PG01,4,4_transparency_csr_stakeholders_reporting,252,transparency · csr · stakeholders · reporting · accountability · disclosures · disclosure · stakeholder · esg · governance,5
media_T4::media_T4_PG01,T4,media,media_T4,media_T4_PG01,5,5_imf_cop27_cop29_g20,239,imf · cop27 · cop29 · g20 · 250bn · 100bn · funding · fund · mitigation · aid,6
media_T4::media_T4_PG01,T4,media,media_T4,media_T4_PG01,8,8_deforestation_biomass_bioenergy_biofuel,162,deforestation · biomass · bioenergy · biofuel · biofuels · peatlands · biochar · hectares · rainforests · fuels,7
media_T4::media_T4_PG01,T4,media,media_T4,media_T4_PG01,9,9_tories_environmentalists_monbiot_miliband,137,tories · environmentalists · monbiot · miliband · conservatives · corbyn · environmentalism · conservative · greener · labour,8
media_T4::media_T4_PG01,T4,media,media_T4,media_T4_PG01,10,10_lobbying_policymakers_corporations_lobbyists,135,lobbying · policymakers · corporations · lobbyists · communiqué · influence · governments · ceos · corporate · ceo,9
media_T4::media_T4_PG01,T4,media,media_T4,media_T4_PG01,11,11_decarbonising_decarbonisation_decarbonised_decarbonization,134,decarbonising · decarbonisation · decarbonised · decarbonization · decarbonise · 2050 · 2030 · renewables · decc · renewable,10
media_T4::media_T4_PG01,T4,media,media_T4,media_T4_PG01,12,12_carbontrust_digital_ict_paper,119,carbontrust · digital · ict · paper · gco2e · footprint · communications · printed · revenue · gnm,11
media_T4::media_T4_PG01,T4,media,media_T4,media_T4_PG01,13,13_ghg_carbontrack_cdp_disclosure,100,ghg · carbontrack · cdp · disclosure · corporations · disclose · reporting · disclosing · corporate · required,12
media_T4::media_T4_PG01,T4,media,media_T4,media_T4_PG01,14,14_fao_methane_livestock_co2e,96,fao · methane · livestock · co2e · farming · gases · epa · consumption · deforestation · dioxide,13
media_T4::media_T4_PG01,T4,media,media_T4,media_T4_PG01,15,15_2050_2030_zero_zeronauts,89,2050 · 2030 · zero · zeronauts · 2049 · 12bn · 2035 · datacentres · innovating · proliferation,14
media_T4::media_T4_PG01,T4,media,media_T4,media_T4_PG01,16,16_localism_mayors_greener_governments,79,localism · mayors · greener · governments · municipal · councils · mayor · iclei · locally · cities,15
media_T4::media_T4_PG01,T4,media,media_T4,media_T4_PG01,17,17_carboncure_cleantech_co2_coal,79,carboncure · cleantech · co2 · coal · pipelines · scientists · ccs · uptake · fuels · technologies,16
media_T4::media_T4_PG01,T4,media,media_T4,media_T4_PG01,18,18_2050_dwellings_greening_eco,73,2050 · dwellings · greening · eco · building · efficiency · residential · constructing · retrofitting · buildings,17
media_T4::media_T4_PG01,T4,media,media_T4,media_T4_PG01,19,19_ets_arcelormittal_pollution_polluters,70,ets · arcelormittal · pollution · polluters · lobbying · emission · polluting · trade · pointcarbon · co2,18
media_T4::media_T4_PG01,T4,media,media_T4,media_T4_PG01,21,21_china_economies_gdp_economy,55,china · economies · gdp · economy · renewables · industrialisation · renewable · chinese · beijing · sng,19
media_T4::media_T4_S006,T4,media,media_T4,media_T4_S006,6,6_2050_icao_airline_airlines,199,2050 · icao · airline · airlines · easyjet · co2 · transport · air · aviation · fuel,1
media_T4::media_T4_S022,T4,media,media_T4,media_T4_S022,22,22_incentives_incentive_sustainalytics_bonuses,53,incentives · incentive · sustainalytics · bonuses · executives · esg · ceos · ceo · compensation · payouts,1
academic_T5::academic_T5_PG01,T5,academic,academic_T5,academic_T5_PG01,0,0_agroecology_agricultural_crops_climatic,2080,agroecology · agricultural · crops · climatic · smallholder · agroecological · agri · livelihoods · agriculture · crop,1
academic_T5::academic_T5_PG01,T5,academic,academic_T5,academic_T5_PG01,2,2_hydrological_stormwater_floodplains_floods,1033,hydrological · stormwater · floodplains · floods · runoff · flooding · waterlogging · watershed · floodplain · rainfall,2
academic_T5::academic_T5_PG01,T5,academic,academic_T5,academic_T5_PG01,8,8_sociohydrology_hydrology_hydrological_catchment,437,sociohydrology · hydrology · hydrological · catchment · watershed · participatory · hydrologic · stakeholders · iwrm · stakeholder,3
academic_T5::academic_T5_PG01,T5,academic,academic_T5,academic_T5_PG01,13,13_hydrological_hydrology_streamflow_hydrologic,371,hydrological · hydrology · streamflow · hydrologic · catchments · catchment · watershed · watersheds · evapotranspiration · precipitation,4
academic_T5::academic_T5_PG01,T5,academic,academic_T5,academic_T5_PG01,19,19_hydromorphological_floodplains_geomorphic_geomorphology,309,hydromorphological · floodplains · geomorphic · geomorphology · fluvial · hydrology · floodplain · geomorphological · riparian · hydrological,5
academic_T5::academic_T5_PG01,T5,academic,academic_T5,academic_T5_PG01,22,22_droughts_ndvi_drought_modis,254,droughts · ndvi · drought · modis · evapotranspiration · hydrological · precipitation · meteorological · aridity · monsoon,6
academic_T5::academic_T5_PG01,T5,academic,academic_T5,academic_T5_PG01,28,28_agrobiodiversity_omics_genomics_cas9,177,agrobiodiversity · omics · genomics · cas9 · genomic · agronomic · genebanks · biotechnology · cultivars · crops,7
academic_T5::academic_T5_PG01,T5,academic,academic_T5,academic_T5_PG01,30,30_habitats_habitat_bioclimatic_2050,162,habitats · habitat · bioclimatic · 2050 · species · precipitation · biodiversity · 2050s · endangered · bioclim,8
academic_T5::academic_T5_PG01,T5,academic,academic_T5,academic_T5_PG01,32,32_ecosystem_qinghai_cropland_spatiotemporal,155,ecosystem · qinghai · cropland · spatiotemporal · grassland · vulnerability · grasslands · climatological · xinjiang · heilongjiang,9
academic_T5::academic_T5_PG01,T5,academic,academic_T5,academic_T5_PG01,33,33_ndvi_vegetation_ndvi3g_evapotranspiration,154,ndvi · vegetation · ndvi3g · evapotranspiration · ecosystem · drylands · precipitation · greenness · grassland · spatiotemporal,10
academic_T5::academic_T5_PG01,T5,academic,academic_T5,academic_T5_PG01,37,37_forestry_silviculture_silvicultural_picea,138,forestry · silviculture · silvicultural · picea · forests · abies · ecosystems · ecosystem · coniferous · spruce,11
academic_T5::academic_T5_PG01,T5,academic,academic_T5,academic_T5_PG01,76,76_agroforestry_agroforesters_agrosilviculture_agrisilviculture,52,agroforestry · agroforesters · agrosilviculture · agrisilviculture · agroecosystems · agroecological · smallholders · forestry · smallholder · farming,12
academic_T5::academic_T5_PG04,T5,academic,academic_T5,academic_T5_PG04,4,4_urbanism_placemaking_sdgs_participatory,660,urbanism · placemaking · sdgs · participatory · planners · urbanization · planning · urban · municipalities · stakeholders,1
academic_T5::academic_T5_PG04,T5,academic,academic_T5,academic_T5_PG04,6,6_anthropocene_ecosystem_ecology_transdisciplinary,452,anthropocene · ecosystem · ecology · transdisciplinary · participatory · sdgs · integrative · biosphere · transformative · researchers,2
academic_T5::academic_T5_PG04,T5,academic,academic_T5,academic_T5_PG04,49,49_greeninfrastructure_infrastructures_ecosystem_ecosystems,98,greeninfrastructure · infrastructures · ecosystem · ecosystems · infrastructure · streetscape · stormwater · greenps · biodiversity · greening,3
academic_T5::academic_T5_PG04,T5,academic,academic_T5,academic_T5_PG04,70,70_ecosystem_ecosystems_biodiversity_nbs,61,ecosystem · ecosystems · biodiversity · nbs · nbss · urbanisation · urban · nature · urbanization · afforestation,4
academic_T5::academic_T5_PG06,T5,academic,academic_T5,academic_T5_PG06,9,9_decarbonization_renewables_renewable_geopolitical,436,decarbonization · renewables · renewable · geopolitical · emissions · eu · energy · russia · economies · sector,1
academic_T5::academic_T5_PG06,T5,academic,academic_T5,academic_T5_PG06,36,36_oecd_brics_gdp_econometric,147,oecd · brics · gdp · econometric · economies · emissions · fdi · sdg · globalization · renewable,2
academic_T5::academic_T5_PG06,T5,academic,academic_T5,academic_T5_PG06,38,38_ai_climategpt_cnns_neural,137,ai · climategpt · cnns · neural · computational · interpretability · emissions · forecasting · nws · generative,3
academic_T5::academic_T5_PG06,T5,academic,academic_T5,academic_T5_PG06,77,77_sdgs_sdg_geospatial_geoss,51,sdgs · sdg · geospatial · geoss · geo · satellites · sdis · 2030 · eos · connectingeo,4
academic_T5::academic_T5_PG07,T5,academic,academic_T5,academic_T5_PG07,11,11_environmentally_emissions_pollution_pollutants,379,environmentally · emissions · pollution · pollutants · threats · pubmed · patients · noncommunicable · pahs · malnutrition,1
academic_T5::academic_T5_PG07,T5,academic,academic_T5,academic_T5_PG07,26,26_pm10_emissions_pm2_pollution,181,pm10 · emissions · pm2 · pollution · particulate · pollutants · so2 · respiratory · emission · concentrations,2
academic_T5::academic_T5_PG07,T5,academic,academic_T5,academic_T5_PG07,51,51_cop26_unfccc_ipcc_emissions,94,cop26 · unfccc · ipcc · emissions · bibliometric · bibliometrics · emission · scopus · intergovernmental · published,3
academic_T5::academic_T5_PG07,T5,academic,academic_T5,academic_T5_PG07,62,62_contrails_contrail_emissions_aviation,71,contrails · contrail · emissions · aviation · cirrus · air · airbus · airspace · ghg · emission,4
academic_T5::academic_T5_PG10,T5,academic,academic_T5,academic_T5_PG10,23,23_macroprudential_liquidity_volatility_fintech,226,macroprudential · liquidity · volatility · fintech · reits · esg · fcre · sector · issuers · bankers,1
academic_T5::academic_T5_PG10,T5,academic,academic_T5,academic_T5_PG10,69,69_arima_insurability_reinsurance_insurer,62,arima · insurability · reinsurance · insurer · insurers · solvency · actuarial · underwriting · disasters · policyholders,2
academic_T5::academic_T5_PG10,T5,academic,academic_T5,academic_T5_PG10,71,71_microinsurance_agricultural_smallholder_farmers,59,microinsurance · agricultural · smallholder · farmers · subsidies · hedging · agriculture · crop · probit · actuarial,3
academic_T5::academic_T5_PG11,T5,academic,academic_T5,academic_T5_PG11,25,25_preparedness_disasters_cdc_emergencies,203,preparedness · disasters · cdc · emergencies · triage · disaster · responders · emergency · fchvs · rehabilitation,1
academic_T5::academic_T5_PG11,T5,academic,academic_T5,academic_T5_PG11,29,29_preparedness_disasters_disaster_readiness,175,preparedness · disasters · disaster · readiness · tsunami · educational · tsunamis · indonesia · aceh · earthquakes,2
academic_T5::academic_T5_PG11,T5,academic,academic_T5,academic_T5_PG11,44,44_sdgs_unisdr_sfdrr_preparedness,113,sdgs · unisdr · sfdrr · preparedness · disasters · 2030 · governments · drr · participation · governance,3
academic_T5::academic_T5_PG11,T5,academic,academic_T5,academic_T5_PG11,52,52_rebuilding_postdisaster_reconstruction_infrastructure,93,rebuilding · postdisaster · reconstruction · infrastructure · reconstructed · reconstructions · disasters · resettlement · seismic · building,4
academic_T5::academic_T5_PG14,T5,academic,academic_T5,academic_T5_PG14,40,40_urbanism_leed_bim_habitability,136,urbanism · leed · bim · habitability · resiliency · infrastructure · architectural · geotechnical · retrofitting · building,1
academic_T5::academic_T5_S014,T5,academic,academic_T5,academic_T5_S014,14,14_proenvironmental_students_eco_learners,364,proenvironmental · students · eco · learners · learning · participants · undergraduates · sdgs · psychology · cognitive,1
academic_T5::academic_T5_S042,T5,academic,academic_T5,academic_T5_S042,42,42_fishery_fisheries_livelihoods_fisherfolks,118,fishery · fisheries · livelihoods · fisherfolks · fisherfolk · livelihood · fishers · fishermen · fishing · reefs,1
academic_T5::academic_T5_S043,T5,academic,academic_T5,academic_T5_S043,43,43_epidemic_pandemics_crises_pandemic,115,epidemic · pandemics · crises · pandemic · outbreak · crisis · epidemics · lockdown · preparedness · lockdowns,1
academic_T5::academic_T5_S047,T5,academic,academic_T5,academic_T5_S047,47,47_peacebuilding_geopolitical_geopolitics_insurgences,99,peacebuilding · geopolitical · geopolitics · insurgences · afghanistan · insurgency · conflict · militaries · ecomigration · nato,1
academic_T5::academic_T5_S048,T5,academic,academic_T5,academic_T5_S048,48,48_glaciers_cryosphere_meltwater_glacier,99,glaciers · cryosphere · meltwater · glacier · glacial · supraglacial · glacierized · himalaya · icefields · andes,1
academic_T5::academic_T5_S054,T5,academic,academic_T5,academic_T5_S054,54,54_adaptability_strategic_agile_capabilities,90,adaptability · strategic · agile · capabilities · capability · disruptions · competitiveness · agility · ambidexterity · organisational,1
academic_T5::academic_T5_S055,T5,academic,academic_T5,academic_T5_S055,55,55_bangladesh_livelihoods_sundarbans_floods,89,bangladesh · livelihoods · sundarbans · floods · livelihood · mangrove · coastal · upazilas · sundarban · cyclones,1
academic_T5::academic_T5_S060,T5,academic,academic_T5,academic_T5_S060,60,60_logistics_resiliency_disruption_scm,74,logistics · resiliency · disruption · scm · disruptions · supplier · reshoring · supply · transshipment · manufacturing,1
academic_T5::academic_T5_S074,T5,academic,academic_T5,academic_T5_S074,74,74_transport_emissions_climatique_transportation,53,transport · emissions · climatique · transportation · micromobility · mobility · transit · motorisation · bikenodeplanner · tramway,1
academic_T5::academic_T5_S075,T5,academic,academic_T5,academic_T5_S075,75,75_workers_osh_ohs_heat,53,workers · osh · ohs · heat · workplaces · cooling · workplace · thermal · ergonomics · safety,1
corporate_T5::corporate_T5_PG01,T5,corporate,corporate_T5,corporate_T5_PG01,0,0_hazards_disruptions_pipelines_damages,2065,hazards · disruptions · pipelines · damages · gulf · liabilities · marine · blowouts · pipeline · pollution,1
corporate_T5::corporate_T5_PG01,T5,corporate,corporate_T5,corporate_T5_PG01,1,1_impacts_emissions_ghg_ghgs,1468,impacts · emissions · ghg · ghgs · climatic · droughts · fracturing · midstream · epa · energy,2
corporate_T5::corporate_T5_PG01,T5,corporate,corporate_T5,corporate_T5_PG01,2,2_impacts_legislation_stakeholders_reclamation,330,impacts · legislation · stakeholders · reclamation · precipitation · mining · permits · uncertainty · governments · tailings,3
corporate_T5::corporate_T5_PG01,T5,corporate,corporate_T5,corporate_T5_PG01,3,3_geophysical_seismic_inclement_permits,72,geophysical · seismic · inclement · permits · downtime · landowners · fluctuations · obtaining · obtain · timing,4
corporate_T5::corporate_T5_PG01,T5,corporate,corporate_T5,corporate_T5_PG01,4,4_emissions_fuels_ghg_sustainable,65,emissions · fuels · ghg · sustainable · increasing · financings · lenders · 2020 · concern · greening,5
corporate_T5::corporate_T5_PG01,T5,corporate,corporate_T5,corporate_T5_PG01,5,5_impacts_legislation_concerns_concern,59,impacts · legislation · concerns · concern · uncertainty · compliance · legislative · changing · rainfall · governments,6
media_T5::media_T5_S000,T5,media,media_T5,media_T5_S000,0,0_abstract_rotterdam_flooded_efficiency,1553,abstract · rotterdam · flooded · efficiency · surge · citizens · coast · responsibility · thresholds · learn,1
academic_T6::academic_T6_PG01,T6,academic,academic_T6,academic_T6_PG01,0,0_habitats_wildlife_habitat_shorebirds,1942,habitats · wildlife · habitat · shorebirds · birds · endangered · poaching · avifauna · species · breeding,1
academic_T6::academic_T6_PG01,T6,academic,academic_T6,academic_T6_PG01,28,28_pollinators_pollination_pollinator_pollinating,265,pollinators · pollination · pollinator · pollinating · beekeeping · habitats · bees · apiaries · honeybees · beekeepers,2
academic_T6::academic_T6_PG01,T6,academic,academic_T6,academic_T6_PG01,49,49_grasslands_grassland_grazing_pasture,173,grasslands · grassland · grazing · pasture · pastures · grazed · rangelands · grasses · herbage · vegetation,3
academic_T6::academic_T6_PG01,T6,academic,academic_T6,academic_T6_PG01,54,54_pastoralists_pastoralism_rangeland_pastoralist,156,pastoralists · pastoralism · rangeland · pastoralist · rangelands · grazing · herders · transhumance · desertification · drylands,4
academic_T6::academic_T6_PG01,T6,academic,academic_T6,academic_T6_PG01,95,95_habitats_lepidoptera_grasslands_grassland,64,habitats · lepidoptera · grasslands · grassland · butterflies · lepidopteran · habitat · heathland · butterfly · arthropods,5
academic_T6::academic_T6_PG03,T6,academic,academic_T6,academic_T6_PG03,2,2_biodiversity_anthropocene_ecosystems_extinctions,1305,biodiversity · anthropocene · ecosystems · extinctions · conserving · ecology · conservationists · extinction · ecologists · biological,1
academic_T6::academic_T6_PG03,T6,academic,academic_T6,academic_T6_PG03,9,9_mariculture_aquaculture_seaweeds_macroalgae,524,mariculture · aquaculture · seaweeds · macroalgae · eutrophication · microalgae · macroalgal · bivalves · seaweed · mussels,2
academic_T6::academic_T6_PG03,T6,academic,academic_T6,academic_T6_PG03,10,10_agroecological_agrolandscape_agrolandscapes_agro,483,agroecological · agrolandscape · agrolandscapes · agro · agricultural · agrarian · agrotechnical · hectares · geoecological · lands,3
academic_T6::academic_T6_PG03,T6,academic,academic_T6,academic_T6_PG03,44,44_hectares_penggunaan_agrarian_agricultural,196,hectares · penggunaan · agrarian · agricultural · riceland · indonesia · landowners · malang · bogor · denpasar,4
academic_T6::academic_T6_PG03,T6,academic,academic_T6,academic_T6_PG03,55,55_ramsar_wetlands_wetland_wetlandscapes,156,ramsar · wetlands · wetland · wetlandscapes · ecosystems · livelihoods · swamp · marsh · livelihood · hydrological,5
academic_T6::academic_T6_PG03,T6,academic,academic_T6,academic_T6_PG03,58,58_microplastics_microplastic_plastics_macroplastics,140,microplastics · microplastic · plastics · macroplastics · polystyrene · bioaccumulation · pollutants · polymers · pollution · polyethylene,6
academic_T6::academic_T6_PG03,T6,academic,academic_T6,academic_T6_PG03,60,60_peatlands_peatland_peats_peat,136,peatlands · peatland · peats · peat · agroforests · bog · hectares · livelihoods · swamp · kalimantan,7
academic_T6::academic_T6_PG03,T6,academic,academic_T6,academic_T6_PG03,73,73_agroecology_agroecological_agroecologiques_agroecologique,108,agroecology · agroecological · agroecologiques · agroecologique · agroecosystems · agroecologie · agroecosystem · agronomy · intercropping · agro,8
academic_T6::academic_T6_PG03,T6,academic,academic_T6,academic_T6_PG03,74,74_plastics_microplastics_debris_pollution,106,plastics · microplastics · debris · pollution · macroplastics · plastic · oceans · sea · seas · recycling,9
academic_T6::academic_T6_PG03,T6,academic,academic_T6,academic_T6_PG03,80,80_environnementale_ecosystemiques_environnement_biodiversite,97,environnementale · ecosystemiques · environnement · biodiversite · ecosystemes · ecosysteme · forestales · politique · communautes · politiques,10
academic_T6::academic_T6_PG03,T6,academic,academic_T6,academic_T6_PG03,81,81_biospheres_biosphere_unesco_br,87,biospheres · biosphere · unesco · br · brs · ppgis · transboundary · scientists · geoparks · transdisciplinary,11
academic_T6::academic_T6_PG03,T6,academic,academic_T6,academic_T6_PG03,102,102_waste_cleanliness_plastic_disposal,61,waste · cleanliness · plastic · disposal · tourism · awareness · voluntourism · pkm · participants · debris,12
academic_T6::academic_T6_PG05,T6,academic,academic_T6,academic_T6_PG05,5,5_ecohydrology_catchments_ecosystems_eutrophication,762,ecohydrology · catchments · ecosystems · eutrophication · caddisflies · riparian · catchment · macroinvertebrates · watershed · habitats,1
academic_T6::academic_T6_PG05,T6,academic,academic_T6,academic_T6_PG05,46,46_iucn_ichthyofauna_ichthyofaunal_fishes,186,iucn · ichthyofauna · ichthyofaunal · fishes · ichthyological · cyprinidae · fauna · species · cypriniformes · endangered,2
academic_T6::academic_T6_PG05,T6,academic,academic_T6,academic_T6_PG05,84,84_stormwater_bioretention_runoff_hydrological,83,stormwater · bioretention · runoff · hydrological · hydrologic · rainwater · drainage · raingardens · bioswales · hydrocitizenship,3
academic_T6::academic_T6_PG09,T6,academic,academic_T6,academic_T6_PG09,14,14_phytoremediation_geochemical_soils_soil,400,phytoremediation · geochemical · soils · soil · pollution · contaminants · pollutants · ecotoxicological · phytoextraction · bioremediation,1
academic_T6::academic_T6_PG09,T6,academic,academic_T6,academic_T6_PG09,18,18_soil_tillage_soils_topsoil,355,soil · tillage · soils · topsoil · aggregates · crops · agriculture · cultivation · compost · crop,2
academic_T6::academic_T6_PG09,T6,academic,academic_T6,academic_T6_PG09,56,56_soil_soils_topsoil_arable,149,soil · soils · topsoil · arable · porosity · conductivity · irrigated · cultivated · cropping · andisols,3
academic_T6::academic_T6_PG09,T6,academic,academic_T6,academic_T6_PG09,64,64_ipm_biopesticides_pesticidal_insecticides,120,ipm · biopesticides · pesticidal · insecticides · pesticide · pesticides · insecticide · biocontrol · aphids · pests,4
academic_T6::academic_T6_PG09,T6,academic,academic_T6,academic_T6_PG09,83,83_agrochemicals_agrochemical_pesticides_insecticides,84,agrochemicals · agrochemical · pesticides · insecticides · pesticide · herbicides · fungicides · agro · ipm · farmers,5
academic_T6::academic_T6_PG09,T6,academic,academic_T6,academic_T6_PG09,87,87_arthropods_carabids_agroecosystems_herbivores,77,arthropods · carabids · agroecosystems · herbivores · parasitoids · insects · predation · pests · crops · arthropod,6
academic_T6::academic_T6_PG09,T6,academic,academic_T6,academic_T6_PG09,104,104_macrofauna_microfauna_mesofauna_macroarthropods,60,macrofauna · microfauna · mesofauna · macroarthropods · soil · collembola · invertebrates · soils · microarthropods · fauna,7
academic_T6::academic_T6_PG09,T6,academic,academic_T6,academic_T6_PG09,111,111_biocontrol_invasive_infestations_biosecurity,50,biocontrol · invasive · infestations · biosecurity · cactaceae · eradication · plants · invasiveness · seedbank · cacti,8
academic_T6::academic_T6_PG10,T6,academic,academic_T6,academic_T6_PG10,15,15_csr_esg_compliance_governance,386,csr · esg · compliance · governance · mncs · mnes · corporations · stakeholder · corporate · multinational,1
academic_T6::academic_T6_PG10,T6,academic,academic_T6,academic_T6_PG10,66,66_eia_eias_esia_rsea,119,eia · eias · esia · rsea · eis · eiars · eeaa · iee · seia · ehia,2
academic_T6::academic_T6_PG18,T6,academic,academic_T6,academic_T6_PG18,29,29_agrobiodiversity_genebanks_genebank_conserving,258,agrobiodiversity · genebanks · genebank · conserving · bioversity · cultivars · crops · conserved · germplasm · crop,1
academic_T6::academic_T6_PG18,T6,academic,academic_T6,academic_T6_PG18,67,67_biopiracy_biodiversity_bioprospecting_bioprospection,118,biopiracy · biodiversity · bioprospecting · bioprospection · biotrade · biological · biologique · diversity · indigenous · wto,2
academic_T6::academic_T6_PG18,T6,academic,academic_T6,academic_T6_PG18,77,77_breeding_crossbreeding_breed_breeds,102,breeding · crossbreeding · breed · breeds · genomic · genetic · livestock · conserved · conserving · chickens,3
academic_T6::academic_T6_PG19,T6,academic,academic_T6,academic_T6_PG19,24,24_mining_tailings_miners_indonesia,310,mining · tailings · miners · indonesia · mines · extractive · kalimantan · governance · sector · bauxite,1
academic_T6::academic_T6_PG19,T6,academic,academic_T6,academic_T6_PG19,47,47_revegetation_phytoremediation_reclamation_topsoil,186,revegetation · phytoremediation · reclamation · topsoil · tailings · mining · soils · landform · revegetated · phytostabilization,2
academic_T6::academic_T6_S007,T6,academic,academic_T6,academic_T6_S007,7,7_erosion_erodibility_erosivity_watersheds,549,erosion · erodibility · erosivity · watersheds · watershed · soils · soil · terrain · eroded · runoff,1
academic_T6::academic_T6_S021,T6,academic,academic_T6,academic_T6_S021,21,21_emissions_propulsion_maritime_shipowners,326,emissions · propulsion · maritime · shipowners · marpol · ghg · emission · fuels · vessels · seaports,1
academic_T6::academic_T6_S022,T6,academic,academic_T6,academic_T6_S022,22,22_juridical_jurisprudence_hukum_laws,318,juridical · jurisprudence · hukum · laws · legislation · sdgs · enforcement · law · pollution · constitutional,1
academic_T6::academic_T6_S031,T6,academic,academic_T6,academic_T6_S031,31,31_environmentally_ukraine_legislation_ukrainian,247,environmentally · ukraine · legislation · ukrainian · regulation · ecology · regulatory · regulating · russia · norms,1
academic_T6::academic_T6_S045,T6,academic,academic_T6,academic_T6_S045,45,45_emissions_pollution_pollutants_sensors,194,emissions · pollution · pollutants · sensors · emission · iot · ai · technologies · analytics · pm10,1
academic_T6::academic_T6_S078,T6,academic,academic_T6,academic_T6_S078,78,78_desertification_unccd_drylands_dryland,99,desertification · unccd · drylands · dryland · sdg · sahel · salinization · degraded · drought · ldd,1
academic_T6::academic_T6_S099,T6,academic,academic_T6,academic_T6_S099,99,99_biodiversity_cop15_ecopedagogy_csr,63,biodiversity · cop15 · ecopedagogy · csr · sectors · biological · corporates · corporations · corporate · extinction,1
academic_T6::academic_T6_S106,T6,academic,academic_T6,academic_T6_S106,106,106_pollution_nigeria_refineries_petroleum,58,pollution · nigeria · refineries · petroleum · spillages · externalities · oil · pipelines · exploitation · spillage,1
academic_T6::academic_T6_S107,T6,academic,academic_T6,academic_T6_S107,107,107_coastal_hainan_eco_pollution,56,coastal · hainan · eco · pollution · china · fujian · liaoning · guangdong · marine · emergy,1
corporate_T6::corporate_T6_PG01,T6,corporate,corporate_T6,corporate_T6_PG01,0,0_liabilities_epa_obligations_enforcement,5540,liabilities · epa · obligations · enforcement · penalties · remediation · liable · emissions · operating · contamination,1
corporate_T6::corporate_T6_PG01,T6,corporate,corporate_T6,corporate_T6_PG01,1,1_tailings_mining_enforcement_penalties,1299,tailings · mining · enforcement · penalties · fines · operating · obligations · mines · remediation · impacts,2
corporate_T6::corporate_T6_PG01,T6,corporate,corporate_T6,corporate_T6_PG01,3,3_reclamation_remediation_environmentally_contaminants,102,reclamation · remediation · environmentally · contaminants · permit · remediated · guidelines · ground · complying · permitted,3
corporate_T6::corporate_T6_PG01,T6,corporate,corporate_T6,corporate_T6_PG01,4,4_inspections_acquisition_liabilities_assessments,79,inspections · acquisition · liabilities · assessments · acquisitions · transactions · inspection · integration · indemnification · evaluating,4
corporate_T6::corporate_T6_PG01,T6,corporate,corporate_T6,corporate_T6_PG01,5,5_rcra_epa_liable_disposal,67,rcra · epa · liable · disposal · landowners · cleanup · superfund · mining · cercla · penalties,5
corporate_T6::corporate_T6_S002,T6,corporate,corporate_T6,corporate_T6_S002,2,2_endangered_usfws_habitats_habitat,279,endangered · usfws · habitats · habitat · threatened · esa · wetlands · species · designation · birds,1
media_T6::media_T6_S000,T6,media,media_T6,media_T6_S000,0,0_biodiversity_sustainability_sustainable_deforestation,2225,biodiversity · sustainability · sustainable · deforestation · stewardship · environment · extinction · degradation · threatened · governments,1
