macro_topic,macro_topic_name,source,subgroup,final_merge_group_id,micro_topic_id,topic_label,topic_name_original,topic_summary,year,year_frequency,denominator_source_docs_in_macro_topic,relative_share_of_macro_topic_source_docs,year_document_count,annual_source_macro_document_count,annual_document_prevalence,external_unique_document_count,external_topic_size_count,external_group_size_count,best_matched_corporate_group_id,best_matched_corporate_label,best_cosine_similarity,topic_id
T1,Clean energy transition,academic,academic_T1,academic_T1_PG10,21,Oceanographic Waves and Marine Energy Technology,21_oceanographic_waves_ocean_wave,"The micro-topic tracks the evolution of research interest in harnessing ocean waves and marine environments for energy generation, transitioning from broad strategic views to highly technical engineering and deployment challenges, with a strong late-stage convergence toward offshore wind infrastructure.",2000,0,19586,0.0,0,9,0.0,197,206,2,corporate_T1_PG03,HCF Capability and Renewable Profitability Trajectory,0.5883891582489014,academic_T1::academic_T1_PG10
T1,Clean energy transition,academic,academic_T1,academic_T1_PG10,21,Oceanographic Waves and Marine Energy Technology,21_oceanographic_waves_ocean_wave,"The micro-topic tracks the evolution of research interest in harnessing ocean waves and marine environments for energy generation, transitioning from broad strategic views to highly technical engineering and deployment challenges, with a strong late-stage convergence toward offshore wind infrastructure.",2001,0,19586,0.0,0,23,0.0,197,206,2,corporate_T1_PG03,HCF Capability and Renewable Profitability Trajectory,0.5883891582489014,academic_T1::academic_T1_PG10
T1,Clean energy transition,academic,academic_T1,academic_T1_PG10,21,Oceanographic Waves and Marine Energy Technology,21_oceanographic_waves_ocean_wave,"The micro-topic tracks the evolution of research interest in harnessing ocean waves and marine environments for energy generation, transitioning from broad strategic views to highly technical engineering and deployment challenges, with a strong late-stage convergence toward offshore wind infrastructure.",2002,2,19586,0.0001021137547227,2,21,0.0952380952380952,197,206,2,corporate_T1_PG03,HCF Capability and Renewable Profitability Trajectory,0.5883891582489014,academic_T1::academic_T1_PG10
T1,Clean energy transition,academic,academic_T1,academic_T1_PG10,21,Oceanographic Waves and Marine Energy Technology,21_oceanographic_waves_ocean_wave,"The micro-topic tracks the evolution of research interest in harnessing ocean waves and marine environments for energy generation, transitioning from broad strategic views to highly technical engineering and deployment challenges, with a strong late-stage convergence toward offshore wind infrastructure.",2003,0,19586,0.0,0,18,0.0,197,206,2,corporate_T1_PG03,HCF Capability and Renewable Profitability Trajectory,0.5883891582489014,academic_T1::academic_T1_PG10
T1,Clean energy transition,academic,academic_T1,academic_T1_PG10,21,Oceanographic Waves and Marine Energy Technology,21_oceanographic_waves_ocean_wave,"The micro-topic tracks the evolution of research interest in harnessing ocean waves and marine environments for energy generation, transitioning from broad strategic views to highly technical engineering and deployment challenges, with a strong late-stage convergence toward offshore wind infrastructure.",2004,0,19586,0.0,0,24,0.0,197,206,2,corporate_T1_PG03,HCF Capability and Renewable Profitability Trajectory,0.5883891582489014,academic_T1::academic_T1_PG10
T1,Clean energy transition,academic,academic_T1,academic_T1_PG10,21,Oceanographic Waves and Marine Energy Technology,21_oceanographic_waves_ocean_wave,"The micro-topic tracks the evolution of research interest in harnessing ocean waves and marine environments for energy generation, transitioning from broad strategic views to highly technical engineering and deployment challenges, with a strong late-stage convergence toward offshore wind infrastructure.",2005,2,19586,0.0001021137547227,2,38,0.0526315789473684,197,206,2,corporate_T1_PG03,HCF Capability and Renewable Profitability Trajectory,0.5883891582489014,academic_T1::academic_T1_PG10
T1,Clean energy transition,academic,academic_T1,academic_T1_PG10,21,Oceanographic Waves and Marine Energy Technology,21_oceanographic_waves_ocean_wave,"The micro-topic tracks the evolution of research interest in harnessing ocean waves and marine environments for energy generation, transitioning from broad strategic views to highly technical engineering and deployment challenges, with a strong late-stage convergence toward offshore wind infrastructure.",2006,0,19586,0.0,0,50,0.0,197,206,2,corporate_T1_PG03,HCF Capability and Renewable Profitability Trajectory,0.5883891582489014,academic_T1::academic_T1_PG10
T1,Clean energy transition,academic,academic_T1,academic_T1_PG10,21,Oceanographic Waves and Marine Energy Technology,21_oceanographic_waves_ocean_wave,"The micro-topic tracks the evolution of research interest in harnessing ocean waves and marine environments for energy generation, transitioning from broad strategic views to highly technical engineering and deployment challenges, with a strong late-stage convergence toward offshore wind infrastructure.",2007,0,19586,0.0,0,50,0.0,197,206,2,corporate_T1_PG03,HCF Capability and Renewable Profitability Trajectory,0.5883891582489014,academic_T1::academic_T1_PG10
T1,Clean energy transition,academic,academic_T1,academic_T1_PG10,21,Oceanographic Waves and Marine Energy Technology,21_oceanographic_waves_ocean_wave,"The micro-topic tracks the evolution of research interest in harnessing ocean waves and marine environments for energy generation, transitioning from broad strategic views to highly technical engineering and deployment challenges, with a strong late-stage convergence toward offshore wind infrastructure.",2008,0,19586,0.0,0,75,0.0,197,206,2,corporate_T1_PG03,HCF Capability and Renewable Profitability Trajectory,0.5883891582489014,academic_T1::academic_T1_PG10
T1,Clean energy transition,academic,academic_T1,academic_T1_PG10,21,Oceanographic Waves and Marine Energy Technology,21_oceanographic_waves_ocean_wave,"The micro-topic tracks the evolution of research interest in harnessing ocean waves and marine environments for energy generation, transitioning from broad strategic views to highly technical engineering and deployment challenges, with a strong late-stage convergence toward offshore wind infrastructure.",2009,0,19586,0.0,0,73,0.0,197,206,2,corporate_T1_PG03,HCF Capability and Renewable Profitability Trajectory,0.5883891582489014,academic_T1::academic_T1_PG10
T1,Clean energy transition,academic,academic_T1,academic_T1_PG10,21,Oceanographic Waves and Marine Energy Technology,21_oceanographic_waves_ocean_wave,"The micro-topic tracks the evolution of research interest in harnessing ocean waves and marine environments for energy generation, transitioning from broad strategic views to highly technical engineering and deployment challenges, with a strong late-stage convergence toward offshore wind infrastructure.",2010,0,19586,0.0,0,119,0.0,197,206,2,corporate_T1_PG03,HCF Capability and Renewable Profitability Trajectory,0.5883891582489014,academic_T1::academic_T1_PG10
T1,Clean energy transition,academic,academic_T1,academic_T1_PG10,21,Oceanographic Waves and Marine Energy Technology,21_oceanographic_waves_ocean_wave,"The micro-topic tracks the evolution of research interest in harnessing ocean waves and marine environments for energy generation, transitioning from broad strategic views to highly technical engineering and deployment challenges, with a strong late-stage convergence toward offshore wind infrastructure.",2011,3,19586,0.0001531706320841,3,136,0.0220588235294117,197,206,2,corporate_T1_PG03,HCF Capability and Renewable Profitability Trajectory,0.5883891582489014,academic_T1::academic_T1_PG10
T1,Clean energy transition,academic,academic_T1,academic_T1_PG10,21,Oceanographic Waves and Marine Energy Technology,21_oceanographic_waves_ocean_wave,"The micro-topic tracks the evolution of research interest in harnessing ocean waves and marine environments for energy generation, transitioning from broad strategic views to highly technical engineering and deployment challenges, with a strong late-stage convergence toward offshore wind infrastructure.",2012,0,19586,0.0,0,181,0.0,197,206,2,corporate_T1_PG03,HCF Capability and Renewable Profitability Trajectory,0.5883891582489014,academic_T1::academic_T1_PG10
T1,Clean energy transition,academic,academic_T1,academic_T1_PG10,21,Oceanographic Waves and Marine Energy Technology,21_oceanographic_waves_ocean_wave,"The micro-topic tracks the evolution of research interest in harnessing ocean waves and marine environments for energy generation, transitioning from broad strategic views to highly technical engineering and deployment challenges, with a strong late-stage convergence toward offshore wind infrastructure.",2013,0,19586,0.0,0,215,0.0,197,206,2,corporate_T1_PG03,HCF Capability and Renewable Profitability Trajectory,0.5883891582489014,academic_T1::academic_T1_PG10
T1,Clean energy transition,academic,academic_T1,academic_T1_PG10,21,Oceanographic Waves and Marine Energy Technology,21_oceanographic_waves_ocean_wave,"The micro-topic tracks the evolution of research interest in harnessing ocean waves and marine environments for energy generation, transitioning from broad strategic views to highly technical engineering and deployment challenges, with a strong late-stage convergence toward offshore wind infrastructure.",2014,1,19586,5.1056877361380575e-05,1,272,0.0036764705882352,197,206,2,corporate_T1_PG03,HCF Capability and Renewable Profitability Trajectory,0.5883891582489014,academic_T1::academic_T1_PG10
T1,Clean energy transition,academic,academic_T1,academic_T1_PG10,21,Oceanographic Waves and Marine Energy Technology,21_oceanographic_waves_ocean_wave,"The micro-topic tracks the evolution of research interest in harnessing ocean waves and marine environments for energy generation, transitioning from broad strategic views to highly technical engineering and deployment challenges, with a strong late-stage convergence toward offshore wind infrastructure.",2015,6,19586,0.0003063412641682,6,357,0.0168067226890756,197,206,2,corporate_T1_PG03,HCF Capability and Renewable Profitability Trajectory,0.5883891582489014,academic_T1::academic_T1_PG10
T1,Clean energy transition,academic,academic_T1,academic_T1_PG10,21,Oceanographic Waves and Marine Energy Technology,21_oceanographic_waves_ocean_wave,"The micro-topic tracks the evolution of research interest in harnessing ocean waves and marine environments for energy generation, transitioning from broad strategic views to highly technical engineering and deployment challenges, with a strong late-stage convergence toward offshore wind infrastructure.",2016,3,19586,0.0001531706320841,3,372,0.0080645161290322,197,206,2,corporate_T1_PG03,HCF Capability and Renewable Profitability Trajectory,0.5883891582489014,academic_T1::academic_T1_PG10
T1,Clean energy transition,academic,academic_T1,academic_T1_PG10,21,Oceanographic Waves and Marine Energy Technology,21_oceanographic_waves_ocean_wave,"The micro-topic tracks the evolution of research interest in harnessing ocean waves and marine environments for energy generation, transitioning from broad strategic views to highly technical engineering and deployment challenges, with a strong late-stage convergence toward offshore wind infrastructure.",2017,6,19586,0.0003063412641682,5,441,0.0113378684807256,197,206,2,corporate_T1_PG03,HCF Capability and Renewable Profitability Trajectory,0.5883891582489014,academic_T1::academic_T1_PG10
T1,Clean energy transition,academic,academic_T1,academic_T1_PG10,21,Oceanographic Waves and Marine Energy Technology,21_oceanographic_waves_ocean_wave,"The micro-topic tracks the evolution of research interest in harnessing ocean waves and marine environments for energy generation, transitioning from broad strategic views to highly technical engineering and deployment challenges, with a strong late-stage convergence toward offshore wind infrastructure.",2018,10,19586,0.0005105687736138,9,870,0.0103448275862068,197,206,2,corporate_T1_PG03,HCF Capability and Renewable Profitability Trajectory,0.5883891582489014,academic_T1::academic_T1_PG10
T1,Clean energy transition,academic,academic_T1,academic_T1_PG10,21,Oceanographic Waves and Marine Energy Technology,21_oceanographic_waves_ocean_wave,"The micro-topic tracks the evolution of research interest in harnessing ocean waves and marine environments for energy generation, transitioning from broad strategic views to highly technical engineering and deployment challenges, with a strong late-stage convergence toward offshore wind infrastructure.",2019,18,19586,0.0009190237925048,17,1308,0.0129969418960244,197,206,2,corporate_T1_PG03,HCF Capability and Renewable Profitability Trajectory,0.5883891582489014,academic_T1::academic_T1_PG10
T1,Clean energy transition,academic,academic_T1,academic_T1_PG10,21,Oceanographic Waves and Marine Energy Technology,21_oceanographic_waves_ocean_wave,"The micro-topic tracks the evolution of research interest in harnessing ocean waves and marine environments for energy generation, transitioning from broad strategic views to highly technical engineering and deployment challenges, with a strong late-stage convergence toward offshore wind infrastructure.",2020,13,19586,0.0006637394056979,13,1524,0.0085301837270341,197,206,2,corporate_T1_PG03,HCF Capability and Renewable Profitability Trajectory,0.5883891582489014,academic_T1::academic_T1_PG10
T1,Clean energy transition,academic,academic_T1,academic_T1_PG10,21,Oceanographic Waves and Marine Energy Technology,21_oceanographic_waves_ocean_wave,"The micro-topic tracks the evolution of research interest in harnessing ocean waves and marine environments for energy generation, transitioning from broad strategic views to highly technical engineering and deployment challenges, with a strong late-stage convergence toward offshore wind infrastructure.",2021,22,19586,0.0011232513019503,20,1700,0.0117647058823529,197,206,2,corporate_T1_PG03,HCF Capability and Renewable Profitability Trajectory,0.5883891582489014,academic_T1::academic_T1_PG10
T1,Clean energy transition,academic,academic_T1,academic_T1_PG10,21,Oceanographic Waves and Marine Energy Technology,21_oceanographic_waves_ocean_wave,"The micro-topic tracks the evolution of research interest in harnessing ocean waves and marine environments for energy generation, transitioning from broad strategic views to highly technical engineering and deployment challenges, with a strong late-stage convergence toward offshore wind infrastructure.",2022,16,19586,0.000816910037782,16,2007,0.0079720976581963,197,206,2,corporate_T1_PG03,HCF Capability and Renewable Profitability Trajectory,0.5883891582489014,academic_T1::academic_T1_PG10
T1,Clean energy transition,academic,academic_T1,academic_T1_PG10,21,Oceanographic Waves and Marine Energy Technology,21_oceanographic_waves_ocean_wave,"The micro-topic tracks the evolution of research interest in harnessing ocean waves and marine environments for energy generation, transitioning from broad strategic views to highly technical engineering and deployment challenges, with a strong late-stage convergence toward offshore wind infrastructure.",2023,35,19586,0.0017869907076483,34,3278,0.010372178157413,197,206,2,corporate_T1_PG03,HCF Capability and Renewable Profitability Trajectory,0.5883891582489014,academic_T1::academic_T1_PG10
T1,Clean energy transition,academic,academic_T1,academic_T1_PG10,21,Oceanographic Waves and Marine Energy Technology,21_oceanographic_waves_ocean_wave,"The micro-topic tracks the evolution of research interest in harnessing ocean waves and marine environments for energy generation, transitioning from broad strategic views to highly technical engineering and deployment challenges, with a strong late-stage convergence toward offshore wind infrastructure.",2024,51,19586,0.0026039007454304,49,6026,0.0081314304679721,197,206,2,corporate_T1_PG03,HCF Capability and Renewable Profitability Trajectory,0.5883891582489014,academic_T1::academic_T1_PG10
T1,Clean energy transition,academic,academic_T1,academic_T1_PG10,21,Oceanographic Waves and Marine Energy Technology,21_oceanographic_waves_ocean_wave,"The micro-topic tracks the evolution of research interest in harnessing ocean waves and marine environments for energy generation, transitioning from broad strategic views to highly technical engineering and deployment challenges, with a strong late-stage convergence toward offshore wind infrastructure.",2025,18,19586,0.0009190237925048,17,2759,0.0061616527727437,197,206,2,corporate_T1_PG03,HCF Capability and Renewable Profitability Trajectory,0.5883891582489014,academic_T1::academic_T1_PG10
T1,Clean energy transition,academic,academic_T1,academic_T1_S063,25,Turbine Aerodynamics and Design Evolution (HAWT/VAWT),63_turbines_vawt_vawts_airfoils,"The micro-topic tracks the evolution of turbine design, heavily focusing on aerodynamic optimization, transitioning from general CFD application to specific focus on VAWTs, and culminating in integrated urban deployment strategies.",2000,0,19586,0.0,0,9,0.0,116,118,1,corporate_T1_PG03,HCF Capability and Renewable Profitability Trajectory,0.5395153760910034,academic_T1::academic_T1_S063
T1,Clean energy transition,academic,academic_T1,academic_T1_S063,25,Turbine Aerodynamics and Design Evolution (HAWT/VAWT),63_turbines_vawt_vawts_airfoils,"The micro-topic tracks the evolution of turbine design, heavily focusing on aerodynamic optimization, transitioning from general CFD application to specific focus on VAWTs, and culminating in integrated urban deployment strategies.",2001,0,19586,0.0,0,23,0.0,116,118,1,corporate_T1_PG03,HCF Capability and Renewable Profitability Trajectory,0.5395153760910034,academic_T1::academic_T1_S063
T1,Clean energy transition,academic,academic_T1,academic_T1_S063,25,Turbine Aerodynamics and Design Evolution (HAWT/VAWT),63_turbines_vawt_vawts_airfoils,"The micro-topic tracks the evolution of turbine design, heavily focusing on aerodynamic optimization, transitioning from general CFD application to specific focus on VAWTs, and culminating in integrated urban deployment strategies.",2002,0,19586,0.0,0,21,0.0,116,118,1,corporate_T1_PG03,HCF Capability and Renewable Profitability Trajectory,0.5395153760910034,academic_T1::academic_T1_S063
T1,Clean energy transition,academic,academic_T1,academic_T1_S063,25,Turbine Aerodynamics and Design Evolution (HAWT/VAWT),63_turbines_vawt_vawts_airfoils,"The micro-topic tracks the evolution of turbine design, heavily focusing on aerodynamic optimization, transitioning from general CFD application to specific focus on VAWTs, and culminating in integrated urban deployment strategies.",2003,0,19586,0.0,0,18,0.0,116,118,1,corporate_T1_PG03,HCF Capability and Renewable Profitability Trajectory,0.5395153760910034,academic_T1::academic_T1_S063
T1,Clean energy transition,academic,academic_T1,academic_T1_S063,25,Turbine Aerodynamics and Design Evolution (HAWT/VAWT),63_turbines_vawt_vawts_airfoils,"The micro-topic tracks the evolution of turbine design, heavily focusing on aerodynamic optimization, transitioning from general CFD application to specific focus on VAWTs, and culminating in integrated urban deployment strategies.",2004,0,19586,0.0,0,24,0.0,116,118,1,corporate_T1_PG03,HCF Capability and Renewable Profitability Trajectory,0.5395153760910034,academic_T1::academic_T1_S063
T1,Clean energy transition,academic,academic_T1,academic_T1_S063,25,Turbine Aerodynamics and Design Evolution (HAWT/VAWT),63_turbines_vawt_vawts_airfoils,"The micro-topic tracks the evolution of turbine design, heavily focusing on aerodynamic optimization, transitioning from general CFD application to specific focus on VAWTs, and culminating in integrated urban deployment strategies.",2005,0,19586,0.0,0,38,0.0,116,118,1,corporate_T1_PG03,HCF Capability and Renewable Profitability Trajectory,0.5395153760910034,academic_T1::academic_T1_S063
T1,Clean energy transition,academic,academic_T1,academic_T1_S063,25,Turbine Aerodynamics and Design Evolution (HAWT/VAWT),63_turbines_vawt_vawts_airfoils,"The micro-topic tracks the evolution of turbine design, heavily focusing on aerodynamic optimization, transitioning from general CFD application to specific focus on VAWTs, and culminating in integrated urban deployment strategies.",2006,0,19586,0.0,0,50,0.0,116,118,1,corporate_T1_PG03,HCF Capability and Renewable Profitability Trajectory,0.5395153760910034,academic_T1::academic_T1_S063
T1,Clean energy transition,academic,academic_T1,academic_T1_S063,25,Turbine Aerodynamics and Design Evolution (HAWT/VAWT),63_turbines_vawt_vawts_airfoils,"The micro-topic tracks the evolution of turbine design, heavily focusing on aerodynamic optimization, transitioning from general CFD application to specific focus on VAWTs, and culminating in integrated urban deployment strategies.",2007,0,19586,0.0,0,50,0.0,116,118,1,corporate_T1_PG03,HCF Capability and Renewable Profitability Trajectory,0.5395153760910034,academic_T1::academic_T1_S063
T1,Clean energy transition,academic,academic_T1,academic_T1_S063,25,Turbine Aerodynamics and Design Evolution (HAWT/VAWT),63_turbines_vawt_vawts_airfoils,"The micro-topic tracks the evolution of turbine design, heavily focusing on aerodynamic optimization, transitioning from general CFD application to specific focus on VAWTs, and culminating in integrated urban deployment strategies.",2008,0,19586,0.0,0,75,0.0,116,118,1,corporate_T1_PG03,HCF Capability and Renewable Profitability Trajectory,0.5395153760910034,academic_T1::academic_T1_S063
T1,Clean energy transition,academic,academic_T1,academic_T1_S063,25,Turbine Aerodynamics and Design Evolution (HAWT/VAWT),63_turbines_vawt_vawts_airfoils,"The micro-topic tracks the evolution of turbine design, heavily focusing on aerodynamic optimization, transitioning from general CFD application to specific focus on VAWTs, and culminating in integrated urban deployment strategies.",2009,0,19586,0.0,0,73,0.0,116,118,1,corporate_T1_PG03,HCF Capability and Renewable Profitability Trajectory,0.5395153760910034,academic_T1::academic_T1_S063
T1,Clean energy transition,academic,academic_T1,academic_T1_S063,25,Turbine Aerodynamics and Design Evolution (HAWT/VAWT),63_turbines_vawt_vawts_airfoils,"The micro-topic tracks the evolution of turbine design, heavily focusing on aerodynamic optimization, transitioning from general CFD application to specific focus on VAWTs, and culminating in integrated urban deployment strategies.",2010,0,19586,0.0,0,119,0.0,116,118,1,corporate_T1_PG03,HCF Capability and Renewable Profitability Trajectory,0.5395153760910034,academic_T1::academic_T1_S063
T1,Clean energy transition,academic,academic_T1,academic_T1_S063,25,Turbine Aerodynamics and Design Evolution (HAWT/VAWT),63_turbines_vawt_vawts_airfoils,"The micro-topic tracks the evolution of turbine design, heavily focusing on aerodynamic optimization, transitioning from general CFD application to specific focus on VAWTs, and culminating in integrated urban deployment strategies.",2011,0,19586,0.0,0,136,0.0,116,118,1,corporate_T1_PG03,HCF Capability and Renewable Profitability Trajectory,0.5395153760910034,academic_T1::academic_T1_S063
T1,Clean energy transition,academic,academic_T1,academic_T1_S063,25,Turbine Aerodynamics and Design Evolution (HAWT/VAWT),63_turbines_vawt_vawts_airfoils,"The micro-topic tracks the evolution of turbine design, heavily focusing on aerodynamic optimization, transitioning from general CFD application to specific focus on VAWTs, and culminating in integrated urban deployment strategies.",2012,3,19586,0.0001531706320841,3,181,0.0165745856353591,116,118,1,corporate_T1_PG03,HCF Capability and Renewable Profitability Trajectory,0.5395153760910034,academic_T1::academic_T1_S063
T1,Clean energy transition,academic,academic_T1,academic_T1_S063,25,Turbine Aerodynamics and Design Evolution (HAWT/VAWT),63_turbines_vawt_vawts_airfoils,"The micro-topic tracks the evolution of turbine design, heavily focusing on aerodynamic optimization, transitioning from general CFD application to specific focus on VAWTs, and culminating in integrated urban deployment strategies.",2013,3,19586,0.0001531706320841,3,215,0.013953488372093,116,118,1,corporate_T1_PG03,HCF Capability and Renewable Profitability Trajectory,0.5395153760910034,academic_T1::academic_T1_S063
T1,Clean energy transition,academic,academic_T1,academic_T1_S063,25,Turbine Aerodynamics and Design Evolution (HAWT/VAWT),63_turbines_vawt_vawts_airfoils,"The micro-topic tracks the evolution of turbine design, heavily focusing on aerodynamic optimization, transitioning from general CFD application to specific focus on VAWTs, and culminating in integrated urban deployment strategies.",2014,1,19586,5.1056877361380575e-05,1,272,0.0036764705882352,116,118,1,corporate_T1_PG03,HCF Capability and Renewable Profitability Trajectory,0.5395153760910034,academic_T1::academic_T1_S063
T1,Clean energy transition,academic,academic_T1,academic_T1_S063,25,Turbine Aerodynamics and Design Evolution (HAWT/VAWT),63_turbines_vawt_vawts_airfoils,"The micro-topic tracks the evolution of turbine design, heavily focusing on aerodynamic optimization, transitioning from general CFD application to specific focus on VAWTs, and culminating in integrated urban deployment strategies.",2015,1,19586,5.1056877361380575e-05,1,357,0.0028011204481792,116,118,1,corporate_T1_PG03,HCF Capability and Renewable Profitability Trajectory,0.5395153760910034,academic_T1::academic_T1_S063
T1,Clean energy transition,academic,academic_T1,academic_T1_S063,25,Turbine Aerodynamics and Design Evolution (HAWT/VAWT),63_turbines_vawt_vawts_airfoils,"The micro-topic tracks the evolution of turbine design, heavily focusing on aerodynamic optimization, transitioning from general CFD application to specific focus on VAWTs, and culminating in integrated urban deployment strategies.",2016,0,19586,0.0,0,372,0.0,116,118,1,corporate_T1_PG03,HCF Capability and Renewable Profitability Trajectory,0.5395153760910034,academic_T1::academic_T1_S063
T1,Clean energy transition,academic,academic_T1,academic_T1_S063,25,Turbine Aerodynamics and Design Evolution (HAWT/VAWT),63_turbines_vawt_vawts_airfoils,"The micro-topic tracks the evolution of turbine design, heavily focusing on aerodynamic optimization, transitioning from general CFD application to specific focus on VAWTs, and culminating in integrated urban deployment strategies.",2017,1,19586,5.1056877361380575e-05,1,441,0.0022675736961451,116,118,1,corporate_T1_PG03,HCF Capability and Renewable Profitability Trajectory,0.5395153760910034,academic_T1::academic_T1_S063
T1,Clean energy transition,academic,academic_T1,academic_T1_S063,25,Turbine Aerodynamics and Design Evolution (HAWT/VAWT),63_turbines_vawt_vawts_airfoils,"The micro-topic tracks the evolution of turbine design, heavily focusing on aerodynamic optimization, transitioning from general CFD application to specific focus on VAWTs, and culminating in integrated urban deployment strategies.",2018,3,19586,0.0001531706320841,3,870,0.0034482758620689,116,118,1,corporate_T1_PG03,HCF Capability and Renewable Profitability Trajectory,0.5395153760910034,academic_T1::academic_T1_S063
T1,Clean energy transition,academic,academic_T1,academic_T1_S063,25,Turbine Aerodynamics and Design Evolution (HAWT/VAWT),63_turbines_vawt_vawts_airfoils,"The micro-topic tracks the evolution of turbine design, heavily focusing on aerodynamic optimization, transitioning from general CFD application to specific focus on VAWTs, and culminating in integrated urban deployment strategies.",2019,4,19586,0.0002042275094455,4,1308,0.0030581039755351,116,118,1,corporate_T1_PG03,HCF Capability and Renewable Profitability Trajectory,0.5395153760910034,academic_T1::academic_T1_S063
T1,Clean energy transition,academic,academic_T1,academic_T1_S063,25,Turbine Aerodynamics and Design Evolution (HAWT/VAWT),63_turbines_vawt_vawts_airfoils,"The micro-topic tracks the evolution of turbine design, heavily focusing on aerodynamic optimization, transitioning from general CFD application to specific focus on VAWTs, and culminating in integrated urban deployment strategies.",2020,11,19586,0.0005616256509751,11,1524,0.0072178477690288,116,118,1,corporate_T1_PG03,HCF Capability and Renewable Profitability Trajectory,0.5395153760910034,academic_T1::academic_T1_S063
T1,Clean energy transition,academic,academic_T1,academic_T1_S063,25,Turbine Aerodynamics and Design Evolution (HAWT/VAWT),63_turbines_vawt_vawts_airfoils,"The micro-topic tracks the evolution of turbine design, heavily focusing on aerodynamic optimization, transitioning from general CFD application to specific focus on VAWTs, and culminating in integrated urban deployment strategies.",2021,8,19586,0.000408455018891,6,1700,0.0035294117647058,116,118,1,corporate_T1_PG03,HCF Capability and Renewable Profitability Trajectory,0.5395153760910034,academic_T1::academic_T1_S063
T1,Clean energy transition,academic,academic_T1,academic_T1_S063,25,Turbine Aerodynamics and Design Evolution (HAWT/VAWT),63_turbines_vawt_vawts_airfoils,"The micro-topic tracks the evolution of turbine design, heavily focusing on aerodynamic optimization, transitioning from general CFD application to specific focus on VAWTs, and culminating in integrated urban deployment strategies.",2022,9,19586,0.0004595118962524,9,2007,0.0044843049327354,116,118,1,corporate_T1_PG03,HCF Capability and Renewable Profitability Trajectory,0.5395153760910034,academic_T1::academic_T1_S063
T1,Clean energy transition,academic,academic_T1,academic_T1_S063,25,Turbine Aerodynamics and Design Evolution (HAWT/VAWT),63_turbines_vawt_vawts_airfoils,"The micro-topic tracks the evolution of turbine design, heavily focusing on aerodynamic optimization, transitioning from general CFD application to specific focus on VAWTs, and culminating in integrated urban deployment strategies.",2023,13,19586,0.0006637394056979,13,3278,0.0039658328248932,116,118,1,corporate_T1_PG03,HCF Capability and Renewable Profitability Trajectory,0.5395153760910034,academic_T1::academic_T1_S063
T1,Clean energy transition,academic,academic_T1,academic_T1_S063,25,Turbine Aerodynamics and Design Evolution (HAWT/VAWT),63_turbines_vawt_vawts_airfoils,"The micro-topic tracks the evolution of turbine design, heavily focusing on aerodynamic optimization, transitioning from general CFD application to specific focus on VAWTs, and culminating in integrated urban deployment strategies.",2024,35,19586,0.0017869907076483,35,6026,0.00580816461998,116,118,1,corporate_T1_PG03,HCF Capability and Renewable Profitability Trajectory,0.5395153760910034,academic_T1::academic_T1_S063
T1,Clean energy transition,academic,academic_T1,academic_T1_S063,25,Turbine Aerodynamics and Design Evolution (HAWT/VAWT),63_turbines_vawt_vawts_airfoils,"The micro-topic tracks the evolution of turbine design, heavily focusing on aerodynamic optimization, transitioning from general CFD application to specific focus on VAWTs, and culminating in integrated urban deployment strategies.",2025,26,19586,0.0013274788113958,26,2759,0.0094237042406669,116,118,1,corporate_T1_PG03,HCF Capability and Renewable Profitability Trajectory,0.5395153760910034,academic_T1::academic_T1_S063
T2,Operational sustainability and circular production,academic,academic_T2,academic_T2_PG03,3,Circularity and Sustainable Resource Management in Industrial Contexts,3_circularity_ukraine_circular_ukrainian,"The micro-topic traces the evolution of circularity concepts from highly technical process optimization (steel, energy) through various material streams (e-waste, mining) to a strong focus on geopolitical application in Ukraine's energy transition.",2000,3,12332,0.0002432695426532,3,23,0.1304347826086956,3472,3622,20,corporate_T2_PG01,"Leaching, Mining, and Processing Lifecycle",0.6105185151100159,academic_T2::academic_T2_PG03
T2,Operational sustainability and circular production,academic,academic_T2,academic_T2_PG03,3,Circularity and Sustainable Resource Management in Industrial Contexts,3_circularity_ukraine_circular_ukrainian,"The micro-topic traces the evolution of circularity concepts from highly technical process optimization (steel, energy) through various material streams (e-waste, mining) to a strong focus on geopolitical application in Ukraine's energy transition.",2001,4,12332,0.0003243593902043,4,31,0.1290322580645161,3472,3622,20,corporate_T2_PG01,"Leaching, Mining, and Processing Lifecycle",0.6105185151100159,academic_T2::academic_T2_PG03
T2,Operational sustainability and circular production,academic,academic_T2,academic_T2_PG03,3,Circularity and Sustainable Resource Management in Industrial Contexts,3_circularity_ukraine_circular_ukrainian,"The micro-topic traces the evolution of circularity concepts from highly technical process optimization (steel, energy) through various material streams (e-waste, mining) to a strong focus on geopolitical application in Ukraine's energy transition.",2002,11,12332,0.0008919883230619,9,39,0.2307692307692307,3472,3622,20,corporate_T2_PG01,"Leaching, Mining, and Processing Lifecycle",0.6105185151100159,academic_T2::academic_T2_PG03
T2,Operational sustainability and circular production,academic,academic_T2,academic_T2_PG03,3,Circularity and Sustainable Resource Management in Industrial Contexts,3_circularity_ukraine_circular_ukrainian,"The micro-topic traces the evolution of circularity concepts from highly technical process optimization (steel, energy) through various material streams (e-waste, mining) to a strong focus on geopolitical application in Ukraine's energy transition.",2003,11,12332,0.0008919883230619,10,48,0.2083333333333333,3472,3622,20,corporate_T2_PG01,"Leaching, Mining, and Processing Lifecycle",0.6105185151100159,academic_T2::academic_T2_PG03
T2,Operational sustainability and circular production,academic,academic_T2,academic_T2_PG03,3,Circularity and Sustainable Resource Management in Industrial Contexts,3_circularity_ukraine_circular_ukrainian,"The micro-topic traces the evolution of circularity concepts from highly technical process optimization (steel, energy) through various material streams (e-waste, mining) to a strong focus on geopolitical application in Ukraine's energy transition.",2004,13,12332,0.0010541680181641,11,55,0.2,3472,3622,20,corporate_T2_PG01,"Leaching, Mining, and Processing Lifecycle",0.6105185151100159,academic_T2::academic_T2_PG03
T2,Operational sustainability and circular production,academic,academic_T2,academic_T2_PG03,3,Circularity and Sustainable Resource Management in Industrial Contexts,3_circularity_ukraine_circular_ukrainian,"The micro-topic traces the evolution of circularity concepts from highly technical process optimization (steel, energy) through various material streams (e-waste, mining) to a strong focus on geopolitical application in Ukraine's energy transition.",2005,6,12332,0.0004865390853065,6,48,0.125,3472,3622,20,corporate_T2_PG01,"Leaching, Mining, and Processing Lifecycle",0.6105185151100159,academic_T2::academic_T2_PG03
T2,Operational sustainability and circular production,academic,academic_T2,academic_T2_PG03,3,Circularity and Sustainable Resource Management in Industrial Contexts,3_circularity_ukraine_circular_ukrainian,"The micro-topic traces the evolution of circularity concepts from highly technical process optimization (steel, energy) through various material streams (e-waste, mining) to a strong focus on geopolitical application in Ukraine's energy transition.",2006,7,12332,0.0005676289328576,5,62,0.0806451612903225,3472,3622,20,corporate_T2_PG01,"Leaching, Mining, and Processing Lifecycle",0.6105185151100159,academic_T2::academic_T2_PG03
T2,Operational sustainability and circular production,academic,academic_T2,academic_T2_PG03,3,Circularity and Sustainable Resource Management in Industrial Contexts,3_circularity_ukraine_circular_ukrainian,"The micro-topic traces the evolution of circularity concepts from highly technical process optimization (steel, energy) through various material streams (e-waste, mining) to a strong focus on geopolitical application in Ukraine's energy transition.",2007,13,12332,0.0010541680181641,13,74,0.1756756756756756,3472,3622,20,corporate_T2_PG01,"Leaching, Mining, and Processing Lifecycle",0.6105185151100159,academic_T2::academic_T2_PG03
T2,Operational sustainability and circular production,academic,academic_T2,academic_T2_PG03,3,Circularity and Sustainable Resource Management in Industrial Contexts,3_circularity_ukraine_circular_ukrainian,"The micro-topic traces the evolution of circularity concepts from highly technical process optimization (steel, energy) through various material streams (e-waste, mining) to a strong focus on geopolitical application in Ukraine's energy transition.",2008,20,12332,0.0016217969510217,20,96,0.2083333333333333,3472,3622,20,corporate_T2_PG01,"Leaching, Mining, and Processing Lifecycle",0.6105185151100159,academic_T2::academic_T2_PG03
T2,Operational sustainability and circular production,academic,academic_T2,academic_T2_PG03,3,Circularity and Sustainable Resource Management in Industrial Contexts,3_circularity_ukraine_circular_ukrainian,"The micro-topic traces the evolution of circularity concepts from highly technical process optimization (steel, energy) through various material streams (e-waste, mining) to a strong focus on geopolitical application in Ukraine's energy transition.",2009,9,12332,0.0007298086279597,9,92,0.0978260869565217,3472,3622,20,corporate_T2_PG01,"Leaching, Mining, and Processing Lifecycle",0.6105185151100159,academic_T2::academic_T2_PG03
T2,Operational sustainability and circular production,academic,academic_T2,academic_T2_PG03,3,Circularity and Sustainable Resource Management in Industrial Contexts,3_circularity_ukraine_circular_ukrainian,"The micro-topic traces the evolution of circularity concepts from highly technical process optimization (steel, energy) through various material streams (e-waste, mining) to a strong focus on geopolitical application in Ukraine's energy transition.",2010,21,12332,0.0017028867985728,20,126,0.1587301587301587,3472,3622,20,corporate_T2_PG01,"Leaching, Mining, and Processing Lifecycle",0.6105185151100159,academic_T2::academic_T2_PG03
T2,Operational sustainability and circular production,academic,academic_T2,academic_T2_PG03,3,Circularity and Sustainable Resource Management in Industrial Contexts,3_circularity_ukraine_circular_ukrainian,"The micro-topic traces the evolution of circularity concepts from highly technical process optimization (steel, energy) through various material streams (e-waste, mining) to a strong focus on geopolitical application in Ukraine's energy transition.",2011,19,12332,0.0015407071034706,19,135,0.1407407407407407,3472,3622,20,corporate_T2_PG01,"Leaching, Mining, and Processing Lifecycle",0.6105185151100159,academic_T2::academic_T2_PG03
T2,Operational sustainability and circular production,academic,academic_T2,academic_T2_PG03,3,Circularity and Sustainable Resource Management in Industrial Contexts,3_circularity_ukraine_circular_ukrainian,"The micro-topic traces the evolution of circularity concepts from highly technical process optimization (steel, energy) through various material streams (e-waste, mining) to a strong focus on geopolitical application in Ukraine's energy transition.",2012,30,12332,0.0024326954265325,29,193,0.1502590673575129,3472,3622,20,corporate_T2_PG01,"Leaching, Mining, and Processing Lifecycle",0.6105185151100159,academic_T2::academic_T2_PG03
T2,Operational sustainability and circular production,academic,academic_T2,academic_T2_PG03,3,Circularity and Sustainable Resource Management in Industrial Contexts,3_circularity_ukraine_circular_ukrainian,"The micro-topic traces the evolution of circularity concepts from highly technical process optimization (steel, energy) through various material streams (e-waste, mining) to a strong focus on geopolitical application in Ukraine's energy transition.",2013,44,12332,0.0035679532922478,41,228,0.1798245614035087,3472,3622,20,corporate_T2_PG01,"Leaching, Mining, and Processing Lifecycle",0.6105185151100159,academic_T2::academic_T2_PG03
T2,Operational sustainability and circular production,academic,academic_T2,academic_T2_PG03,3,Circularity and Sustainable Resource Management in Industrial Contexts,3_circularity_ukraine_circular_ukrainian,"The micro-topic traces the evolution of circularity concepts from highly technical process optimization (steel, energy) through various material streams (e-waste, mining) to a strong focus on geopolitical application in Ukraine's energy transition.",2014,27,12332,0.0021894258838793,26,253,0.1027667984189723,3472,3622,20,corporate_T2_PG01,"Leaching, Mining, and Processing Lifecycle",0.6105185151100159,academic_T2::academic_T2_PG03
T2,Operational sustainability and circular production,academic,academic_T2,academic_T2_PG03,3,Circularity and Sustainable Resource Management in Industrial Contexts,3_circularity_ukraine_circular_ukrainian,"The micro-topic traces the evolution of circularity concepts from highly technical process optimization (steel, energy) through various material streams (e-waste, mining) to a strong focus on geopolitical application in Ukraine's energy transition.",2015,48,12332,0.0038923126824521,46,290,0.1586206896551724,3472,3622,20,corporate_T2_PG01,"Leaching, Mining, and Processing Lifecycle",0.6105185151100159,academic_T2::academic_T2_PG03
T2,Operational sustainability and circular production,academic,academic_T2,academic_T2_PG03,3,Circularity and Sustainable Resource Management in Industrial Contexts,3_circularity_ukraine_circular_ukrainian,"The micro-topic traces the evolution of circularity concepts from highly technical process optimization (steel, energy) through various material streams (e-waste, mining) to a strong focus on geopolitical application in Ukraine's energy transition.",2016,69,12332,0.0055951994810249,68,331,0.2054380664652568,3472,3622,20,corporate_T2_PG01,"Leaching, Mining, and Processing Lifecycle",0.6105185151100159,academic_T2::academic_T2_PG03
T2,Operational sustainability and circular production,academic,academic_T2,academic_T2_PG03,3,Circularity and Sustainable Resource Management in Industrial Contexts,3_circularity_ukraine_circular_ukrainian,"The micro-topic traces the evolution of circularity concepts from highly technical process optimization (steel, energy) through various material streams (e-waste, mining) to a strong focus on geopolitical application in Ukraine's energy transition.",2017,80,12332,0.0064871878040869,78,411,0.1897810218978102,3472,3622,20,corporate_T2_PG01,"Leaching, Mining, and Processing Lifecycle",0.6105185151100159,academic_T2::academic_T2_PG03
T2,Operational sustainability and circular production,academic,academic_T2,academic_T2_PG03,3,Circularity and Sustainable Resource Management in Industrial Contexts,3_circularity_ukraine_circular_ukrainian,"The micro-topic traces the evolution of circularity concepts from highly technical process optimization (steel, energy) through various material streams (e-waste, mining) to a strong focus on geopolitical application in Ukraine's energy transition.",2018,115,12332,0.0093253324683749,113,664,0.1701807228915662,3472,3622,20,corporate_T2_PG01,"Leaching, Mining, and Processing Lifecycle",0.6105185151100159,academic_T2::academic_T2_PG03
T2,Operational sustainability and circular production,academic,academic_T2,academic_T2_PG03,3,Circularity and Sustainable Resource Management in Industrial Contexts,3_circularity_ukraine_circular_ukrainian,"The micro-topic traces the evolution of circularity concepts from highly technical process optimization (steel, energy) through various material streams (e-waste, mining) to a strong focus on geopolitical application in Ukraine's energy transition.",2019,216,12332,0.0175154070710347,208,1035,0.2009661835748792,3472,3622,20,corporate_T2_PG01,"Leaching, Mining, and Processing Lifecycle",0.6105185151100159,academic_T2::academic_T2_PG03
T2,Operational sustainability and circular production,academic,academic_T2,academic_T2_PG03,3,Circularity and Sustainable Resource Management in Industrial Contexts,3_circularity_ukraine_circular_ukrainian,"The micro-topic traces the evolution of circularity concepts from highly technical process optimization (steel, energy) through various material streams (e-waste, mining) to a strong focus on geopolitical application in Ukraine's energy transition.",2020,242,12332,0.0196237431073629,237,1211,0.1957060280759702,3472,3622,20,corporate_T2_PG01,"Leaching, Mining, and Processing Lifecycle",0.6105185151100159,academic_T2::academic_T2_PG03
T2,Operational sustainability and circular production,academic,academic_T2,academic_T2_PG03,3,Circularity and Sustainable Resource Management in Industrial Contexts,3_circularity_ukraine_circular_ukrainian,"The micro-topic traces the evolution of circularity concepts from highly technical process optimization (steel, energy) through various material streams (e-waste, mining) to a strong focus on geopolitical application in Ukraine's energy transition.",2021,360,12332,0.0291923451183911,347,1523,0.2278397898883782,3472,3622,20,corporate_T2_PG01,"Leaching, Mining, and Processing Lifecycle",0.6105185151100159,academic_T2::academic_T2_PG03
T2,Operational sustainability and circular production,academic,academic_T2,academic_T2_PG03,3,Circularity and Sustainable Resource Management in Industrial Contexts,3_circularity_ukraine_circular_ukrainian,"The micro-topic traces the evolution of circularity concepts from highly technical process optimization (steel, energy) through various material streams (e-waste, mining) to a strong focus on geopolitical application in Ukraine's energy transition.",2022,362,12332,0.0293545248134933,346,1672,0.2069377990430622,3472,3622,20,corporate_T2_PG01,"Leaching, Mining, and Processing Lifecycle",0.6105185151100159,academic_T2::academic_T2_PG03
T2,Operational sustainability and circular production,academic,academic_T2,academic_T2_PG03,3,Circularity and Sustainable Resource Management in Industrial Contexts,3_circularity_ukraine_circular_ukrainian,"The micro-topic traces the evolution of circularity concepts from highly technical process optimization (steel, energy) through various material streams (e-waste, mining) to a strong focus on geopolitical application in Ukraine's energy transition.",2023,562,12332,0.0455724943237106,533,2345,0.2272921108742004,3472,3622,20,corporate_T2_PG01,"Leaching, Mining, and Processing Lifecycle",0.6105185151100159,academic_T2::academic_T2_PG03
T2,Operational sustainability and circular production,academic,academic_T2,academic_T2_PG03,3,Circularity and Sustainable Resource Management in Industrial Contexts,3_circularity_ukraine_circular_ukrainian,"The micro-topic traces the evolution of circularity concepts from highly technical process optimization (steel, energy) through various material streams (e-waste, mining) to a strong focus on geopolitical application in Ukraine's energy transition.",2024,894,12332,0.0724943237106714,849,3810,0.2228346456692913,3472,3622,20,corporate_T2_PG01,"Leaching, Mining, and Processing Lifecycle",0.6105185151100159,academic_T2::academic_T2_PG03
T2,Operational sustainability and circular production,academic,academic_T2,academic_T2_PG03,3,Circularity and Sustainable Resource Management in Industrial Contexts,3_circularity_ukraine_circular_ukrainian,"The micro-topic traces the evolution of circularity concepts from highly technical process optimization (steel, energy) through various material streams (e-waste, mining) to a strong focus on geopolitical application in Ukraine's energy transition.",2025,436,12332,0.0353551735322737,422,1952,0.2161885245901639,3472,3622,20,corporate_T2_PG01,"Leaching, Mining, and Processing Lifecycle",0.6105185151100159,academic_T2::academic_T2_PG03
T2,Operational sustainability and circular production,academic,academic_T2,academic_T2_PG02,1,Circular Economy Adoption in Construction Waste Management,1_reuse_ce_stakeholders_stakeholder,"The micro-topic traces the evolution of concerns regarding material reuse and circularity within the construction sector, moving from early process-focused waste management challenges to highly formalized, systemic adoption of Circular Economy (CE) principles involving diverse stakeholders.",2000,0,12332,0.0,0,23,0.0,1926,2000,7,corporate_T2_PG01,"Leaching, Mining, and Processing Lifecycle",0.6054240465164185,academic_T2::academic_T2_PG02
T2,Operational sustainability and circular production,academic,academic_T2,academic_T2_PG02,1,Circular Economy Adoption in Construction Waste Management,1_reuse_ce_stakeholders_stakeholder,"The micro-topic traces the evolution of concerns regarding material reuse and circularity within the construction sector, moving from early process-focused waste management challenges to highly formalized, systemic adoption of Circular Economy (CE) principles involving diverse stakeholders.",2001,4,12332,0.0003243593902043,4,31,0.1290322580645161,1926,2000,7,corporate_T2_PG01,"Leaching, Mining, and Processing Lifecycle",0.6054240465164185,academic_T2::academic_T2_PG02
T2,Operational sustainability and circular production,academic,academic_T2,academic_T2_PG02,1,Circular Economy Adoption in Construction Waste Management,1_reuse_ce_stakeholders_stakeholder,"The micro-topic traces the evolution of concerns regarding material reuse and circularity within the construction sector, moving from early process-focused waste management challenges to highly formalized, systemic adoption of Circular Economy (CE) principles involving diverse stakeholders.",2002,0,12332,0.0,0,39,0.0,1926,2000,7,corporate_T2_PG01,"Leaching, Mining, and Processing Lifecycle",0.6054240465164185,academic_T2::academic_T2_PG02
T2,Operational sustainability and circular production,academic,academic_T2,academic_T2_PG02,1,Circular Economy Adoption in Construction Waste Management,1_reuse_ce_stakeholders_stakeholder,"The micro-topic traces the evolution of concerns regarding material reuse and circularity within the construction sector, moving from early process-focused waste management challenges to highly formalized, systemic adoption of Circular Economy (CE) principles involving diverse stakeholders.",2003,3,12332,0.0002432695426532,3,48,0.0625,1926,2000,7,corporate_T2_PG01,"Leaching, Mining, and Processing Lifecycle",0.6054240465164185,academic_T2::academic_T2_PG02
T2,Operational sustainability and circular production,academic,academic_T2,academic_T2_PG02,1,Circular Economy Adoption in Construction Waste Management,1_reuse_ce_stakeholders_stakeholder,"The micro-topic traces the evolution of concerns regarding material reuse and circularity within the construction sector, moving from early process-focused waste management challenges to highly formalized, systemic adoption of Circular Economy (CE) principles involving diverse stakeholders.",2004,3,12332,0.0002432695426532,3,55,0.0545454545454545,1926,2000,7,corporate_T2_PG01,"Leaching, Mining, and Processing Lifecycle",0.6054240465164185,academic_T2::academic_T2_PG02
T2,Operational sustainability and circular production,academic,academic_T2,academic_T2_PG02,1,Circular Economy Adoption in Construction Waste Management,1_reuse_ce_stakeholders_stakeholder,"The micro-topic traces the evolution of concerns regarding material reuse and circularity within the construction sector, moving from early process-focused waste management challenges to highly formalized, systemic adoption of Circular Economy (CE) principles involving diverse stakeholders.",2005,2,12332,0.0001621796951021,2,48,0.0416666666666666,1926,2000,7,corporate_T2_PG01,"Leaching, Mining, and Processing Lifecycle",0.6054240465164185,academic_T2::academic_T2_PG02
T2,Operational sustainability and circular production,academic,academic_T2,academic_T2_PG02,1,Circular Economy Adoption in Construction Waste Management,1_reuse_ce_stakeholders_stakeholder,"The micro-topic traces the evolution of concerns regarding material reuse and circularity within the construction sector, moving from early process-focused waste management challenges to highly formalized, systemic adoption of Circular Economy (CE) principles involving diverse stakeholders.",2006,7,12332,0.0005676289328576,7,62,0.1129032258064516,1926,2000,7,corporate_T2_PG01,"Leaching, Mining, and Processing Lifecycle",0.6054240465164185,academic_T2::academic_T2_PG02
T2,Operational sustainability and circular production,academic,academic_T2,academic_T2_PG02,1,Circular Economy Adoption in Construction Waste Management,1_reuse_ce_stakeholders_stakeholder,"The micro-topic traces the evolution of concerns regarding material reuse and circularity within the construction sector, moving from early process-focused waste management challenges to highly formalized, systemic adoption of Circular Economy (CE) principles involving diverse stakeholders.",2007,5,12332,0.0004054492377554,5,74,0.0675675675675675,1926,2000,7,corporate_T2_PG01,"Leaching, Mining, and Processing Lifecycle",0.6054240465164185,academic_T2::academic_T2_PG02
T2,Operational sustainability and circular production,academic,academic_T2,academic_T2_PG02,1,Circular Economy Adoption in Construction Waste Management,1_reuse_ce_stakeholders_stakeholder,"The micro-topic traces the evolution of concerns regarding material reuse and circularity within the construction sector, moving from early process-focused waste management challenges to highly formalized, systemic adoption of Circular Economy (CE) principles involving diverse stakeholders.",2008,7,12332,0.0005676289328576,7,96,0.0729166666666666,1926,2000,7,corporate_T2_PG01,"Leaching, Mining, and Processing Lifecycle",0.6054240465164185,academic_T2::academic_T2_PG02
T2,Operational sustainability and circular production,academic,academic_T2,academic_T2_PG02,1,Circular Economy Adoption in Construction Waste Management,1_reuse_ce_stakeholders_stakeholder,"The micro-topic traces the evolution of concerns regarding material reuse and circularity within the construction sector, moving from early process-focused waste management challenges to highly formalized, systemic adoption of Circular Economy (CE) principles involving diverse stakeholders.",2009,6,12332,0.0004865390853065,5,92,0.0543478260869565,1926,2000,7,corporate_T2_PG01,"Leaching, Mining, and Processing Lifecycle",0.6054240465164185,academic_T2::academic_T2_PG02
T2,Operational sustainability and circular production,academic,academic_T2,academic_T2_PG02,1,Circular Economy Adoption in Construction Waste Management,1_reuse_ce_stakeholders_stakeholder,"The micro-topic traces the evolution of concerns regarding material reuse and circularity within the construction sector, moving from early process-focused waste management challenges to highly formalized, systemic adoption of Circular Economy (CE) principles involving diverse stakeholders.",2010,9,12332,0.0007298086279597,9,126,0.0714285714285714,1926,2000,7,corporate_T2_PG01,"Leaching, Mining, and Processing Lifecycle",0.6054240465164185,academic_T2::academic_T2_PG02
T2,Operational sustainability and circular production,academic,academic_T2,academic_T2_PG02,1,Circular Economy Adoption in Construction Waste Management,1_reuse_ce_stakeholders_stakeholder,"The micro-topic traces the evolution of concerns regarding material reuse and circularity within the construction sector, moving from early process-focused waste management challenges to highly formalized, systemic adoption of Circular Economy (CE) principles involving diverse stakeholders.",2011,11,12332,0.0008919883230619,11,135,0.0814814814814814,1926,2000,7,corporate_T2_PG01,"Leaching, Mining, and Processing Lifecycle",0.6054240465164185,academic_T2::academic_T2_PG02
T2,Operational sustainability and circular production,academic,academic_T2,academic_T2_PG02,1,Circular Economy Adoption in Construction Waste Management,1_reuse_ce_stakeholders_stakeholder,"The micro-topic traces the evolution of concerns regarding material reuse and circularity within the construction sector, moving from early process-focused waste management challenges to highly formalized, systemic adoption of Circular Economy (CE) principles involving diverse stakeholders.",2012,15,12332,0.0012163477132662,14,193,0.0725388601036269,1926,2000,7,corporate_T2_PG01,"Leaching, Mining, and Processing Lifecycle",0.6054240465164185,academic_T2::academic_T2_PG02
T2,Operational sustainability and circular production,academic,academic_T2,academic_T2_PG02,1,Circular Economy Adoption in Construction Waste Management,1_reuse_ce_stakeholders_stakeholder,"The micro-topic traces the evolution of concerns regarding material reuse and circularity within the construction sector, moving from early process-focused waste management challenges to highly formalized, systemic adoption of Circular Economy (CE) principles involving diverse stakeholders.",2013,15,12332,0.0012163477132662,15,228,0.0657894736842105,1926,2000,7,corporate_T2_PG01,"Leaching, Mining, and Processing Lifecycle",0.6054240465164185,academic_T2::academic_T2_PG02
T2,Operational sustainability and circular production,academic,academic_T2,academic_T2_PG02,1,Circular Economy Adoption in Construction Waste Management,1_reuse_ce_stakeholders_stakeholder,"The micro-topic traces the evolution of concerns regarding material reuse and circularity within the construction sector, moving from early process-focused waste management challenges to highly formalized, systemic adoption of Circular Economy (CE) principles involving diverse stakeholders.",2014,17,12332,0.0013785274083684,16,253,0.0632411067193675,1926,2000,7,corporate_T2_PG01,"Leaching, Mining, and Processing Lifecycle",0.6054240465164185,academic_T2::academic_T2_PG02
T2,Operational sustainability and circular production,academic,academic_T2,academic_T2_PG02,1,Circular Economy Adoption in Construction Waste Management,1_reuse_ce_stakeholders_stakeholder,"The micro-topic traces the evolution of concerns regarding material reuse and circularity within the construction sector, moving from early process-focused waste management challenges to highly formalized, systemic adoption of Circular Economy (CE) principles involving diverse stakeholders.",2015,20,12332,0.0016217969510217,20,290,0.0689655172413793,1926,2000,7,corporate_T2_PG01,"Leaching, Mining, and Processing Lifecycle",0.6054240465164185,academic_T2::academic_T2_PG02
T2,Operational sustainability and circular production,academic,academic_T2,academic_T2_PG02,1,Circular Economy Adoption in Construction Waste Management,1_reuse_ce_stakeholders_stakeholder,"The micro-topic traces the evolution of concerns regarding material reuse and circularity within the construction sector, moving from early process-focused waste management challenges to highly formalized, systemic adoption of Circular Economy (CE) principles involving diverse stakeholders.",2016,24,12332,0.001946156341226,23,331,0.0694864048338368,1926,2000,7,corporate_T2_PG01,"Leaching, Mining, and Processing Lifecycle",0.6054240465164185,academic_T2::academic_T2_PG02
T2,Operational sustainability and circular production,academic,academic_T2,academic_T2_PG02,1,Circular Economy Adoption in Construction Waste Management,1_reuse_ce_stakeholders_stakeholder,"The micro-topic traces the evolution of concerns regarding material reuse and circularity within the construction sector, moving from early process-focused waste management challenges to highly formalized, systemic adoption of Circular Economy (CE) principles involving diverse stakeholders.",2017,35,12332,0.002838144664288,35,411,0.0851581508515815,1926,2000,7,corporate_T2_PG01,"Leaching, Mining, and Processing Lifecycle",0.6054240465164185,academic_T2::academic_T2_PG02
T2,Operational sustainability and circular production,academic,academic_T2,academic_T2_PG02,1,Circular Economy Adoption in Construction Waste Management,1_reuse_ce_stakeholders_stakeholder,"The micro-topic traces the evolution of concerns regarding material reuse and circularity within the construction sector, moving from early process-focused waste management challenges to highly formalized, systemic adoption of Circular Economy (CE) principles involving diverse stakeholders.",2018,65,12332,0.0052708400908206,62,664,0.0933734939759036,1926,2000,7,corporate_T2_PG01,"Leaching, Mining, and Processing Lifecycle",0.6054240465164185,academic_T2::academic_T2_PG02
T2,Operational sustainability and circular production,academic,academic_T2,academic_T2_PG02,1,Circular Economy Adoption in Construction Waste Management,1_reuse_ce_stakeholders_stakeholder,"The micro-topic traces the evolution of concerns regarding material reuse and circularity within the construction sector, moving from early process-focused waste management challenges to highly formalized, systemic adoption of Circular Economy (CE) principles involving diverse stakeholders.",2019,128,12332,0.010379500486539,118,1035,0.1140096618357487,1926,2000,7,corporate_T2_PG01,"Leaching, Mining, and Processing Lifecycle",0.6054240465164185,academic_T2::academic_T2_PG02
T2,Operational sustainability and circular production,academic,academic_T2,academic_T2_PG02,1,Circular Economy Adoption in Construction Waste Management,1_reuse_ce_stakeholders_stakeholder,"The micro-topic traces the evolution of concerns regarding material reuse and circularity within the construction sector, moving from early process-focused waste management challenges to highly formalized, systemic adoption of Circular Economy (CE) principles involving diverse stakeholders.",2020,133,12332,0.0107849497242945,122,1211,0.1007431874483897,1926,2000,7,corporate_T2_PG01,"Leaching, Mining, and Processing Lifecycle",0.6054240465164185,academic_T2::academic_T2_PG02
T2,Operational sustainability and circular production,academic,academic_T2,academic_T2_PG02,1,Circular Economy Adoption in Construction Waste Management,1_reuse_ce_stakeholders_stakeholder,"The micro-topic traces the evolution of concerns regarding material reuse and circularity within the construction sector, moving from early process-focused waste management challenges to highly formalized, systemic adoption of Circular Economy (CE) principles involving diverse stakeholders.",2021,203,12332,0.0164612390528705,188,1523,0.1234405778069599,1926,2000,7,corporate_T2_PG01,"Leaching, Mining, and Processing Lifecycle",0.6054240465164185,academic_T2::academic_T2_PG02
T2,Operational sustainability and circular production,academic,academic_T2,academic_T2_PG02,1,Circular Economy Adoption in Construction Waste Management,1_reuse_ce_stakeholders_stakeholder,"The micro-topic traces the evolution of concerns regarding material reuse and circularity within the construction sector, moving from early process-focused waste management challenges to highly formalized, systemic adoption of Circular Economy (CE) principles involving diverse stakeholders.",2022,231,12332,0.018731754784301,223,1672,0.1333732057416267,1926,2000,7,corporate_T2_PG01,"Leaching, Mining, and Processing Lifecycle",0.6054240465164185,academic_T2::academic_T2_PG02
T2,Operational sustainability and circular production,academic,academic_T2,academic_T2_PG02,1,Circular Economy Adoption in Construction Waste Management,1_reuse_ce_stakeholders_stakeholder,"The micro-topic traces the evolution of concerns regarding material reuse and circularity within the construction sector, moving from early process-focused waste management challenges to highly formalized, systemic adoption of Circular Economy (CE) principles involving diverse stakeholders.",2023,287,12332,0.0232727862471618,283,2345,0.120682302771855,1926,2000,7,corporate_T2_PG01,"Leaching, Mining, and Processing Lifecycle",0.6054240465164185,academic_T2::academic_T2_PG02
T2,Operational sustainability and circular production,academic,academic_T2,academic_T2_PG02,1,Circular Economy Adoption in Construction Waste Management,1_reuse_ce_stakeholders_stakeholder,"The micro-topic traces the evolution of concerns regarding material reuse and circularity within the construction sector, moving from early process-focused waste management challenges to highly formalized, systemic adoption of Circular Economy (CE) principles involving diverse stakeholders.",2024,509,12332,0.041274732403503,494,3810,0.1296587926509186,1926,2000,7,corporate_T2_PG01,"Leaching, Mining, and Processing Lifecycle",0.6054240465164185,academic_T2::academic_T2_PG02
T2,Operational sustainability and circular production,academic,academic_T2,academic_T2_PG02,1,Circular Economy Adoption in Construction Waste Management,1_reuse_ce_stakeholders_stakeholder,"The micro-topic traces the evolution of concerns regarding material reuse and circularity within the construction sector, moving from early process-focused waste management challenges to highly formalized, systemic adoption of Circular Economy (CE) principles involving diverse stakeholders.",2025,261,12332,0.0211644502108336,257,1952,0.1316598360655737,1926,2000,7,corporate_T2_PG01,"Leaching, Mining, and Processing Lifecycle",0.6054240465164185,academic_T2::academic_T2_PG02
T2,Operational sustainability and circular production,academic,academic_T2,academic_T2_PG06,8,Plastic Waste Incorporation in Concrete Composites,8_plastics_concrete_hdpe_composites,"The micro-topic tracks the evolution of using various waste materials, particularly plastics and aggregates, to enhance concrete properties and promote sustainability, moving from early focus on general aggregate recycling to specific applications of various polymers.",2000,1,12332,8.10898475510866e-05,1,23,0.0434782608695652,1362,1401,8,corporate_T2_S004,Regulatory evolution of fracking wastewater management,0.5665870904922485,academic_T2::academic_T2_PG06
T2,Operational sustainability and circular production,academic,academic_T2,academic_T2_PG06,8,Plastic Waste Incorporation in Concrete Composites,8_plastics_concrete_hdpe_composites,"The micro-topic tracks the evolution of using various waste materials, particularly plastics and aggregates, to enhance concrete properties and promote sustainability, moving from early focus on general aggregate recycling to specific applications of various polymers.",2001,1,12332,8.10898475510866e-05,1,31,0.032258064516129,1362,1401,8,corporate_T2_S004,Regulatory evolution of fracking wastewater management,0.5665870904922485,academic_T2::academic_T2_PG06
T2,Operational sustainability and circular production,academic,academic_T2,academic_T2_PG06,8,Plastic Waste Incorporation in Concrete Composites,8_plastics_concrete_hdpe_composites,"The micro-topic tracks the evolution of using various waste materials, particularly plastics and aggregates, to enhance concrete properties and promote sustainability, moving from early focus on general aggregate recycling to specific applications of various polymers.",2002,1,12332,8.10898475510866e-05,1,39,0.0256410256410256,1362,1401,8,corporate_T2_S004,Regulatory evolution of fracking wastewater management,0.5665870904922485,academic_T2::academic_T2_PG06
T2,Operational sustainability and circular production,academic,academic_T2,academic_T2_PG06,8,Plastic Waste Incorporation in Concrete Composites,8_plastics_concrete_hdpe_composites,"The micro-topic tracks the evolution of using various waste materials, particularly plastics and aggregates, to enhance concrete properties and promote sustainability, moving from early focus on general aggregate recycling to specific applications of various polymers.",2003,0,12332,0.0,0,48,0.0,1362,1401,8,corporate_T2_S004,Regulatory evolution of fracking wastewater management,0.5665870904922485,academic_T2::academic_T2_PG06
T2,Operational sustainability and circular production,academic,academic_T2,academic_T2_PG06,8,Plastic Waste Incorporation in Concrete Composites,8_plastics_concrete_hdpe_composites,"The micro-topic tracks the evolution of using various waste materials, particularly plastics and aggregates, to enhance concrete properties and promote sustainability, moving from early focus on general aggregate recycling to specific applications of various polymers.",2004,1,12332,8.10898475510866e-05,1,55,0.0181818181818181,1362,1401,8,corporate_T2_S004,Regulatory evolution of fracking wastewater management,0.5665870904922485,academic_T2::academic_T2_PG06
T2,Operational sustainability and circular production,academic,academic_T2,academic_T2_PG06,8,Plastic Waste Incorporation in Concrete Composites,8_plastics_concrete_hdpe_composites,"The micro-topic tracks the evolution of using various waste materials, particularly plastics and aggregates, to enhance concrete properties and promote sustainability, moving from early focus on general aggregate recycling to specific applications of various polymers.",2005,0,12332,0.0,0,48,0.0,1362,1401,8,corporate_T2_S004,Regulatory evolution of fracking wastewater management,0.5665870904922485,academic_T2::academic_T2_PG06
T2,Operational sustainability and circular production,academic,academic_T2,academic_T2_PG06,8,Plastic Waste Incorporation in Concrete Composites,8_plastics_concrete_hdpe_composites,"The micro-topic tracks the evolution of using various waste materials, particularly plastics and aggregates, to enhance concrete properties and promote sustainability, moving from early focus on general aggregate recycling to specific applications of various polymers.",2006,2,12332,0.0001621796951021,2,62,0.032258064516129,1362,1401,8,corporate_T2_S004,Regulatory evolution of fracking wastewater management,0.5665870904922485,academic_T2::academic_T2_PG06
T2,Operational sustainability and circular production,academic,academic_T2,academic_T2_PG06,8,Plastic Waste Incorporation in Concrete Composites,8_plastics_concrete_hdpe_composites,"The micro-topic tracks the evolution of using various waste materials, particularly plastics and aggregates, to enhance concrete properties and promote sustainability, moving from early focus on general aggregate recycling to specific applications of various polymers.",2007,1,12332,8.10898475510866e-05,1,74,0.0135135135135135,1362,1401,8,corporate_T2_S004,Regulatory evolution of fracking wastewater management,0.5665870904922485,academic_T2::academic_T2_PG06
T2,Operational sustainability and circular production,academic,academic_T2,academic_T2_PG06,8,Plastic Waste Incorporation in Concrete Composites,8_plastics_concrete_hdpe_composites,"The micro-topic tracks the evolution of using various waste materials, particularly plastics and aggregates, to enhance concrete properties and promote sustainability, moving from early focus on general aggregate recycling to specific applications of various polymers.",2008,2,12332,0.0001621796951021,2,96,0.0208333333333333,1362,1401,8,corporate_T2_S004,Regulatory evolution of fracking wastewater management,0.5665870904922485,academic_T2::academic_T2_PG06
T2,Operational sustainability and circular production,academic,academic_T2,academic_T2_PG06,8,Plastic Waste Incorporation in Concrete Composites,8_plastics_concrete_hdpe_composites,"The micro-topic tracks the evolution of using various waste materials, particularly plastics and aggregates, to enhance concrete properties and promote sustainability, moving from early focus on general aggregate recycling to specific applications of various polymers.",2009,1,12332,8.10898475510866e-05,1,92,0.0108695652173913,1362,1401,8,corporate_T2_S004,Regulatory evolution of fracking wastewater management,0.5665870904922485,academic_T2::academic_T2_PG06
T2,Operational sustainability and circular production,academic,academic_T2,academic_T2_PG06,8,Plastic Waste Incorporation in Concrete Composites,8_plastics_concrete_hdpe_composites,"The micro-topic tracks the evolution of using various waste materials, particularly plastics and aggregates, to enhance concrete properties and promote sustainability, moving from early focus on general aggregate recycling to specific applications of various polymers.",2010,7,12332,0.0005676289328576,7,126,0.0555555555555555,1362,1401,8,corporate_T2_S004,Regulatory evolution of fracking wastewater management,0.5665870904922485,academic_T2::academic_T2_PG06
T2,Operational sustainability and circular production,academic,academic_T2,academic_T2_PG06,8,Plastic Waste Incorporation in Concrete Composites,8_plastics_concrete_hdpe_composites,"The micro-topic tracks the evolution of using various waste materials, particularly plastics and aggregates, to enhance concrete properties and promote sustainability, moving from early focus on general aggregate recycling to specific applications of various polymers.",2011,4,12332,0.0003243593902043,4,135,0.0296296296296296,1362,1401,8,corporate_T2_S004,Regulatory evolution of fracking wastewater management,0.5665870904922485,academic_T2::academic_T2_PG06
T2,Operational sustainability and circular production,academic,academic_T2,academic_T2_PG06,8,Plastic Waste Incorporation in Concrete Composites,8_plastics_concrete_hdpe_composites,"The micro-topic tracks the evolution of using various waste materials, particularly plastics and aggregates, to enhance concrete properties and promote sustainability, moving from early focus on general aggregate recycling to specific applications of various polymers.",2012,8,12332,0.0006487187804086,8,193,0.0414507772020725,1362,1401,8,corporate_T2_S004,Regulatory evolution of fracking wastewater management,0.5665870904922485,academic_T2::academic_T2_PG06
T2,Operational sustainability and circular production,academic,academic_T2,academic_T2_PG06,8,Plastic Waste Incorporation in Concrete Composites,8_plastics_concrete_hdpe_composites,"The micro-topic tracks the evolution of using various waste materials, particularly plastics and aggregates, to enhance concrete properties and promote sustainability, moving from early focus on general aggregate recycling to specific applications of various polymers.",2013,6,12332,0.0004865390853065,6,228,0.0263157894736842,1362,1401,8,corporate_T2_S004,Regulatory evolution of fracking wastewater management,0.5665870904922485,academic_T2::academic_T2_PG06
T2,Operational sustainability and circular production,academic,academic_T2,academic_T2_PG06,8,Plastic Waste Incorporation in Concrete Composites,8_plastics_concrete_hdpe_composites,"The micro-topic tracks the evolution of using various waste materials, particularly plastics and aggregates, to enhance concrete properties and promote sustainability, moving from early focus on general aggregate recycling to specific applications of various polymers.",2014,6,12332,0.0004865390853065,6,253,0.0237154150197628,1362,1401,8,corporate_T2_S004,Regulatory evolution of fracking wastewater management,0.5665870904922485,academic_T2::academic_T2_PG06
T2,Operational sustainability and circular production,academic,academic_T2,academic_T2_PG06,8,Plastic Waste Incorporation in Concrete Composites,8_plastics_concrete_hdpe_composites,"The micro-topic tracks the evolution of using various waste materials, particularly plastics and aggregates, to enhance concrete properties and promote sustainability, moving from early focus on general aggregate recycling to specific applications of various polymers.",2015,13,12332,0.0010541680181641,13,290,0.0448275862068965,1362,1401,8,corporate_T2_S004,Regulatory evolution of fracking wastewater management,0.5665870904922485,academic_T2::academic_T2_PG06
T2,Operational sustainability and circular production,academic,academic_T2,academic_T2_PG06,8,Plastic Waste Incorporation in Concrete Composites,8_plastics_concrete_hdpe_composites,"The micro-topic tracks the evolution of using various waste materials, particularly plastics and aggregates, to enhance concrete properties and promote sustainability, moving from early focus on general aggregate recycling to specific applications of various polymers.",2016,13,12332,0.0010541680181641,13,331,0.039274924471299,1362,1401,8,corporate_T2_S004,Regulatory evolution of fracking wastewater management,0.5665870904922485,academic_T2::academic_T2_PG06
T2,Operational sustainability and circular production,academic,academic_T2,academic_T2_PG06,8,Plastic Waste Incorporation in Concrete Composites,8_plastics_concrete_hdpe_composites,"The micro-topic tracks the evolution of using various waste materials, particularly plastics and aggregates, to enhance concrete properties and promote sustainability, moving from early focus on general aggregate recycling to specific applications of various polymers.",2017,24,12332,0.001946156341226,24,411,0.0583941605839416,1362,1401,8,corporate_T2_S004,Regulatory evolution of fracking wastewater management,0.5665870904922485,academic_T2::academic_T2_PG06
T2,Operational sustainability and circular production,academic,academic_T2,academic_T2_PG06,8,Plastic Waste Incorporation in Concrete Composites,8_plastics_concrete_hdpe_composites,"The micro-topic tracks the evolution of using various waste materials, particularly plastics and aggregates, to enhance concrete properties and promote sustainability, moving from early focus on general aggregate recycling to specific applications of various polymers.",2018,44,12332,0.0035679532922478,43,664,0.0647590361445783,1362,1401,8,corporate_T2_S004,Regulatory evolution of fracking wastewater management,0.5665870904922485,academic_T2::academic_T2_PG06
T2,Operational sustainability and circular production,academic,academic_T2,academic_T2_PG06,8,Plastic Waste Incorporation in Concrete Composites,8_plastics_concrete_hdpe_composites,"The micro-topic tracks the evolution of using various waste materials, particularly plastics and aggregates, to enhance concrete properties and promote sustainability, moving from early focus on general aggregate recycling to specific applications of various polymers.",2019,73,12332,0.0059195588712293,71,1035,0.0685990338164251,1362,1401,8,corporate_T2_S004,Regulatory evolution of fracking wastewater management,0.5665870904922485,academic_T2::academic_T2_PG06
T2,Operational sustainability and circular production,academic,academic_T2,academic_T2_PG06,8,Plastic Waste Incorporation in Concrete Composites,8_plastics_concrete_hdpe_composites,"The micro-topic tracks the evolution of using various waste materials, particularly plastics and aggregates, to enhance concrete properties and promote sustainability, moving from early focus on general aggregate recycling to specific applications of various polymers.",2020,109,12332,0.0088387933830684,105,1211,0.0867052023121387,1362,1401,8,corporate_T2_S004,Regulatory evolution of fracking wastewater management,0.5665870904922485,academic_T2::academic_T2_PG06
T2,Operational sustainability and circular production,academic,academic_T2,academic_T2_PG06,8,Plastic Waste Incorporation in Concrete Composites,8_plastics_concrete_hdpe_composites,"The micro-topic tracks the evolution of using various waste materials, particularly plastics and aggregates, to enhance concrete properties and promote sustainability, moving from early focus on general aggregate recycling to specific applications of various polymers.",2021,130,12332,0.0105416801816412,127,1523,0.0833880499015101,1362,1401,8,corporate_T2_S004,Regulatory evolution of fracking wastewater management,0.5665870904922485,academic_T2::academic_T2_PG06
T2,Operational sustainability and circular production,academic,academic_T2,academic_T2_PG06,8,Plastic Waste Incorporation in Concrete Composites,8_plastics_concrete_hdpe_composites,"The micro-topic tracks the evolution of using various waste materials, particularly plastics and aggregates, to enhance concrete properties and promote sustainability, moving from early focus on general aggregate recycling to specific applications of various polymers.",2022,144,12332,0.0116769380473564,139,1672,0.083133971291866,1362,1401,8,corporate_T2_S004,Regulatory evolution of fracking wastewater management,0.5665870904922485,academic_T2::academic_T2_PG06
T2,Operational sustainability and circular production,academic,academic_T2,academic_T2_PG06,8,Plastic Waste Incorporation in Concrete Composites,8_plastics_concrete_hdpe_composites,"The micro-topic tracks the evolution of using various waste materials, particularly plastics and aggregates, to enhance concrete properties and promote sustainability, moving from early focus on general aggregate recycling to specific applications of various polymers.",2023,222,12332,0.0180019461563412,216,2345,0.0921108742004264,1362,1401,8,corporate_T2_S004,Regulatory evolution of fracking wastewater management,0.5665870904922485,academic_T2::academic_T2_PG06
T2,Operational sustainability and circular production,academic,academic_T2,academic_T2_PG06,8,Plastic Waste Incorporation in Concrete Composites,8_plastics_concrete_hdpe_composites,"The micro-topic tracks the evolution of using various waste materials, particularly plastics and aggregates, to enhance concrete properties and promote sustainability, moving from early focus on general aggregate recycling to specific applications of various polymers.",2024,373,12332,0.0302465131365553,364,3810,0.0955380577427821,1362,1401,8,corporate_T2_S004,Regulatory evolution of fracking wastewater management,0.5665870904922485,academic_T2::academic_T2_PG06
T2,Operational sustainability and circular production,academic,academic_T2,academic_T2_PG06,8,Plastic Waste Incorporation in Concrete Composites,8_plastics_concrete_hdpe_composites,"The micro-topic tracks the evolution of using various waste materials, particularly plastics and aggregates, to enhance concrete properties and promote sustainability, moving from early focus on general aggregate recycling to specific applications of various polymers.",2025,215,12332,0.0174343172234836,206,1952,0.1055327868852459,1362,1401,8,corporate_T2_S004,Regulatory evolution of fracking wastewater management,0.5665870904922485,academic_T2::academic_T2_PG06
T2,Operational sustainability and circular production,academic,academic_T2,academic_T2_S002,2,Indicator Framework Development and Application,2_indicator_indicators_kpis_methodology,"The micro-topic traces the evolution of developing, refining, and applying measurement frameworks (indicators, KPIs, scorecards) to assess sustainability performance across various contexts, moving from early environmental concerns to highly integrated, multi-dimensional, and sector-specific quantitative models.",2000,3,12332,0.0002432695426532,3,23,0.1304347826086956,599,606,1,corporate_T2_PG01,"Leaching, Mining, and Processing Lifecycle",0.5704094171524048,academic_T2::academic_T2_S002
T2,Operational sustainability and circular production,academic,academic_T2,academic_T2_S002,2,Indicator Framework Development and Application,2_indicator_indicators_kpis_methodology,"The micro-topic traces the evolution of developing, refining, and applying measurement frameworks (indicators, KPIs, scorecards) to assess sustainability performance across various contexts, moving from early environmental concerns to highly integrated, multi-dimensional, and sector-specific quantitative models.",2001,0,12332,0.0,0,31,0.0,599,606,1,corporate_T2_PG01,"Leaching, Mining, and Processing Lifecycle",0.5704094171524048,academic_T2::academic_T2_S002
T2,Operational sustainability and circular production,academic,academic_T2,academic_T2_S002,2,Indicator Framework Development and Application,2_indicator_indicators_kpis_methodology,"The micro-topic traces the evolution of developing, refining, and applying measurement frameworks (indicators, KPIs, scorecards) to assess sustainability performance across various contexts, moving from early environmental concerns to highly integrated, multi-dimensional, and sector-specific quantitative models.",2002,0,12332,0.0,0,39,0.0,599,606,1,corporate_T2_PG01,"Leaching, Mining, and Processing Lifecycle",0.5704094171524048,academic_T2::academic_T2_S002
T2,Operational sustainability and circular production,academic,academic_T2,academic_T2_S002,2,Indicator Framework Development and Application,2_indicator_indicators_kpis_methodology,"The micro-topic traces the evolution of developing, refining, and applying measurement frameworks (indicators, KPIs, scorecards) to assess sustainability performance across various contexts, moving from early environmental concerns to highly integrated, multi-dimensional, and sector-specific quantitative models.",2003,5,12332,0.0004054492377554,5,48,0.1041666666666666,599,606,1,corporate_T2_PG01,"Leaching, Mining, and Processing Lifecycle",0.5704094171524048,academic_T2::academic_T2_S002
T2,Operational sustainability and circular production,academic,academic_T2,academic_T2_S002,2,Indicator Framework Development and Application,2_indicator_indicators_kpis_methodology,"The micro-topic traces the evolution of developing, refining, and applying measurement frameworks (indicators, KPIs, scorecards) to assess sustainability performance across various contexts, moving from early environmental concerns to highly integrated, multi-dimensional, and sector-specific quantitative models.",2004,3,12332,0.0002432695426532,3,55,0.0545454545454545,599,606,1,corporate_T2_PG01,"Leaching, Mining, and Processing Lifecycle",0.5704094171524048,academic_T2::academic_T2_S002
T2,Operational sustainability and circular production,academic,academic_T2,academic_T2_S002,2,Indicator Framework Development and Application,2_indicator_indicators_kpis_methodology,"The micro-topic traces the evolution of developing, refining, and applying measurement frameworks (indicators, KPIs, scorecards) to assess sustainability performance across various contexts, moving from early environmental concerns to highly integrated, multi-dimensional, and sector-specific quantitative models.",2005,3,12332,0.0002432695426532,3,48,0.0625,599,606,1,corporate_T2_PG01,"Leaching, Mining, and Processing Lifecycle",0.5704094171524048,academic_T2::academic_T2_S002
T2,Operational sustainability and circular production,academic,academic_T2,academic_T2_S002,2,Indicator Framework Development and Application,2_indicator_indicators_kpis_methodology,"The micro-topic traces the evolution of developing, refining, and applying measurement frameworks (indicators, KPIs, scorecards) to assess sustainability performance across various contexts, moving from early environmental concerns to highly integrated, multi-dimensional, and sector-specific quantitative models.",2006,4,12332,0.0003243593902043,4,62,0.064516129032258,599,606,1,corporate_T2_PG01,"Leaching, Mining, and Processing Lifecycle",0.5704094171524048,academic_T2::academic_T2_S002
T2,Operational sustainability and circular production,academic,academic_T2,academic_T2_S002,2,Indicator Framework Development and Application,2_indicator_indicators_kpis_methodology,"The micro-topic traces the evolution of developing, refining, and applying measurement frameworks (indicators, KPIs, scorecards) to assess sustainability performance across various contexts, moving from early environmental concerns to highly integrated, multi-dimensional, and sector-specific quantitative models.",2007,3,12332,0.0002432695426532,3,74,0.0405405405405405,599,606,1,corporate_T2_PG01,"Leaching, Mining, and Processing Lifecycle",0.5704094171524048,academic_T2::academic_T2_S002
T2,Operational sustainability and circular production,academic,academic_T2,academic_T2_S002,2,Indicator Framework Development and Application,2_indicator_indicators_kpis_methodology,"The micro-topic traces the evolution of developing, refining, and applying measurement frameworks (indicators, KPIs, scorecards) to assess sustainability performance across various contexts, moving from early environmental concerns to highly integrated, multi-dimensional, and sector-specific quantitative models.",2008,4,12332,0.0003243593902043,4,96,0.0416666666666666,599,606,1,corporate_T2_PG01,"Leaching, Mining, and Processing Lifecycle",0.5704094171524048,academic_T2::academic_T2_S002
T2,Operational sustainability and circular production,academic,academic_T2,academic_T2_S002,2,Indicator Framework Development and Application,2_indicator_indicators_kpis_methodology,"The micro-topic traces the evolution of developing, refining, and applying measurement frameworks (indicators, KPIs, scorecards) to assess sustainability performance across various contexts, moving from early environmental concerns to highly integrated, multi-dimensional, and sector-specific quantitative models.",2009,4,12332,0.0003243593902043,4,92,0.0434782608695652,599,606,1,corporate_T2_PG01,"Leaching, Mining, and Processing Lifecycle",0.5704094171524048,academic_T2::academic_T2_S002
T2,Operational sustainability and circular production,academic,academic_T2,academic_T2_S002,2,Indicator Framework Development and Application,2_indicator_indicators_kpis_methodology,"The micro-topic traces the evolution of developing, refining, and applying measurement frameworks (indicators, KPIs, scorecards) to assess sustainability performance across various contexts, moving from early environmental concerns to highly integrated, multi-dimensional, and sector-specific quantitative models.",2010,7,12332,0.0005676289328576,6,126,0.0476190476190476,599,606,1,corporate_T2_PG01,"Leaching, Mining, and Processing Lifecycle",0.5704094171524048,academic_T2::academic_T2_S002
T2,Operational sustainability and circular production,academic,academic_T2,academic_T2_S002,2,Indicator Framework Development and Application,2_indicator_indicators_kpis_methodology,"The micro-topic traces the evolution of developing, refining, and applying measurement frameworks (indicators, KPIs, scorecards) to assess sustainability performance across various contexts, moving from early environmental concerns to highly integrated, multi-dimensional, and sector-specific quantitative models.",2011,4,12332,0.0003243593902043,4,135,0.0296296296296296,599,606,1,corporate_T2_PG01,"Leaching, Mining, and Processing Lifecycle",0.5704094171524048,academic_T2::academic_T2_S002
T2,Operational sustainability and circular production,academic,academic_T2,academic_T2_S002,2,Indicator Framework Development and Application,2_indicator_indicators_kpis_methodology,"The micro-topic traces the evolution of developing, refining, and applying measurement frameworks (indicators, KPIs, scorecards) to assess sustainability performance across various contexts, moving from early environmental concerns to highly integrated, multi-dimensional, and sector-specific quantitative models.",2012,17,12332,0.0013785274083684,17,193,0.0880829015544041,599,606,1,corporate_T2_PG01,"Leaching, Mining, and Processing Lifecycle",0.5704094171524048,academic_T2::academic_T2_S002
T2,Operational sustainability and circular production,academic,academic_T2,academic_T2_S002,2,Indicator Framework Development and Application,2_indicator_indicators_kpis_methodology,"The micro-topic traces the evolution of developing, refining, and applying measurement frameworks (indicators, KPIs, scorecards) to assess sustainability performance across various contexts, moving from early environmental concerns to highly integrated, multi-dimensional, and sector-specific quantitative models.",2013,5,12332,0.0004054492377554,5,228,0.0219298245614035,599,606,1,corporate_T2_PG01,"Leaching, Mining, and Processing Lifecycle",0.5704094171524048,academic_T2::academic_T2_S002
T2,Operational sustainability and circular production,academic,academic_T2,academic_T2_S002,2,Indicator Framework Development and Application,2_indicator_indicators_kpis_methodology,"The micro-topic traces the evolution of developing, refining, and applying measurement frameworks (indicators, KPIs, scorecards) to assess sustainability performance across various contexts, moving from early environmental concerns to highly integrated, multi-dimensional, and sector-specific quantitative models.",2014,16,12332,0.0012974375608173,16,253,0.0632411067193675,599,606,1,corporate_T2_PG01,"Leaching, Mining, and Processing Lifecycle",0.5704094171524048,academic_T2::academic_T2_S002
T2,Operational sustainability and circular production,academic,academic_T2,academic_T2_S002,2,Indicator Framework Development and Application,2_indicator_indicators_kpis_methodology,"The micro-topic traces the evolution of developing, refining, and applying measurement frameworks (indicators, KPIs, scorecards) to assess sustainability performance across various contexts, moving from early environmental concerns to highly integrated, multi-dimensional, and sector-specific quantitative models.",2015,20,12332,0.0016217969510217,20,290,0.0689655172413793,599,606,1,corporate_T2_PG01,"Leaching, Mining, and Processing Lifecycle",0.5704094171524048,academic_T2::academic_T2_S002
T2,Operational sustainability and circular production,academic,academic_T2,academic_T2_S002,2,Indicator Framework Development and Application,2_indicator_indicators_kpis_methodology,"The micro-topic traces the evolution of developing, refining, and applying measurement frameworks (indicators, KPIs, scorecards) to assess sustainability performance across various contexts, moving from early environmental concerns to highly integrated, multi-dimensional, and sector-specific quantitative models.",2016,24,12332,0.001946156341226,24,331,0.0725075528700906,599,606,1,corporate_T2_PG01,"Leaching, Mining, and Processing Lifecycle",0.5704094171524048,academic_T2::academic_T2_S002
T2,Operational sustainability and circular production,academic,academic_T2,academic_T2_S002,2,Indicator Framework Development and Application,2_indicator_indicators_kpis_methodology,"The micro-topic traces the evolution of developing, refining, and applying measurement frameworks (indicators, KPIs, scorecards) to assess sustainability performance across various contexts, moving from early environmental concerns to highly integrated, multi-dimensional, and sector-specific quantitative models.",2017,28,12332,0.0022705157314304,28,411,0.0681265206812652,599,606,1,corporate_T2_PG01,"Leaching, Mining, and Processing Lifecycle",0.5704094171524048,academic_T2::academic_T2_S002
T2,Operational sustainability and circular production,academic,academic_T2,academic_T2_S002,2,Indicator Framework Development and Application,2_indicator_indicators_kpis_methodology,"The micro-topic traces the evolution of developing, refining, and applying measurement frameworks (indicators, KPIs, scorecards) to assess sustainability performance across various contexts, moving from early environmental concerns to highly integrated, multi-dimensional, and sector-specific quantitative models.",2018,49,12332,0.0039734025300032,48,664,0.072289156626506,599,606,1,corporate_T2_PG01,"Leaching, Mining, and Processing Lifecycle",0.5704094171524048,academic_T2::academic_T2_S002
T2,Operational sustainability and circular production,academic,academic_T2,academic_T2_S002,2,Indicator Framework Development and Application,2_indicator_indicators_kpis_methodology,"The micro-topic traces the evolution of developing, refining, and applying measurement frameworks (indicators, KPIs, scorecards) to assess sustainability performance across various contexts, moving from early environmental concerns to highly integrated, multi-dimensional, and sector-specific quantitative models.",2019,43,12332,0.0034868634446967,43,1035,0.0415458937198067,599,606,1,corporate_T2_PG01,"Leaching, Mining, and Processing Lifecycle",0.5704094171524048,academic_T2::academic_T2_S002
T2,Operational sustainability and circular production,academic,academic_T2,academic_T2_S002,2,Indicator Framework Development and Application,2_indicator_indicators_kpis_methodology,"The micro-topic traces the evolution of developing, refining, and applying measurement frameworks (indicators, KPIs, scorecards) to assess sustainability performance across various contexts, moving from early environmental concerns to highly integrated, multi-dimensional, and sector-specific quantitative models.",2020,62,12332,0.0050275705481673,61,1211,0.0503715937241948,599,606,1,corporate_T2_PG01,"Leaching, Mining, and Processing Lifecycle",0.5704094171524048,academic_T2::academic_T2_S002
T2,Operational sustainability and circular production,academic,academic_T2,academic_T2_S002,2,Indicator Framework Development and Application,2_indicator_indicators_kpis_methodology,"The micro-topic traces the evolution of developing, refining, and applying measurement frameworks (indicators, KPIs, scorecards) to assess sustainability performance across various contexts, moving from early environmental concerns to highly integrated, multi-dimensional, and sector-specific quantitative models.",2021,52,12332,0.0042166720726565,51,1523,0.0334865397242285,599,606,1,corporate_T2_PG01,"Leaching, Mining, and Processing Lifecycle",0.5704094171524048,academic_T2::academic_T2_S002
T2,Operational sustainability and circular production,academic,academic_T2,academic_T2_S002,2,Indicator Framework Development and Application,2_indicator_indicators_kpis_methodology,"The micro-topic traces the evolution of developing, refining, and applying measurement frameworks (indicators, KPIs, scorecards) to assess sustainability performance across various contexts, moving from early environmental concerns to highly integrated, multi-dimensional, and sector-specific quantitative models.",2022,56,12332,0.0045410314628608,56,1672,0.0334928229665071,599,606,1,corporate_T2_PG01,"Leaching, Mining, and Processing Lifecycle",0.5704094171524048,academic_T2::academic_T2_S002
T2,Operational sustainability and circular production,academic,academic_T2,academic_T2_S002,2,Indicator Framework Development and Application,2_indicator_indicators_kpis_methodology,"The micro-topic traces the evolution of developing, refining, and applying measurement frameworks (indicators, KPIs, scorecards) to assess sustainability performance across various contexts, moving from early environmental concerns to highly integrated, multi-dimensional, and sector-specific quantitative models.",2023,71,12332,0.0057573791761271,71,2345,0.030277185501066,599,606,1,corporate_T2_PG01,"Leaching, Mining, and Processing Lifecycle",0.5704094171524048,academic_T2::academic_T2_S002
T2,Operational sustainability and circular production,academic,academic_T2,academic_T2_S002,2,Indicator Framework Development and Application,2_indicator_indicators_kpis_methodology,"The micro-topic traces the evolution of developing, refining, and applying measurement frameworks (indicators, KPIs, scorecards) to assess sustainability performance across various contexts, moving from early environmental concerns to highly integrated, multi-dimensional, and sector-specific quantitative models.",2024,87,12332,0.0070548167369445,84,3810,0.0220472440944881,599,606,1,corporate_T2_PG01,"Leaching, Mining, and Processing Lifecycle",0.5704094171524048,academic_T2::academic_T2_S002
T2,Operational sustainability and circular production,academic,academic_T2,academic_T2_S002,2,Indicator Framework Development and Application,2_indicator_indicators_kpis_methodology,"The micro-topic traces the evolution of developing, refining, and applying measurement frameworks (indicators, KPIs, scorecards) to assess sustainability performance across various contexts, moving from early environmental concerns to highly integrated, multi-dimensional, and sector-specific quantitative models.",2025,36,12332,0.0029192345118391,36,1952,0.0184426229508196,599,606,1,corporate_T2_PG01,"Leaching, Mining, and Processing Lifecycle",0.5704094171524048,academic_T2::academic_T2_S002
T2,Operational sustainability and circular production,academic,academic_T2,academic_T2_S031,16,Adaptive Reuse of Industrial and Heritage Sites,31_reuse_redevelopment_preservation_reusing,"The micro-topic tracks the evolution of adaptive reuse strategies, moving from initial case studies on specific building transformations to a highly complex, multidisciplinary focus on industrial heritage preservation, brownfield regeneration, and systemic sustainability challenges across various global contexts.",2000,0,12332,0.0,0,23,0.0,180,186,1,corporate_T2_PG01,"Leaching, Mining, and Processing Lifecycle",0.5486387014389038,academic_T2::academic_T2_S031
T2,Operational sustainability and circular production,academic,academic_T2,academic_T2_S031,16,Adaptive Reuse of Industrial and Heritage Sites,31_reuse_redevelopment_preservation_reusing,"The micro-topic tracks the evolution of adaptive reuse strategies, moving from initial case studies on specific building transformations to a highly complex, multidisciplinary focus on industrial heritage preservation, brownfield regeneration, and systemic sustainability challenges across various global contexts.",2001,0,12332,0.0,0,31,0.0,180,186,1,corporate_T2_PG01,"Leaching, Mining, and Processing Lifecycle",0.5486387014389038,academic_T2::academic_T2_S031
T2,Operational sustainability and circular production,academic,academic_T2,academic_T2_S031,16,Adaptive Reuse of Industrial and Heritage Sites,31_reuse_redevelopment_preservation_reusing,"The micro-topic tracks the evolution of adaptive reuse strategies, moving from initial case studies on specific building transformations to a highly complex, multidisciplinary focus on industrial heritage preservation, brownfield regeneration, and systemic sustainability challenges across various global contexts.",2002,0,12332,0.0,0,39,0.0,180,186,1,corporate_T2_PG01,"Leaching, Mining, and Processing Lifecycle",0.5486387014389038,academic_T2::academic_T2_S031
T2,Operational sustainability and circular production,academic,academic_T2,academic_T2_S031,16,Adaptive Reuse of Industrial and Heritage Sites,31_reuse_redevelopment_preservation_reusing,"The micro-topic tracks the evolution of adaptive reuse strategies, moving from initial case studies on specific building transformations to a highly complex, multidisciplinary focus on industrial heritage preservation, brownfield regeneration, and systemic sustainability challenges across various global contexts.",2003,0,12332,0.0,0,48,0.0,180,186,1,corporate_T2_PG01,"Leaching, Mining, and Processing Lifecycle",0.5486387014389038,academic_T2::academic_T2_S031
T2,Operational sustainability and circular production,academic,academic_T2,academic_T2_S031,16,Adaptive Reuse of Industrial and Heritage Sites,31_reuse_redevelopment_preservation_reusing,"The micro-topic tracks the evolution of adaptive reuse strategies, moving from initial case studies on specific building transformations to a highly complex, multidisciplinary focus on industrial heritage preservation, brownfield regeneration, and systemic sustainability challenges across various global contexts.",2004,0,12332,0.0,0,55,0.0,180,186,1,corporate_T2_PG01,"Leaching, Mining, and Processing Lifecycle",0.5486387014389038,academic_T2::academic_T2_S031
T2,Operational sustainability and circular production,academic,academic_T2,academic_T2_S031,16,Adaptive Reuse of Industrial and Heritage Sites,31_reuse_redevelopment_preservation_reusing,"The micro-topic tracks the evolution of adaptive reuse strategies, moving from initial case studies on specific building transformations to a highly complex, multidisciplinary focus on industrial heritage preservation, brownfield regeneration, and systemic sustainability challenges across various global contexts.",2005,1,12332,8.10898475510866e-05,1,48,0.0208333333333333,180,186,1,corporate_T2_PG01,"Leaching, Mining, and Processing Lifecycle",0.5486387014389038,academic_T2::academic_T2_S031
T2,Operational sustainability and circular production,academic,academic_T2,academic_T2_S031,16,Adaptive Reuse of Industrial and Heritage Sites,31_reuse_redevelopment_preservation_reusing,"The micro-topic tracks the evolution of adaptive reuse strategies, moving from initial case studies on specific building transformations to a highly complex, multidisciplinary focus on industrial heritage preservation, brownfield regeneration, and systemic sustainability challenges across various global contexts.",2006,0,12332,0.0,0,62,0.0,180,186,1,corporate_T2_PG01,"Leaching, Mining, and Processing Lifecycle",0.5486387014389038,academic_T2::academic_T2_S031
T2,Operational sustainability and circular production,academic,academic_T2,academic_T2_S031,16,Adaptive Reuse of Industrial and Heritage Sites,31_reuse_redevelopment_preservation_reusing,"The micro-topic tracks the evolution of adaptive reuse strategies, moving from initial case studies on specific building transformations to a highly complex, multidisciplinary focus on industrial heritage preservation, brownfield regeneration, and systemic sustainability challenges across various global contexts.",2007,1,12332,8.10898475510866e-05,1,74,0.0135135135135135,180,186,1,corporate_T2_PG01,"Leaching, Mining, and Processing Lifecycle",0.5486387014389038,academic_T2::academic_T2_S031
T2,Operational sustainability and circular production,academic,academic_T2,academic_T2_S031,16,Adaptive Reuse of Industrial and Heritage Sites,31_reuse_redevelopment_preservation_reusing,"The micro-topic tracks the evolution of adaptive reuse strategies, moving from initial case studies on specific building transformations to a highly complex, multidisciplinary focus on industrial heritage preservation, brownfield regeneration, and systemic sustainability challenges across various global contexts.",2008,2,12332,0.0001621796951021,2,96,0.0208333333333333,180,186,1,corporate_T2_PG01,"Leaching, Mining, and Processing Lifecycle",0.5486387014389038,academic_T2::academic_T2_S031
T2,Operational sustainability and circular production,academic,academic_T2,academic_T2_S031,16,Adaptive Reuse of Industrial and Heritage Sites,31_reuse_redevelopment_preservation_reusing,"The micro-topic tracks the evolution of adaptive reuse strategies, moving from initial case studies on specific building transformations to a highly complex, multidisciplinary focus on industrial heritage preservation, brownfield regeneration, and systemic sustainability challenges across various global contexts.",2009,0,12332,0.0,0,92,0.0,180,186,1,corporate_T2_PG01,"Leaching, Mining, and Processing Lifecycle",0.5486387014389038,academic_T2::academic_T2_S031
T2,Operational sustainability and circular production,academic,academic_T2,academic_T2_S031,16,Adaptive Reuse of Industrial and Heritage Sites,31_reuse_redevelopment_preservation_reusing,"The micro-topic tracks the evolution of adaptive reuse strategies, moving from initial case studies on specific building transformations to a highly complex, multidisciplinary focus on industrial heritage preservation, brownfield regeneration, and systemic sustainability challenges across various global contexts.",2010,0,12332,0.0,0,126,0.0,180,186,1,corporate_T2_PG01,"Leaching, Mining, and Processing Lifecycle",0.5486387014389038,academic_T2::academic_T2_S031
T2,Operational sustainability and circular production,academic,academic_T2,academic_T2_S031,16,Adaptive Reuse of Industrial and Heritage Sites,31_reuse_redevelopment_preservation_reusing,"The micro-topic tracks the evolution of adaptive reuse strategies, moving from initial case studies on specific building transformations to a highly complex, multidisciplinary focus on industrial heritage preservation, brownfield regeneration, and systemic sustainability challenges across various global contexts.",2011,0,12332,0.0,0,135,0.0,180,186,1,corporate_T2_PG01,"Leaching, Mining, and Processing Lifecycle",0.5486387014389038,academic_T2::academic_T2_S031
T2,Operational sustainability and circular production,academic,academic_T2,academic_T2_S031,16,Adaptive Reuse of Industrial and Heritage Sites,31_reuse_redevelopment_preservation_reusing,"The micro-topic tracks the evolution of adaptive reuse strategies, moving from initial case studies on specific building transformations to a highly complex, multidisciplinary focus on industrial heritage preservation, brownfield regeneration, and systemic sustainability challenges across various global contexts.",2012,2,12332,0.0001621796951021,2,193,0.0103626943005181,180,186,1,corporate_T2_PG01,"Leaching, Mining, and Processing Lifecycle",0.5486387014389038,academic_T2::academic_T2_S031
T2,Operational sustainability and circular production,academic,academic_T2,academic_T2_S031,16,Adaptive Reuse of Industrial and Heritage Sites,31_reuse_redevelopment_preservation_reusing,"The micro-topic tracks the evolution of adaptive reuse strategies, moving from initial case studies on specific building transformations to a highly complex, multidisciplinary focus on industrial heritage preservation, brownfield regeneration, and systemic sustainability challenges across various global contexts.",2013,1,12332,8.10898475510866e-05,1,228,0.0043859649122807,180,186,1,corporate_T2_PG01,"Leaching, Mining, and Processing Lifecycle",0.5486387014389038,academic_T2::academic_T2_S031
T2,Operational sustainability and circular production,academic,academic_T2,academic_T2_S031,16,Adaptive Reuse of Industrial and Heritage Sites,31_reuse_redevelopment_preservation_reusing,"The micro-topic tracks the evolution of adaptive reuse strategies, moving from initial case studies on specific building transformations to a highly complex, multidisciplinary focus on industrial heritage preservation, brownfield regeneration, and systemic sustainability challenges across various global contexts.",2014,5,12332,0.0004054492377554,4,253,0.0158102766798418,180,186,1,corporate_T2_PG01,"Leaching, Mining, and Processing Lifecycle",0.5486387014389038,academic_T2::academic_T2_S031
T2,Operational sustainability and circular production,academic,academic_T2,academic_T2_S031,16,Adaptive Reuse of Industrial and Heritage Sites,31_reuse_redevelopment_preservation_reusing,"The micro-topic tracks the evolution of adaptive reuse strategies, moving from initial case studies on specific building transformations to a highly complex, multidisciplinary focus on industrial heritage preservation, brownfield regeneration, and systemic sustainability challenges across various global contexts.",2015,6,12332,0.0004865390853065,6,290,0.0206896551724137,180,186,1,corporate_T2_PG01,"Leaching, Mining, and Processing Lifecycle",0.5486387014389038,academic_T2::academic_T2_S031
T2,Operational sustainability and circular production,academic,academic_T2,academic_T2_S031,16,Adaptive Reuse of Industrial and Heritage Sites,31_reuse_redevelopment_preservation_reusing,"The micro-topic tracks the evolution of adaptive reuse strategies, moving from initial case studies on specific building transformations to a highly complex, multidisciplinary focus on industrial heritage preservation, brownfield regeneration, and systemic sustainability challenges across various global contexts.",2016,4,12332,0.0003243593902043,4,331,0.0120845921450151,180,186,1,corporate_T2_PG01,"Leaching, Mining, and Processing Lifecycle",0.5486387014389038,academic_T2::academic_T2_S031
T2,Operational sustainability and circular production,academic,academic_T2,academic_T2_S031,16,Adaptive Reuse of Industrial and Heritage Sites,31_reuse_redevelopment_preservation_reusing,"The micro-topic tracks the evolution of adaptive reuse strategies, moving from initial case studies on specific building transformations to a highly complex, multidisciplinary focus on industrial heritage preservation, brownfield regeneration, and systemic sustainability challenges across various global contexts.",2017,3,12332,0.0002432695426532,3,411,0.0072992700729927,180,186,1,corporate_T2_PG01,"Leaching, Mining, and Processing Lifecycle",0.5486387014389038,academic_T2::academic_T2_S031
T2,Operational sustainability and circular production,academic,academic_T2,academic_T2_S031,16,Adaptive Reuse of Industrial and Heritage Sites,31_reuse_redevelopment_preservation_reusing,"The micro-topic tracks the evolution of adaptive reuse strategies, moving from initial case studies on specific building transformations to a highly complex, multidisciplinary focus on industrial heritage preservation, brownfield regeneration, and systemic sustainability challenges across various global contexts.",2018,4,12332,0.0003243593902043,4,664,0.0060240963855421,180,186,1,corporate_T2_PG01,"Leaching, Mining, and Processing Lifecycle",0.5486387014389038,academic_T2::academic_T2_S031
T2,Operational sustainability and circular production,academic,academic_T2,academic_T2_S031,16,Adaptive Reuse of Industrial and Heritage Sites,31_reuse_redevelopment_preservation_reusing,"The micro-topic tracks the evolution of adaptive reuse strategies, moving from initial case studies on specific building transformations to a highly complex, multidisciplinary focus on industrial heritage preservation, brownfield regeneration, and systemic sustainability challenges across various global contexts.",2019,15,12332,0.0012163477132662,15,1035,0.0144927536231884,180,186,1,corporate_T2_PG01,"Leaching, Mining, and Processing Lifecycle",0.5486387014389038,academic_T2::academic_T2_S031
T2,Operational sustainability and circular production,academic,academic_T2,academic_T2_S031,16,Adaptive Reuse of Industrial and Heritage Sites,31_reuse_redevelopment_preservation_reusing,"The micro-topic tracks the evolution of adaptive reuse strategies, moving from initial case studies on specific building transformations to a highly complex, multidisciplinary focus on industrial heritage preservation, brownfield regeneration, and systemic sustainability challenges across various global contexts.",2020,18,12332,0.0014596172559195,16,1211,0.0132122213047068,180,186,1,corporate_T2_PG01,"Leaching, Mining, and Processing Lifecycle",0.5486387014389038,academic_T2::academic_T2_S031
T2,Operational sustainability and circular production,academic,academic_T2,academic_T2_S031,16,Adaptive Reuse of Industrial and Heritage Sites,31_reuse_redevelopment_preservation_reusing,"The micro-topic tracks the evolution of adaptive reuse strategies, moving from initial case studies on specific building transformations to a highly complex, multidisciplinary focus on industrial heritage preservation, brownfield regeneration, and systemic sustainability challenges across various global contexts.",2021,24,12332,0.001946156341226,24,1523,0.015758371634931,180,186,1,corporate_T2_PG01,"Leaching, Mining, and Processing Lifecycle",0.5486387014389038,academic_T2::academic_T2_S031
T2,Operational sustainability and circular production,academic,academic_T2,academic_T2_S031,16,Adaptive Reuse of Industrial and Heritage Sites,31_reuse_redevelopment_preservation_reusing,"The micro-topic tracks the evolution of adaptive reuse strategies, moving from initial case studies on specific building transformations to a highly complex, multidisciplinary focus on industrial heritage preservation, brownfield regeneration, and systemic sustainability challenges across various global contexts.",2022,22,12332,0.0017839766461239,21,1672,0.0125598086124401,180,186,1,corporate_T2_PG01,"Leaching, Mining, and Processing Lifecycle",0.5486387014389038,academic_T2::academic_T2_S031
T2,Operational sustainability and circular production,academic,academic_T2,academic_T2_S031,16,Adaptive Reuse of Industrial and Heritage Sites,31_reuse_redevelopment_preservation_reusing,"The micro-topic tracks the evolution of adaptive reuse strategies, moving from initial case studies on specific building transformations to a highly complex, multidisciplinary focus on industrial heritage preservation, brownfield regeneration, and systemic sustainability challenges across various global contexts.",2023,29,12332,0.0023516055789815,28,2345,0.0119402985074626,180,186,1,corporate_T2_PG01,"Leaching, Mining, and Processing Lifecycle",0.5486387014389038,academic_T2::academic_T2_S031
T2,Operational sustainability and circular production,academic,academic_T2,academic_T2_S031,16,Adaptive Reuse of Industrial and Heritage Sites,31_reuse_redevelopment_preservation_reusing,"The micro-topic tracks the evolution of adaptive reuse strategies, moving from initial case studies on specific building transformations to a highly complex, multidisciplinary focus on industrial heritage preservation, brownfield regeneration, and systemic sustainability challenges across various global contexts.",2024,33,12332,0.0026759649691858,33,3810,0.0086614173228346,180,186,1,corporate_T2_PG01,"Leaching, Mining, and Processing Lifecycle",0.5486387014389038,academic_T2::academic_T2_S031
T2,Operational sustainability and circular production,academic,academic_T2,academic_T2_S031,16,Adaptive Reuse of Industrial and Heritage Sites,31_reuse_redevelopment_preservation_reusing,"The micro-topic tracks the evolution of adaptive reuse strategies, moving from initial case studies on specific building transformations to a highly complex, multidisciplinary focus on industrial heritage preservation, brownfield regeneration, and systemic sustainability challenges across various global contexts.",2025,16,12332,0.0012974375608173,15,1952,0.0076844262295081,180,186,1,corporate_T2_PG01,"Leaching, Mining, and Processing Lifecycle",0.5486387014389038,academic_T2::academic_T2_S031
T2,Operational sustainability and circular production,academic,academic_T2,academic_T2_S054,22,REE Recovery via Advanced Chemical and Biological Methods,54_neodymium_solvometallurgy_hydrometallurgy_bioleaching,"The micro-topic tracks the evolution of Neodymium recovery, moving from initial process demonstrations to intensive LCA assessments, then focusing on advanced hydrometallurgical and bioleaching techniques across various waste streams (magnets, WEEE, phosphors, tailings).",2000,0,12332,0.0,0,23,0.0,109,112,1,corporate_T2_S004,Regulatory evolution of fracking wastewater management,0.6203837394714355,academic_T2::academic_T2_S054
T2,Operational sustainability and circular production,academic,academic_T2,academic_T2_S054,22,REE Recovery via Advanced Chemical and Biological Methods,54_neodymium_solvometallurgy_hydrometallurgy_bioleaching,"The micro-topic tracks the evolution of Neodymium recovery, moving from initial process demonstrations to intensive LCA assessments, then focusing on advanced hydrometallurgical and bioleaching techniques across various waste streams (magnets, WEEE, phosphors, tailings).",2001,0,12332,0.0,0,31,0.0,109,112,1,corporate_T2_S004,Regulatory evolution of fracking wastewater management,0.6203837394714355,academic_T2::academic_T2_S054
T2,Operational sustainability and circular production,academic,academic_T2,academic_T2_S054,22,REE Recovery via Advanced Chemical and Biological Methods,54_neodymium_solvometallurgy_hydrometallurgy_bioleaching,"The micro-topic tracks the evolution of Neodymium recovery, moving from initial process demonstrations to intensive LCA assessments, then focusing on advanced hydrometallurgical and bioleaching techniques across various waste streams (magnets, WEEE, phosphors, tailings).",2002,0,12332,0.0,0,39,0.0,109,112,1,corporate_T2_S004,Regulatory evolution of fracking wastewater management,0.6203837394714355,academic_T2::academic_T2_S054
T2,Operational sustainability and circular production,academic,academic_T2,academic_T2_S054,22,REE Recovery via Advanced Chemical and Biological Methods,54_neodymium_solvometallurgy_hydrometallurgy_bioleaching,"The micro-topic tracks the evolution of Neodymium recovery, moving from initial process demonstrations to intensive LCA assessments, then focusing on advanced hydrometallurgical and bioleaching techniques across various waste streams (magnets, WEEE, phosphors, tailings).",2003,1,12332,8.10898475510866e-05,1,48,0.0208333333333333,109,112,1,corporate_T2_S004,Regulatory evolution of fracking wastewater management,0.6203837394714355,academic_T2::academic_T2_S054
T2,Operational sustainability and circular production,academic,academic_T2,academic_T2_S054,22,REE Recovery via Advanced Chemical and Biological Methods,54_neodymium_solvometallurgy_hydrometallurgy_bioleaching,"The micro-topic tracks the evolution of Neodymium recovery, moving from initial process demonstrations to intensive LCA assessments, then focusing on advanced hydrometallurgical and bioleaching techniques across various waste streams (magnets, WEEE, phosphors, tailings).",2004,0,12332,0.0,0,55,0.0,109,112,1,corporate_T2_S004,Regulatory evolution of fracking wastewater management,0.6203837394714355,academic_T2::academic_T2_S054
T2,Operational sustainability and circular production,academic,academic_T2,academic_T2_S054,22,REE Recovery via Advanced Chemical and Biological Methods,54_neodymium_solvometallurgy_hydrometallurgy_bioleaching,"The micro-topic tracks the evolution of Neodymium recovery, moving from initial process demonstrations to intensive LCA assessments, then focusing on advanced hydrometallurgical and bioleaching techniques across various waste streams (magnets, WEEE, phosphors, tailings).",2005,0,12332,0.0,0,48,0.0,109,112,1,corporate_T2_S004,Regulatory evolution of fracking wastewater management,0.6203837394714355,academic_T2::academic_T2_S054
T2,Operational sustainability and circular production,academic,academic_T2,academic_T2_S054,22,REE Recovery via Advanced Chemical and Biological Methods,54_neodymium_solvometallurgy_hydrometallurgy_bioleaching,"The micro-topic tracks the evolution of Neodymium recovery, moving from initial process demonstrations to intensive LCA assessments, then focusing on advanced hydrometallurgical and bioleaching techniques across various waste streams (magnets, WEEE, phosphors, tailings).",2006,0,12332,0.0,0,62,0.0,109,112,1,corporate_T2_S004,Regulatory evolution of fracking wastewater management,0.6203837394714355,academic_T2::academic_T2_S054
T2,Operational sustainability and circular production,academic,academic_T2,academic_T2_S054,22,REE Recovery via Advanced Chemical and Biological Methods,54_neodymium_solvometallurgy_hydrometallurgy_bioleaching,"The micro-topic tracks the evolution of Neodymium recovery, moving from initial process demonstrations to intensive LCA assessments, then focusing on advanced hydrometallurgical and bioleaching techniques across various waste streams (magnets, WEEE, phosphors, tailings).",2007,0,12332,0.0,0,74,0.0,109,112,1,corporate_T2_S004,Regulatory evolution of fracking wastewater management,0.6203837394714355,academic_T2::academic_T2_S054
T2,Operational sustainability and circular production,academic,academic_T2,academic_T2_S054,22,REE Recovery via Advanced Chemical and Biological Methods,54_neodymium_solvometallurgy_hydrometallurgy_bioleaching,"The micro-topic tracks the evolution of Neodymium recovery, moving from initial process demonstrations to intensive LCA assessments, then focusing on advanced hydrometallurgical and bioleaching techniques across various waste streams (magnets, WEEE, phosphors, tailings).",2008,0,12332,0.0,0,96,0.0,109,112,1,corporate_T2_S004,Regulatory evolution of fracking wastewater management,0.6203837394714355,academic_T2::academic_T2_S054
T2,Operational sustainability and circular production,academic,academic_T2,academic_T2_S054,22,REE Recovery via Advanced Chemical and Biological Methods,54_neodymium_solvometallurgy_hydrometallurgy_bioleaching,"The micro-topic tracks the evolution of Neodymium recovery, moving from initial process demonstrations to intensive LCA assessments, then focusing on advanced hydrometallurgical and bioleaching techniques across various waste streams (magnets, WEEE, phosphors, tailings).",2009,0,12332,0.0,0,92,0.0,109,112,1,corporate_T2_S004,Regulatory evolution of fracking wastewater management,0.6203837394714355,academic_T2::academic_T2_S054
T2,Operational sustainability and circular production,academic,academic_T2,academic_T2_S054,22,REE Recovery via Advanced Chemical and Biological Methods,54_neodymium_solvometallurgy_hydrometallurgy_bioleaching,"The micro-topic tracks the evolution of Neodymium recovery, moving from initial process demonstrations to intensive LCA assessments, then focusing on advanced hydrometallurgical and bioleaching techniques across various waste streams (magnets, WEEE, phosphors, tailings).",2010,0,12332,0.0,0,126,0.0,109,112,1,corporate_T2_S004,Regulatory evolution of fracking wastewater management,0.6203837394714355,academic_T2::academic_T2_S054
T2,Operational sustainability and circular production,academic,academic_T2,academic_T2_S054,22,REE Recovery via Advanced Chemical and Biological Methods,54_neodymium_solvometallurgy_hydrometallurgy_bioleaching,"The micro-topic tracks the evolution of Neodymium recovery, moving from initial process demonstrations to intensive LCA assessments, then focusing on advanced hydrometallurgical and bioleaching techniques across various waste streams (magnets, WEEE, phosphors, tailings).",2011,0,12332,0.0,0,135,0.0,109,112,1,corporate_T2_S004,Regulatory evolution of fracking wastewater management,0.6203837394714355,academic_T2::academic_T2_S054
T2,Operational sustainability and circular production,academic,academic_T2,academic_T2_S054,22,REE Recovery via Advanced Chemical and Biological Methods,54_neodymium_solvometallurgy_hydrometallurgy_bioleaching,"The micro-topic tracks the evolution of Neodymium recovery, moving from initial process demonstrations to intensive LCA assessments, then focusing on advanced hydrometallurgical and bioleaching techniques across various waste streams (magnets, WEEE, phosphors, tailings).",2012,0,12332,0.0,0,193,0.0,109,112,1,corporate_T2_S004,Regulatory evolution of fracking wastewater management,0.6203837394714355,academic_T2::academic_T2_S054
T2,Operational sustainability and circular production,academic,academic_T2,academic_T2_S054,22,REE Recovery via Advanced Chemical and Biological Methods,54_neodymium_solvometallurgy_hydrometallurgy_bioleaching,"The micro-topic tracks the evolution of Neodymium recovery, moving from initial process demonstrations to intensive LCA assessments, then focusing on advanced hydrometallurgical and bioleaching techniques across various waste streams (magnets, WEEE, phosphors, tailings).",2013,1,12332,8.10898475510866e-05,1,228,0.0043859649122807,109,112,1,corporate_T2_S004,Regulatory evolution of fracking wastewater management,0.6203837394714355,academic_T2::academic_T2_S054
T2,Operational sustainability and circular production,academic,academic_T2,academic_T2_S054,22,REE Recovery via Advanced Chemical and Biological Methods,54_neodymium_solvometallurgy_hydrometallurgy_bioleaching,"The micro-topic tracks the evolution of Neodymium recovery, moving from initial process demonstrations to intensive LCA assessments, then focusing on advanced hydrometallurgical and bioleaching techniques across various waste streams (magnets, WEEE, phosphors, tailings).",2014,1,12332,8.10898475510866e-05,1,253,0.0039525691699604,109,112,1,corporate_T2_S004,Regulatory evolution of fracking wastewater management,0.6203837394714355,academic_T2::academic_T2_S054
T2,Operational sustainability and circular production,academic,academic_T2,academic_T2_S054,22,REE Recovery via Advanced Chemical and Biological Methods,54_neodymium_solvometallurgy_hydrometallurgy_bioleaching,"The micro-topic tracks the evolution of Neodymium recovery, moving from initial process demonstrations to intensive LCA assessments, then focusing on advanced hydrometallurgical and bioleaching techniques across various waste streams (magnets, WEEE, phosphors, tailings).",2015,4,12332,0.0003243593902043,3,290,0.0103448275862068,109,112,1,corporate_T2_S004,Regulatory evolution of fracking wastewater management,0.6203837394714355,academic_T2::academic_T2_S054
T2,Operational sustainability and circular production,academic,academic_T2,academic_T2_S054,22,REE Recovery via Advanced Chemical and Biological Methods,54_neodymium_solvometallurgy_hydrometallurgy_bioleaching,"The micro-topic tracks the evolution of Neodymium recovery, moving from initial process demonstrations to intensive LCA assessments, then focusing on advanced hydrometallurgical and bioleaching techniques across various waste streams (magnets, WEEE, phosphors, tailings).",2016,2,12332,0.0001621796951021,2,331,0.0060422960725075,109,112,1,corporate_T2_S004,Regulatory evolution of fracking wastewater management,0.6203837394714355,academic_T2::academic_T2_S054
T2,Operational sustainability and circular production,academic,academic_T2,academic_T2_S054,22,REE Recovery via Advanced Chemical and Biological Methods,54_neodymium_solvometallurgy_hydrometallurgy_bioleaching,"The micro-topic tracks the evolution of Neodymium recovery, moving from initial process demonstrations to intensive LCA assessments, then focusing on advanced hydrometallurgical and bioleaching techniques across various waste streams (magnets, WEEE, phosphors, tailings).",2017,5,12332,0.0004054492377554,5,411,0.0121654501216545,109,112,1,corporate_T2_S004,Regulatory evolution of fracking wastewater management,0.6203837394714355,academic_T2::academic_T2_S054
T2,Operational sustainability and circular production,academic,academic_T2,academic_T2_S054,22,REE Recovery via Advanced Chemical and Biological Methods,54_neodymium_solvometallurgy_hydrometallurgy_bioleaching,"The micro-topic tracks the evolution of Neodymium recovery, moving from initial process demonstrations to intensive LCA assessments, then focusing on advanced hydrometallurgical and bioleaching techniques across various waste streams (magnets, WEEE, phosphors, tailings).",2018,9,12332,0.0007298086279597,9,664,0.0135542168674698,109,112,1,corporate_T2_S004,Regulatory evolution of fracking wastewater management,0.6203837394714355,academic_T2::academic_T2_S054
T2,Operational sustainability and circular production,academic,academic_T2,academic_T2_S054,22,REE Recovery via Advanced Chemical and Biological Methods,54_neodymium_solvometallurgy_hydrometallurgy_bioleaching,"The micro-topic tracks the evolution of Neodymium recovery, moving from initial process demonstrations to intensive LCA assessments, then focusing on advanced hydrometallurgical and bioleaching techniques across various waste streams (magnets, WEEE, phosphors, tailings).",2019,5,12332,0.0004054492377554,5,1035,0.0048309178743961,109,112,1,corporate_T2_S004,Regulatory evolution of fracking wastewater management,0.6203837394714355,academic_T2::academic_T2_S054
T2,Operational sustainability and circular production,academic,academic_T2,academic_T2_S054,22,REE Recovery via Advanced Chemical and Biological Methods,54_neodymium_solvometallurgy_hydrometallurgy_bioleaching,"The micro-topic tracks the evolution of Neodymium recovery, moving from initial process demonstrations to intensive LCA assessments, then focusing on advanced hydrometallurgical and bioleaching techniques across various waste streams (magnets, WEEE, phosphors, tailings).",2020,5,12332,0.0004054492377554,5,1211,0.0041288191577208,109,112,1,corporate_T2_S004,Regulatory evolution of fracking wastewater management,0.6203837394714355,academic_T2::academic_T2_S054
T2,Operational sustainability and circular production,academic,academic_T2,academic_T2_S054,22,REE Recovery via Advanced Chemical and Biological Methods,54_neodymium_solvometallurgy_hydrometallurgy_bioleaching,"The micro-topic tracks the evolution of Neodymium recovery, moving from initial process demonstrations to intensive LCA assessments, then focusing on advanced hydrometallurgical and bioleaching techniques across various waste streams (magnets, WEEE, phosphors, tailings).",2021,7,12332,0.0005676289328576,6,1523,0.0039395929087327,109,112,1,corporate_T2_S004,Regulatory evolution of fracking wastewater management,0.6203837394714355,academic_T2::academic_T2_S054
T2,Operational sustainability and circular production,academic,academic_T2,academic_T2_S054,22,REE Recovery via Advanced Chemical and Biological Methods,54_neodymium_solvometallurgy_hydrometallurgy_bioleaching,"The micro-topic tracks the evolution of Neodymium recovery, moving from initial process demonstrations to intensive LCA assessments, then focusing on advanced hydrometallurgical and bioleaching techniques across various waste streams (magnets, WEEE, phosphors, tailings).",2022,16,12332,0.0012974375608173,15,1672,0.0089712918660287,109,112,1,corporate_T2_S004,Regulatory evolution of fracking wastewater management,0.6203837394714355,academic_T2::academic_T2_S054
T2,Operational sustainability and circular production,academic,academic_T2,academic_T2_S054,22,REE Recovery via Advanced Chemical and Biological Methods,54_neodymium_solvometallurgy_hydrometallurgy_bioleaching,"The micro-topic tracks the evolution of Neodymium recovery, moving from initial process demonstrations to intensive LCA assessments, then focusing on advanced hydrometallurgical and bioleaching techniques across various waste streams (magnets, WEEE, phosphors, tailings).",2023,13,12332,0.0010541680181641,13,2345,0.0055437100213219,109,112,1,corporate_T2_S004,Regulatory evolution of fracking wastewater management,0.6203837394714355,academic_T2::academic_T2_S054
T2,Operational sustainability and circular production,academic,academic_T2,academic_T2_S054,22,REE Recovery via Advanced Chemical and Biological Methods,54_neodymium_solvometallurgy_hydrometallurgy_bioleaching,"The micro-topic tracks the evolution of Neodymium recovery, moving from initial process demonstrations to intensive LCA assessments, then focusing on advanced hydrometallurgical and bioleaching techniques across various waste streams (magnets, WEEE, phosphors, tailings).",2024,30,12332,0.0024326954265325,30,3810,0.0078740157480314,109,112,1,corporate_T2_S004,Regulatory evolution of fracking wastewater management,0.6203837394714355,academic_T2::academic_T2_S054
T2,Operational sustainability and circular production,academic,academic_T2,academic_T2_S054,22,REE Recovery via Advanced Chemical and Biological Methods,54_neodymium_solvometallurgy_hydrometallurgy_bioleaching,"The micro-topic tracks the evolution of Neodymium recovery, moving from initial process demonstrations to intensive LCA assessments, then focusing on advanced hydrometallurgical and bioleaching techniques across various waste streams (magnets, WEEE, phosphors, tailings).",2025,13,12332,0.0010541680181641,13,1952,0.0066598360655737,109,112,1,corporate_T2_S004,Regulatory evolution of fracking wastewater management,0.6203837394714355,academic_T2::academic_T2_S054
T2,Operational sustainability and circular production,academic,academic_T2,academic_T2_S056,23,Evolution of EIA/SEA in Sustainability Contexts,56_eia_sea_strategic_eias,"The micro-topic tracks the evolution of EIA and SEA methodologies, initially focusing on theoretical frameworks for sustainability, then branching into implementation challenges across various geographies, and later focusing on integration with global goals and specific infrastructure types.",2000,1,12332,8.10898475510866e-05,1,23,0.0434782608695652,106,109,1,corporate_T2_S004,Regulatory evolution of fracking wastewater management,0.5589995980262756,academic_T2::academic_T2_S056
T2,Operational sustainability and circular production,academic,academic_T2,academic_T2_S056,23,Evolution of EIA/SEA in Sustainability Contexts,56_eia_sea_strategic_eias,"The micro-topic tracks the evolution of EIA and SEA methodologies, initially focusing on theoretical frameworks for sustainability, then branching into implementation challenges across various geographies, and later focusing on integration with global goals and specific infrastructure types.",2001,3,12332,0.0002432695426532,3,31,0.0967741935483871,106,109,1,corporate_T2_S004,Regulatory evolution of fracking wastewater management,0.5589995980262756,academic_T2::academic_T2_S056
T2,Operational sustainability and circular production,academic,academic_T2,academic_T2_S056,23,Evolution of EIA/SEA in Sustainability Contexts,56_eia_sea_strategic_eias,"The micro-topic tracks the evolution of EIA and SEA methodologies, initially focusing on theoretical frameworks for sustainability, then branching into implementation challenges across various geographies, and later focusing on integration with global goals and specific infrastructure types.",2002,1,12332,8.10898475510866e-05,1,39,0.0256410256410256,106,109,1,corporate_T2_S004,Regulatory evolution of fracking wastewater management,0.5589995980262756,academic_T2::academic_T2_S056
T2,Operational sustainability and circular production,academic,academic_T2,academic_T2_S056,23,Evolution of EIA/SEA in Sustainability Contexts,56_eia_sea_strategic_eias,"The micro-topic tracks the evolution of EIA and SEA methodologies, initially focusing on theoretical frameworks for sustainability, then branching into implementation challenges across various geographies, and later focusing on integration with global goals and specific infrastructure types.",2003,1,12332,8.10898475510866e-05,1,48,0.0208333333333333,106,109,1,corporate_T2_S004,Regulatory evolution of fracking wastewater management,0.5589995980262756,academic_T2::academic_T2_S056
T2,Operational sustainability and circular production,academic,academic_T2,academic_T2_S056,23,Evolution of EIA/SEA in Sustainability Contexts,56_eia_sea_strategic_eias,"The micro-topic tracks the evolution of EIA and SEA methodologies, initially focusing on theoretical frameworks for sustainability, then branching into implementation challenges across various geographies, and later focusing on integration with global goals and specific infrastructure types.",2004,4,12332,0.0003243593902043,4,55,0.0727272727272727,106,109,1,corporate_T2_S004,Regulatory evolution of fracking wastewater management,0.5589995980262756,academic_T2::academic_T2_S056
T2,Operational sustainability and circular production,academic,academic_T2,academic_T2_S056,23,Evolution of EIA/SEA in Sustainability Contexts,56_eia_sea_strategic_eias,"The micro-topic tracks the evolution of EIA and SEA methodologies, initially focusing on theoretical frameworks for sustainability, then branching into implementation challenges across various geographies, and later focusing on integration with global goals and specific infrastructure types.",2005,0,12332,0.0,0,48,0.0,106,109,1,corporate_T2_S004,Regulatory evolution of fracking wastewater management,0.5589995980262756,academic_T2::academic_T2_S056
T2,Operational sustainability and circular production,academic,academic_T2,academic_T2_S056,23,Evolution of EIA/SEA in Sustainability Contexts,56_eia_sea_strategic_eias,"The micro-topic tracks the evolution of EIA and SEA methodologies, initially focusing on theoretical frameworks for sustainability, then branching into implementation challenges across various geographies, and later focusing on integration with global goals and specific infrastructure types.",2006,7,12332,0.0005676289328576,7,62,0.1129032258064516,106,109,1,corporate_T2_S004,Regulatory evolution of fracking wastewater management,0.5589995980262756,academic_T2::academic_T2_S056
T2,Operational sustainability and circular production,academic,academic_T2,academic_T2_S056,23,Evolution of EIA/SEA in Sustainability Contexts,56_eia_sea_strategic_eias,"The micro-topic tracks the evolution of EIA and SEA methodologies, initially focusing on theoretical frameworks for sustainability, then branching into implementation challenges across various geographies, and later focusing on integration with global goals and specific infrastructure types.",2007,2,12332,0.0001621796951021,2,74,0.027027027027027,106,109,1,corporate_T2_S004,Regulatory evolution of fracking wastewater management,0.5589995980262756,academic_T2::academic_T2_S056
T2,Operational sustainability and circular production,academic,academic_T2,academic_T2_S056,23,Evolution of EIA/SEA in Sustainability Contexts,56_eia_sea_strategic_eias,"The micro-topic tracks the evolution of EIA and SEA methodologies, initially focusing on theoretical frameworks for sustainability, then branching into implementation challenges across various geographies, and later focusing on integration with global goals and specific infrastructure types.",2008,1,12332,8.10898475510866e-05,1,96,0.0104166666666666,106,109,1,corporate_T2_S004,Regulatory evolution of fracking wastewater management,0.5589995980262756,academic_T2::academic_T2_S056
T2,Operational sustainability and circular production,academic,academic_T2,academic_T2_S056,23,Evolution of EIA/SEA in Sustainability Contexts,56_eia_sea_strategic_eias,"The micro-topic tracks the evolution of EIA and SEA methodologies, initially focusing on theoretical frameworks for sustainability, then branching into implementation challenges across various geographies, and later focusing on integration with global goals and specific infrastructure types.",2009,5,12332,0.0004054492377554,5,92,0.0543478260869565,106,109,1,corporate_T2_S004,Regulatory evolution of fracking wastewater management,0.5589995980262756,academic_T2::academic_T2_S056
T2,Operational sustainability and circular production,academic,academic_T2,academic_T2_S056,23,Evolution of EIA/SEA in Sustainability Contexts,56_eia_sea_strategic_eias,"The micro-topic tracks the evolution of EIA and SEA methodologies, initially focusing on theoretical frameworks for sustainability, then branching into implementation challenges across various geographies, and later focusing on integration with global goals and specific infrastructure types.",2010,1,12332,8.10898475510866e-05,1,126,0.0079365079365079,106,109,1,corporate_T2_S004,Regulatory evolution of fracking wastewater management,0.5589995980262756,academic_T2::academic_T2_S056
T2,Operational sustainability and circular production,academic,academic_T2,academic_T2_S056,23,Evolution of EIA/SEA in Sustainability Contexts,56_eia_sea_strategic_eias,"The micro-topic tracks the evolution of EIA and SEA methodologies, initially focusing on theoretical frameworks for sustainability, then branching into implementation challenges across various geographies, and later focusing on integration with global goals and specific infrastructure types.",2011,2,12332,0.0001621796951021,2,135,0.0148148148148148,106,109,1,corporate_T2_S004,Regulatory evolution of fracking wastewater management,0.5589995980262756,academic_T2::academic_T2_S056
T2,Operational sustainability and circular production,academic,academic_T2,academic_T2_S056,23,Evolution of EIA/SEA in Sustainability Contexts,56_eia_sea_strategic_eias,"The micro-topic tracks the evolution of EIA and SEA methodologies, initially focusing on theoretical frameworks for sustainability, then branching into implementation challenges across various geographies, and later focusing on integration with global goals and specific infrastructure types.",2012,3,12332,0.0002432695426532,3,193,0.0155440414507772,106,109,1,corporate_T2_S004,Regulatory evolution of fracking wastewater management,0.5589995980262756,academic_T2::academic_T2_S056
T2,Operational sustainability and circular production,academic,academic_T2,academic_T2_S056,23,Evolution of EIA/SEA in Sustainability Contexts,56_eia_sea_strategic_eias,"The micro-topic tracks the evolution of EIA and SEA methodologies, initially focusing on theoretical frameworks for sustainability, then branching into implementation challenges across various geographies, and later focusing on integration with global goals and specific infrastructure types.",2013,5,12332,0.0004054492377554,5,228,0.0219298245614035,106,109,1,corporate_T2_S004,Regulatory evolution of fracking wastewater management,0.5589995980262756,academic_T2::academic_T2_S056
T2,Operational sustainability and circular production,academic,academic_T2,academic_T2_S056,23,Evolution of EIA/SEA in Sustainability Contexts,56_eia_sea_strategic_eias,"The micro-topic tracks the evolution of EIA and SEA methodologies, initially focusing on theoretical frameworks for sustainability, then branching into implementation challenges across various geographies, and later focusing on integration with global goals and specific infrastructure types.",2014,3,12332,0.0002432695426532,3,253,0.0118577075098814,106,109,1,corporate_T2_S004,Regulatory evolution of fracking wastewater management,0.5589995980262756,academic_T2::academic_T2_S056
T2,Operational sustainability and circular production,academic,academic_T2,academic_T2_S056,23,Evolution of EIA/SEA in Sustainability Contexts,56_eia_sea_strategic_eias,"The micro-topic tracks the evolution of EIA and SEA methodologies, initially focusing on theoretical frameworks for sustainability, then branching into implementation challenges across various geographies, and later focusing on integration with global goals and specific infrastructure types.",2015,7,12332,0.0005676289328576,7,290,0.0241379310344827,106,109,1,corporate_T2_S004,Regulatory evolution of fracking wastewater management,0.5589995980262756,academic_T2::academic_T2_S056
T2,Operational sustainability and circular production,academic,academic_T2,academic_T2_S056,23,Evolution of EIA/SEA in Sustainability Contexts,56_eia_sea_strategic_eias,"The micro-topic tracks the evolution of EIA and SEA methodologies, initially focusing on theoretical frameworks for sustainability, then branching into implementation challenges across various geographies, and later focusing on integration with global goals and specific infrastructure types.",2016,3,12332,0.0002432695426532,3,331,0.0090634441087613,106,109,1,corporate_T2_S004,Regulatory evolution of fracking wastewater management,0.5589995980262756,academic_T2::academic_T2_S056
T2,Operational sustainability and circular production,academic,academic_T2,academic_T2_S056,23,Evolution of EIA/SEA in Sustainability Contexts,56_eia_sea_strategic_eias,"The micro-topic tracks the evolution of EIA and SEA methodologies, initially focusing on theoretical frameworks for sustainability, then branching into implementation challenges across various geographies, and later focusing on integration with global goals and specific infrastructure types.",2017,8,12332,0.0006487187804086,8,411,0.0194647201946472,106,109,1,corporate_T2_S004,Regulatory evolution of fracking wastewater management,0.5589995980262756,academic_T2::academic_T2_S056
T2,Operational sustainability and circular production,academic,academic_T2,academic_T2_S056,23,Evolution of EIA/SEA in Sustainability Contexts,56_eia_sea_strategic_eias,"The micro-topic tracks the evolution of EIA and SEA methodologies, initially focusing on theoretical frameworks for sustainability, then branching into implementation challenges across various geographies, and later focusing on integration with global goals and specific infrastructure types.",2018,4,12332,0.0003243593902043,4,664,0.0060240963855421,106,109,1,corporate_T2_S004,Regulatory evolution of fracking wastewater management,0.5589995980262756,academic_T2::academic_T2_S056
T2,Operational sustainability and circular production,academic,academic_T2,academic_T2_S056,23,Evolution of EIA/SEA in Sustainability Contexts,56_eia_sea_strategic_eias,"The micro-topic tracks the evolution of EIA and SEA methodologies, initially focusing on theoretical frameworks for sustainability, then branching into implementation challenges across various geographies, and later focusing on integration with global goals and specific infrastructure types.",2019,13,12332,0.0010541680181641,11,1035,0.0106280193236714,106,109,1,corporate_T2_S004,Regulatory evolution of fracking wastewater management,0.5589995980262756,academic_T2::academic_T2_S056
T2,Operational sustainability and circular production,academic,academic_T2,academic_T2_S056,23,Evolution of EIA/SEA in Sustainability Contexts,56_eia_sea_strategic_eias,"The micro-topic tracks the evolution of EIA and SEA methodologies, initially focusing on theoretical frameworks for sustainability, then branching into implementation challenges across various geographies, and later focusing on integration with global goals and specific infrastructure types.",2020,8,12332,0.0006487187804086,8,1211,0.0066061106523534,106,109,1,corporate_T2_S004,Regulatory evolution of fracking wastewater management,0.5589995980262756,academic_T2::academic_T2_S056
T2,Operational sustainability and circular production,academic,academic_T2,academic_T2_S056,23,Evolution of EIA/SEA in Sustainability Contexts,56_eia_sea_strategic_eias,"The micro-topic tracks the evolution of EIA and SEA methodologies, initially focusing on theoretical frameworks for sustainability, then branching into implementation challenges across various geographies, and later focusing on integration with global goals and specific infrastructure types.",2021,9,12332,0.0007298086279597,9,1523,0.0059093893630991,106,109,1,corporate_T2_S004,Regulatory evolution of fracking wastewater management,0.5589995980262756,academic_T2::academic_T2_S056
T2,Operational sustainability and circular production,academic,academic_T2,academic_T2_S056,23,Evolution of EIA/SEA in Sustainability Contexts,56_eia_sea_strategic_eias,"The micro-topic tracks the evolution of EIA and SEA methodologies, initially focusing on theoretical frameworks for sustainability, then branching into implementation challenges across various geographies, and later focusing on integration with global goals and specific infrastructure types.",2022,1,12332,8.10898475510866e-05,1,1672,0.0005980861244019,106,109,1,corporate_T2_S004,Regulatory evolution of fracking wastewater management,0.5589995980262756,academic_T2::academic_T2_S056
T2,Operational sustainability and circular production,academic,academic_T2,academic_T2_S056,23,Evolution of EIA/SEA in Sustainability Contexts,56_eia_sea_strategic_eias,"The micro-topic tracks the evolution of EIA and SEA methodologies, initially focusing on theoretical frameworks for sustainability, then branching into implementation challenges across various geographies, and later focusing on integration with global goals and specific infrastructure types.",2023,10,12332,0.0008108984755108,9,2345,0.0038379530916844,106,109,1,corporate_T2_S004,Regulatory evolution of fracking wastewater management,0.5589995980262756,academic_T2::academic_T2_S056
T2,Operational sustainability and circular production,academic,academic_T2,academic_T2_S056,23,Evolution of EIA/SEA in Sustainability Contexts,56_eia_sea_strategic_eias,"The micro-topic tracks the evolution of EIA and SEA methodologies, initially focusing on theoretical frameworks for sustainability, then branching into implementation challenges across various geographies, and later focusing on integration with global goals and specific infrastructure types.",2024,3,12332,0.0002432695426532,3,3810,0.0007874015748031,106,109,1,corporate_T2_S004,Regulatory evolution of fracking wastewater management,0.5589995980262756,academic_T2::academic_T2_S056
T2,Operational sustainability and circular production,academic,academic_T2,academic_T2_S056,23,Evolution of EIA/SEA in Sustainability Contexts,56_eia_sea_strategic_eias,"The micro-topic tracks the evolution of EIA and SEA methodologies, initially focusing on theoretical frameworks for sustainability, then branching into implementation challenges across various geographies, and later focusing on integration with global goals and specific infrastructure types.",2025,4,12332,0.0003243593902043,4,1952,0.0020491803278688,106,109,1,corporate_T2_S004,Regulatory evolution of fracking wastewater management,0.5589995980262756,academic_T2::academic_T2_S056
T2,Operational sustainability and circular production,media,media_T2,media_T2_PG01,0,Circular Economy Evolution of Waste Streams,0_reuse_recyclable_bins_composting,"The micro-topic tracks the evolution of waste management discourse from early focus on composting and renewable resources to a highly technical focus on material science, corporate compliance, and eventually, a broad embrace of the circular economy, heavily influenced by large-scale events and material science advancements.",2000,18,3105,0.0057971014492753,12,12,1.0,1784,3107,2,corporate_T2_PG01,"Leaching, Mining, and Processing Lifecycle",0.5931486487388611,media_T2::media_T2_PG01
T2,Operational sustainability and circular production,media,media_T2,media_T2_PG01,0,Circular Economy Evolution of Waste Streams,0_reuse_recyclable_bins_composting,"The micro-topic tracks the evolution of waste management discourse from early focus on composting and renewable resources to a highly technical focus on material science, corporate compliance, and eventually, a broad embrace of the circular economy, heavily influenced by large-scale events and material science advancements.",2001,14,3105,0.0045088566827697,9,9,1.0,1784,3107,2,corporate_T2_PG01,"Leaching, Mining, and Processing Lifecycle",0.5931486487388611,media_T2::media_T2_PG01
T2,Operational sustainability and circular production,media,media_T2,media_T2_PG01,0,Circular Economy Evolution of Waste Streams,0_reuse_recyclable_bins_composting,"The micro-topic tracks the evolution of waste management discourse from early focus on composting and renewable resources to a highly technical focus on material science, corporate compliance, and eventually, a broad embrace of the circular economy, heavily influenced by large-scale events and material science advancements.",2002,26,3105,0.0083735909822866,20,20,1.0,1784,3107,2,corporate_T2_PG01,"Leaching, Mining, and Processing Lifecycle",0.5931486487388611,media_T2::media_T2_PG01
T2,Operational sustainability and circular production,media,media_T2,media_T2_PG01,0,Circular Economy Evolution of Waste Streams,0_reuse_recyclable_bins_composting,"The micro-topic tracks the evolution of waste management discourse from early focus on composting and renewable resources to a highly technical focus on material science, corporate compliance, and eventually, a broad embrace of the circular economy, heavily influenced by large-scale events and material science advancements.",2003,29,3105,0.0093397745571658,19,19,1.0,1784,3107,2,corporate_T2_PG01,"Leaching, Mining, and Processing Lifecycle",0.5931486487388611,media_T2::media_T2_PG01
T2,Operational sustainability and circular production,media,media_T2,media_T2_PG01,0,Circular Economy Evolution of Waste Streams,0_reuse_recyclable_bins_composting,"The micro-topic tracks the evolution of waste management discourse from early focus on composting and renewable resources to a highly technical focus on material science, corporate compliance, and eventually, a broad embrace of the circular economy, heavily influenced by large-scale events and material science advancements.",2004,31,3105,0.0099838969404186,16,16,1.0,1784,3107,2,corporate_T2_PG01,"Leaching, Mining, and Processing Lifecycle",0.5931486487388611,media_T2::media_T2_PG01
T2,Operational sustainability and circular production,media,media_T2,media_T2_PG01,0,Circular Economy Evolution of Waste Streams,0_reuse_recyclable_bins_composting,"The micro-topic tracks the evolution of waste management discourse from early focus on composting and renewable resources to a highly technical focus on material science, corporate compliance, and eventually, a broad embrace of the circular economy, heavily influenced by large-scale events and material science advancements.",2005,48,3105,0.0154589371980676,32,32,1.0,1784,3107,2,corporate_T2_PG01,"Leaching, Mining, and Processing Lifecycle",0.5931486487388611,media_T2::media_T2_PG01
T2,Operational sustainability and circular production,media,media_T2,media_T2_PG01,0,Circular Economy Evolution of Waste Streams,0_reuse_recyclable_bins_composting,"The micro-topic tracks the evolution of waste management discourse from early focus on composting and renewable resources to a highly technical focus on material science, corporate compliance, and eventually, a broad embrace of the circular economy, heavily influenced by large-scale events and material science advancements.",2006,61,3105,0.0196457326892109,38,38,1.0,1784,3107,2,corporate_T2_PG01,"Leaching, Mining, and Processing Lifecycle",0.5931486487388611,media_T2::media_T2_PG01
T2,Operational sustainability and circular production,media,media_T2,media_T2_PG01,0,Circular Economy Evolution of Waste Streams,0_reuse_recyclable_bins_composting,"The micro-topic tracks the evolution of waste management discourse from early focus on composting and renewable resources to a highly technical focus on material science, corporate compliance, and eventually, a broad embrace of the circular economy, heavily influenced by large-scale events and material science advancements.",2007,64,3105,0.0206119162640901,43,43,1.0,1784,3107,2,corporate_T2_PG01,"Leaching, Mining, and Processing Lifecycle",0.5931486487388611,media_T2::media_T2_PG01
T2,Operational sustainability and circular production,media,media_T2,media_T2_PG01,0,Circular Economy Evolution of Waste Streams,0_reuse_recyclable_bins_composting,"The micro-topic tracks the evolution of waste management discourse from early focus on composting and renewable resources to a highly technical focus on material science, corporate compliance, and eventually, a broad embrace of the circular economy, heavily influenced by large-scale events and material science advancements.",2008,75,3105,0.0241545893719806,41,41,1.0,1784,3107,2,corporate_T2_PG01,"Leaching, Mining, and Processing Lifecycle",0.5931486487388611,media_T2::media_T2_PG01
T2,Operational sustainability and circular production,media,media_T2,media_T2_PG01,0,Circular Economy Evolution of Waste Streams,0_reuse_recyclable_bins_composting,"The micro-topic tracks the evolution of waste management discourse from early focus on composting and renewable resources to a highly technical focus on material science, corporate compliance, and eventually, a broad embrace of the circular economy, heavily influenced by large-scale events and material science advancements.",2009,58,3105,0.0186795491143317,42,42,1.0,1784,3107,2,corporate_T2_PG01,"Leaching, Mining, and Processing Lifecycle",0.5931486487388611,media_T2::media_T2_PG01
T2,Operational sustainability and circular production,media,media_T2,media_T2_PG01,0,Circular Economy Evolution of Waste Streams,0_reuse_recyclable_bins_composting,"The micro-topic tracks the evolution of waste management discourse from early focus on composting and renewable resources to a highly technical focus on material science, corporate compliance, and eventually, a broad embrace of the circular economy, heavily influenced by large-scale events and material science advancements.",2010,76,3105,0.024476650563607,56,56,1.0,1784,3107,2,corporate_T2_PG01,"Leaching, Mining, and Processing Lifecycle",0.5931486487388611,media_T2::media_T2_PG01
T2,Operational sustainability and circular production,media,media_T2,media_T2_PG01,0,Circular Economy Evolution of Waste Streams,0_reuse_recyclable_bins_composting,"The micro-topic tracks the evolution of waste management discourse from early focus on composting and renewable resources to a highly technical focus on material science, corporate compliance, and eventually, a broad embrace of the circular economy, heavily influenced by large-scale events and material science advancements.",2011,167,3105,0.0537842190016103,117,117,1.0,1784,3107,2,corporate_T2_PG01,"Leaching, Mining, and Processing Lifecycle",0.5931486487388611,media_T2::media_T2_PG01
T2,Operational sustainability and circular production,media,media_T2,media_T2_PG01,0,Circular Economy Evolution of Waste Streams,0_reuse_recyclable_bins_composting,"The micro-topic tracks the evolution of waste management discourse from early focus on composting and renewable resources to a highly technical focus on material science, corporate compliance, and eventually, a broad embrace of the circular economy, heavily influenced by large-scale events and material science advancements.",2012,202,3105,0.0650563607085346,121,121,1.0,1784,3107,2,corporate_T2_PG01,"Leaching, Mining, and Processing Lifecycle",0.5931486487388611,media_T2::media_T2_PG01
T2,Operational sustainability and circular production,media,media_T2,media_T2_PG01,0,Circular Economy Evolution of Waste Streams,0_reuse_recyclable_bins_composting,"The micro-topic tracks the evolution of waste management discourse from early focus on composting and renewable resources to a highly technical focus on material science, corporate compliance, and eventually, a broad embrace of the circular economy, heavily influenced by large-scale events and material science advancements.",2013,351,3105,0.1130434782608695,169,169,1.0,1784,3107,2,corporate_T2_PG01,"Leaching, Mining, and Processing Lifecycle",0.5931486487388611,media_T2::media_T2_PG01
T2,Operational sustainability and circular production,media,media_T2,media_T2_PG01,0,Circular Economy Evolution of Waste Streams,0_reuse_recyclable_bins_composting,"The micro-topic tracks the evolution of waste management discourse from early focus on composting and renewable resources to a highly technical focus on material science, corporate compliance, and eventually, a broad embrace of the circular economy, heavily influenced by large-scale events and material science advancements.",2014,535,3105,0.1723027375201288,271,271,1.0,1784,3107,2,corporate_T2_PG01,"Leaching, Mining, and Processing Lifecycle",0.5931486487388611,media_T2::media_T2_PG01
T2,Operational sustainability and circular production,media,media_T2,media_T2_PG01,0,Circular Economy Evolution of Waste Streams,0_reuse_recyclable_bins_composting,"The micro-topic tracks the evolution of waste management discourse from early focus on composting and renewable resources to a highly technical focus on material science, corporate compliance, and eventually, a broad embrace of the circular economy, heavily influenced by large-scale events and material science advancements.",2015,246,3105,0.0792270531400966,131,131,1.0,1784,3107,2,corporate_T2_PG01,"Leaching, Mining, and Processing Lifecycle",0.5931486487388611,media_T2::media_T2_PG01
T2,Operational sustainability and circular production,media,media_T2,media_T2_PG01,0,Circular Economy Evolution of Waste Streams,0_reuse_recyclable_bins_composting,"The micro-topic tracks the evolution of waste management discourse from early focus on composting and renewable resources to a highly technical focus on material science, corporate compliance, and eventually, a broad embrace of the circular economy, heavily influenced by large-scale events and material science advancements.",2016,169,3105,0.0544283413848631,93,93,1.0,1784,3107,2,corporate_T2_PG01,"Leaching, Mining, and Processing Lifecycle",0.5931486487388611,media_T2::media_T2_PG01
T2,Operational sustainability and circular production,media,media_T2,media_T2_PG01,0,Circular Economy Evolution of Waste Streams,0_reuse_recyclable_bins_composting,"The micro-topic tracks the evolution of waste management discourse from early focus on composting and renewable resources to a highly technical focus on material science, corporate compliance, and eventually, a broad embrace of the circular economy, heavily influenced by large-scale events and material science advancements.",2017,101,3105,0.0325281803542673,62,62,1.0,1784,3107,2,corporate_T2_PG01,"Leaching, Mining, and Processing Lifecycle",0.5931486487388611,media_T2::media_T2_PG01
T2,Operational sustainability and circular production,media,media_T2,media_T2_PG01,0,Circular Economy Evolution of Waste Streams,0_reuse_recyclable_bins_composting,"The micro-topic tracks the evolution of waste management discourse from early focus on composting and renewable resources to a highly technical focus on material science, corporate compliance, and eventually, a broad embrace of the circular economy, heavily influenced by large-scale events and material science advancements.",2018,101,3105,0.0325281803542673,64,64,1.0,1784,3107,2,corporate_T2_PG01,"Leaching, Mining, and Processing Lifecycle",0.5931486487388611,media_T2::media_T2_PG01
T2,Operational sustainability and circular production,media,media_T2,media_T2_PG01,0,Circular Economy Evolution of Waste Streams,0_reuse_recyclable_bins_composting,"The micro-topic tracks the evolution of waste management discourse from early focus on composting and renewable resources to a highly technical focus on material science, corporate compliance, and eventually, a broad embrace of the circular economy, heavily influenced by large-scale events and material science advancements.",2019,140,3105,0.0450885668276972,73,73,1.0,1784,3107,2,corporate_T2_PG01,"Leaching, Mining, and Processing Lifecycle",0.5931486487388611,media_T2::media_T2_PG01
T2,Operational sustainability and circular production,media,media_T2,media_T2_PG01,0,Circular Economy Evolution of Waste Streams,0_reuse_recyclable_bins_composting,"The micro-topic tracks the evolution of waste management discourse from early focus on composting and renewable resources to a highly technical focus on material science, corporate compliance, and eventually, a broad embrace of the circular economy, heavily influenced by large-scale events and material science advancements.",2020,85,3105,0.0273752012882447,49,49,1.0,1784,3107,2,corporate_T2_PG01,"Leaching, Mining, and Processing Lifecycle",0.5931486487388611,media_T2::media_T2_PG01
T2,Operational sustainability and circular production,media,media_T2,media_T2_PG01,0,Circular Economy Evolution of Waste Streams,0_reuse_recyclable_bins_composting,"The micro-topic tracks the evolution of waste management discourse from early focus on composting and renewable resources to a highly technical focus on material science, corporate compliance, and eventually, a broad embrace of the circular economy, heavily influenced by large-scale events and material science advancements.",2021,115,3105,0.037037037037037,66,66,1.0,1784,3107,2,corporate_T2_PG01,"Leaching, Mining, and Processing Lifecycle",0.5931486487388611,media_T2::media_T2_PG01
T2,Operational sustainability and circular production,media,media_T2,media_T2_PG01,0,Circular Economy Evolution of Waste Streams,0_reuse_recyclable_bins_composting,"The micro-topic tracks the evolution of waste management discourse from early focus on composting and renewable resources to a highly technical focus on material science, corporate compliance, and eventually, a broad embrace of the circular economy, heavily influenced by large-scale events and material science advancements.",2022,112,3105,0.0360708534621578,69,69,1.0,1784,3107,2,corporate_T2_PG01,"Leaching, Mining, and Processing Lifecycle",0.5931486487388611,media_T2::media_T2_PG01
T2,Operational sustainability and circular production,media,media_T2,media_T2_PG01,0,Circular Economy Evolution of Waste Streams,0_reuse_recyclable_bins_composting,"The micro-topic tracks the evolution of waste management discourse from early focus on composting and renewable resources to a highly technical focus on material science, corporate compliance, and eventually, a broad embrace of the circular economy, heavily influenced by large-scale events and material science advancements.",2023,131,3105,0.0421900161030595,83,83,1.0,1784,3107,2,corporate_T2_PG01,"Leaching, Mining, and Processing Lifecycle",0.5931486487388611,media_T2::media_T2_PG01
T2,Operational sustainability and circular production,media,media_T2,media_T2_PG01,0,Circular Economy Evolution of Waste Streams,0_reuse_recyclable_bins_composting,"The micro-topic tracks the evolution of waste management discourse from early focus on composting and renewable resources to a highly technical focus on material science, corporate compliance, and eventually, a broad embrace of the circular economy, heavily influenced by large-scale events and material science advancements.",2024,136,3105,0.0438003220611916,80,80,1.0,1784,3107,2,corporate_T2_PG01,"Leaching, Mining, and Processing Lifecycle",0.5931486487388611,media_T2::media_T2_PG01
T2,Operational sustainability and circular production,media,media_T2,media_T2_PG01,0,Circular Economy Evolution of Waste Streams,0_reuse_recyclable_bins_composting,"The micro-topic tracks the evolution of waste management discourse from early focus on composting and renewable resources to a highly technical focus on material science, corporate compliance, and eventually, a broad embrace of the circular economy, heavily influenced by large-scale events and material science advancements.",2025,16,3105,0.0051529790660225,8,8,1.0,1784,3107,2,corporate_T2_PG01,"Leaching, Mining, and Processing Lifecycle",0.5931486487388611,media_T2::media_T2_PG01
T4,"Climate strategy, carbon governance and disclosure",academic,academic_T4,academic_T4_PG04,4,Transport Emissions and Decarbonization Trajectories,4_emissions_decarbonization_automotive_vehicular,"The micro-topic evolved from early theoretical examinations of transport externalities and economic viability to a highly focused, multi-faceted analysis of decarbonization pathways, heavily emphasizing vehicular electrification and achieving net-zero targets across various global contexts.",2000,2,15122,0.0001322576378785,2,25,0.08,1438,1505,6,corporate_T4_PG01,GHG Emissions Regulation and Risk Management,0.6060003042221069,academic_T4::academic_T4_PG04
T4,"Climate strategy, carbon governance and disclosure",academic,academic_T4,academic_T4_PG04,4,Transport Emissions and Decarbonization Trajectories,4_emissions_decarbonization_automotive_vehicular,"The micro-topic evolved from early theoretical examinations of transport externalities and economic viability to a highly focused, multi-faceted analysis of decarbonization pathways, heavily emphasizing vehicular electrification and achieving net-zero targets across various global contexts.",2001,7,15122,0.000462901732575,7,31,0.2258064516129032,1438,1505,6,corporate_T4_PG01,GHG Emissions Regulation and Risk Management,0.6060003042221069,academic_T4::academic_T4_PG04
T4,"Climate strategy, carbon governance and disclosure",academic,academic_T4,academic_T4_PG04,4,Transport Emissions and Decarbonization Trajectories,4_emissions_decarbonization_automotive_vehicular,"The micro-topic evolved from early theoretical examinations of transport externalities and economic viability to a highly focused, multi-faceted analysis of decarbonization pathways, heavily emphasizing vehicular electrification and achieving net-zero targets across various global contexts.",2002,4,15122,0.0002645152757571,4,35,0.1142857142857142,1438,1505,6,corporate_T4_PG01,GHG Emissions Regulation and Risk Management,0.6060003042221069,academic_T4::academic_T4_PG04
T4,"Climate strategy, carbon governance and disclosure",academic,academic_T4,academic_T4_PG04,4,Transport Emissions and Decarbonization Trajectories,4_emissions_decarbonization_automotive_vehicular,"The micro-topic evolved from early theoretical examinations of transport externalities and economic viability to a highly focused, multi-faceted analysis of decarbonization pathways, heavily emphasizing vehicular electrification and achieving net-zero targets across various global contexts.",2003,4,15122,0.0002645152757571,3,39,0.0769230769230769,1438,1505,6,corporate_T4_PG01,GHG Emissions Regulation and Risk Management,0.6060003042221069,academic_T4::academic_T4_PG04
T4,"Climate strategy, carbon governance and disclosure",academic,academic_T4,academic_T4_PG04,4,Transport Emissions and Decarbonization Trajectories,4_emissions_decarbonization_automotive_vehicular,"The micro-topic evolved from early theoretical examinations of transport externalities and economic viability to a highly focused, multi-faceted analysis of decarbonization pathways, heavily emphasizing vehicular electrification and achieving net-zero targets across various global contexts.",2004,7,15122,0.000462901732575,7,37,0.1891891891891892,1438,1505,6,corporate_T4_PG01,GHG Emissions Regulation and Risk Management,0.6060003042221069,academic_T4::academic_T4_PG04
T4,"Climate strategy, carbon governance and disclosure",academic,academic_T4,academic_T4_PG04,4,Transport Emissions and Decarbonization Trajectories,4_emissions_decarbonization_automotive_vehicular,"The micro-topic evolved from early theoretical examinations of transport externalities and economic viability to a highly focused, multi-faceted analysis of decarbonization pathways, heavily emphasizing vehicular electrification and achieving net-zero targets across various global contexts.",2005,2,15122,0.0001322576378785,2,43,0.0465116279069767,1438,1505,6,corporate_T4_PG01,GHG Emissions Regulation and Risk Management,0.6060003042221069,academic_T4::academic_T4_PG04
T4,"Climate strategy, carbon governance and disclosure",academic,academic_T4,academic_T4_PG04,4,Transport Emissions and Decarbonization Trajectories,4_emissions_decarbonization_automotive_vehicular,"The micro-topic evolved from early theoretical examinations of transport externalities and economic viability to a highly focused, multi-faceted analysis of decarbonization pathways, heavily emphasizing vehicular electrification and achieving net-zero targets across various global contexts.",2006,2,15122,0.0001322576378785,2,62,0.032258064516129,1438,1505,6,corporate_T4_PG01,GHG Emissions Regulation and Risk Management,0.6060003042221069,academic_T4::academic_T4_PG04
T4,"Climate strategy, carbon governance and disclosure",academic,academic_T4,academic_T4_PG04,4,Transport Emissions and Decarbonization Trajectories,4_emissions_decarbonization_automotive_vehicular,"The micro-topic evolved from early theoretical examinations of transport externalities and economic viability to a highly focused, multi-faceted analysis of decarbonization pathways, heavily emphasizing vehicular electrification and achieving net-zero targets across various global contexts.",2007,4,15122,0.0002645152757571,4,77,0.0519480519480519,1438,1505,6,corporate_T4_PG01,GHG Emissions Regulation and Risk Management,0.6060003042221069,academic_T4::academic_T4_PG04
T4,"Climate strategy, carbon governance and disclosure",academic,academic_T4,academic_T4_PG04,4,Transport Emissions and Decarbonization Trajectories,4_emissions_decarbonization_automotive_vehicular,"The micro-topic evolved from early theoretical examinations of transport externalities and economic viability to a highly focused, multi-faceted analysis of decarbonization pathways, heavily emphasizing vehicular electrification and achieving net-zero targets across various global contexts.",2008,5,15122,0.0003306440946964,4,86,0.0465116279069767,1438,1505,6,corporate_T4_PG01,GHG Emissions Regulation and Risk Management,0.6060003042221069,academic_T4::academic_T4_PG04
T4,"Climate strategy, carbon governance and disclosure",academic,academic_T4,academic_T4_PG04,4,Transport Emissions and Decarbonization Trajectories,4_emissions_decarbonization_automotive_vehicular,"The micro-topic evolved from early theoretical examinations of transport externalities and economic viability to a highly focused, multi-faceted analysis of decarbonization pathways, heavily emphasizing vehicular electrification and achieving net-zero targets across various global contexts.",2009,7,15122,0.000462901732575,7,110,0.0636363636363636,1438,1505,6,corporate_T4_PG01,GHG Emissions Regulation and Risk Management,0.6060003042221069,academic_T4::academic_T4_PG04
T4,"Climate strategy, carbon governance and disclosure",academic,academic_T4,academic_T4_PG04,4,Transport Emissions and Decarbonization Trajectories,4_emissions_decarbonization_automotive_vehicular,"The micro-topic evolved from early theoretical examinations of transport externalities and economic viability to a highly focused, multi-faceted analysis of decarbonization pathways, heavily emphasizing vehicular electrification and achieving net-zero targets across various global contexts.",2010,10,15122,0.0006612881893929,10,129,0.0775193798449612,1438,1505,6,corporate_T4_PG01,GHG Emissions Regulation and Risk Management,0.6060003042221069,academic_T4::academic_T4_PG04
T4,"Climate strategy, carbon governance and disclosure",academic,academic_T4,academic_T4_PG04,4,Transport Emissions and Decarbonization Trajectories,4_emissions_decarbonization_automotive_vehicular,"The micro-topic evolved from early theoretical examinations of transport externalities and economic viability to a highly focused, multi-faceted analysis of decarbonization pathways, heavily emphasizing vehicular electrification and achieving net-zero targets across various global contexts.",2011,15,15122,0.0009919322840894,13,159,0.0817610062893081,1438,1505,6,corporate_T4_PG01,GHG Emissions Regulation and Risk Management,0.6060003042221069,academic_T4::academic_T4_PG04
T4,"Climate strategy, carbon governance and disclosure",academic,academic_T4,academic_T4_PG04,4,Transport Emissions and Decarbonization Trajectories,4_emissions_decarbonization_automotive_vehicular,"The micro-topic evolved from early theoretical examinations of transport externalities and economic viability to a highly focused, multi-faceted analysis of decarbonization pathways, heavily emphasizing vehicular electrification and achieving net-zero targets across various global contexts.",2012,10,15122,0.0006612881893929,10,207,0.0483091787439613,1438,1505,6,corporate_T4_PG01,GHG Emissions Regulation and Risk Management,0.6060003042221069,academic_T4::academic_T4_PG04
T4,"Climate strategy, carbon governance and disclosure",academic,academic_T4,academic_T4_PG04,4,Transport Emissions and Decarbonization Trajectories,4_emissions_decarbonization_automotive_vehicular,"The micro-topic evolved from early theoretical examinations of transport externalities and economic viability to a highly focused, multi-faceted analysis of decarbonization pathways, heavily emphasizing vehicular electrification and achieving net-zero targets across various global contexts.",2013,16,15122,0.0010580611030286,16,257,0.0622568093385214,1438,1505,6,corporate_T4_PG01,GHG Emissions Regulation and Risk Management,0.6060003042221069,academic_T4::academic_T4_PG04
T4,"Climate strategy, carbon governance and disclosure",academic,academic_T4,academic_T4_PG04,4,Transport Emissions and Decarbonization Trajectories,4_emissions_decarbonization_automotive_vehicular,"The micro-topic evolved from early theoretical examinations of transport externalities and economic viability to a highly focused, multi-faceted analysis of decarbonization pathways, heavily emphasizing vehicular electrification and achieving net-zero targets across various global contexts.",2014,14,15122,0.0009258034651501,13,236,0.0550847457627118,1438,1505,6,corporate_T4_PG01,GHG Emissions Regulation and Risk Management,0.6060003042221069,academic_T4::academic_T4_PG04
T4,"Climate strategy, carbon governance and disclosure",academic,academic_T4,academic_T4_PG04,4,Transport Emissions and Decarbonization Trajectories,4_emissions_decarbonization_automotive_vehicular,"The micro-topic evolved from early theoretical examinations of transport externalities and economic viability to a highly focused, multi-faceted analysis of decarbonization pathways, heavily emphasizing vehicular electrification and achieving net-zero targets across various global contexts.",2015,18,15122,0.0011903187409072,18,269,0.0669144981412639,1438,1505,6,corporate_T4_PG01,GHG Emissions Regulation and Risk Management,0.6060003042221069,academic_T4::academic_T4_PG04
T4,"Climate strategy, carbon governance and disclosure",academic,academic_T4,academic_T4_PG04,4,Transport Emissions and Decarbonization Trajectories,4_emissions_decarbonization_automotive_vehicular,"The micro-topic evolved from early theoretical examinations of transport externalities and economic viability to a highly focused, multi-faceted analysis of decarbonization pathways, heavily emphasizing vehicular electrification and achieving net-zero targets across various global contexts.",2016,16,15122,0.0010580611030286,16,347,0.0461095100864553,1438,1505,6,corporate_T4_PG01,GHG Emissions Regulation and Risk Management,0.6060003042221069,academic_T4::academic_T4_PG04
T4,"Climate strategy, carbon governance and disclosure",academic,academic_T4,academic_T4_PG04,4,Transport Emissions and Decarbonization Trajectories,4_emissions_decarbonization_automotive_vehicular,"The micro-topic evolved from early theoretical examinations of transport externalities and economic viability to a highly focused, multi-faceted analysis of decarbonization pathways, heavily emphasizing vehicular electrification and achieving net-zero targets across various global contexts.",2017,27,15122,0.0017854781113609,27,434,0.0622119815668202,1438,1505,6,corporate_T4_PG01,GHG Emissions Regulation and Risk Management,0.6060003042221069,academic_T4::academic_T4_PG04
T4,"Climate strategy, carbon governance and disclosure",academic,academic_T4,academic_T4_PG04,4,Transport Emissions and Decarbonization Trajectories,4_emissions_decarbonization_automotive_vehicular,"The micro-topic evolved from early theoretical examinations of transport externalities and economic viability to a highly focused, multi-faceted analysis of decarbonization pathways, heavily emphasizing vehicular electrification and achieving net-zero targets across various global contexts.",2018,46,15122,0.0030419256712075,41,679,0.0603829160530191,1438,1505,6,corporate_T4_PG01,GHG Emissions Regulation and Risk Management,0.6060003042221069,academic_T4::academic_T4_PG04
T4,"Climate strategy, carbon governance and disclosure",academic,academic_T4,academic_T4_PG04,4,Transport Emissions and Decarbonization Trajectories,4_emissions_decarbonization_automotive_vehicular,"The micro-topic evolved from early theoretical examinations of transport externalities and economic viability to a highly focused, multi-faceted analysis of decarbonization pathways, heavily emphasizing vehicular electrification and achieving net-zero targets across various global contexts.",2019,67,15122,0.0044306308689326,64,896,0.0714285714285714,1438,1505,6,corporate_T4_PG01,GHG Emissions Regulation and Risk Management,0.6060003042221069,academic_T4::academic_T4_PG04
T4,"Climate strategy, carbon governance and disclosure",academic,academic_T4,academic_T4_PG04,4,Transport Emissions and Decarbonization Trajectories,4_emissions_decarbonization_automotive_vehicular,"The micro-topic evolved from early theoretical examinations of transport externalities and economic viability to a highly focused, multi-faceted analysis of decarbonization pathways, heavily emphasizing vehicular electrification and achieving net-zero targets across various global contexts.",2020,86,15122,0.0056870784287792,85,1104,0.0769927536231884,1438,1505,6,corporate_T4_PG01,GHG Emissions Regulation and Risk Management,0.6060003042221069,academic_T4::academic_T4_PG04
T4,"Climate strategy, carbon governance and disclosure",academic,academic_T4,academic_T4_PG04,4,Transport Emissions and Decarbonization Trajectories,4_emissions_decarbonization_automotive_vehicular,"The micro-topic evolved from early theoretical examinations of transport externalities and economic viability to a highly focused, multi-faceted analysis of decarbonization pathways, heavily emphasizing vehicular electrification and achieving net-zero targets across various global contexts.",2021,139,15122,0.0091919058325618,134,1380,0.0971014492753623,1438,1505,6,corporate_T4_PG01,GHG Emissions Regulation and Risk Management,0.6060003042221069,academic_T4::academic_T4_PG04
T4,"Climate strategy, carbon governance and disclosure",academic,academic_T4,academic_T4_PG04,4,Transport Emissions and Decarbonization Trajectories,4_emissions_decarbonization_automotive_vehicular,"The micro-topic evolved from early theoretical examinations of transport externalities and economic viability to a highly focused, multi-faceted analysis of decarbonization pathways, heavily emphasizing vehicular electrification and achieving net-zero targets across various global contexts.",2022,199,15122,0.0131596349689194,189,1679,0.1125670041691483,1438,1505,6,corporate_T4_PG01,GHG Emissions Regulation and Risk Management,0.6060003042221069,academic_T4::academic_T4_PG04
T4,"Climate strategy, carbon governance and disclosure",academic,academic_T4,academic_T4_PG04,4,Transport Emissions and Decarbonization Trajectories,4_emissions_decarbonization_automotive_vehicular,"The micro-topic evolved from early theoretical examinations of transport externalities and economic viability to a highly focused, multi-faceted analysis of decarbonization pathways, heavily emphasizing vehicular electrification and achieving net-zero targets across various global contexts.",2023,263,15122,0.0173918793810342,250,2301,0.1086484137331594,1438,1505,6,corporate_T4_PG01,GHG Emissions Regulation and Risk Management,0.6060003042221069,academic_T4::academic_T4_PG04
T4,"Climate strategy, carbon governance and disclosure",academic,academic_T4,academic_T4_PG04,4,Transport Emissions and Decarbonization Trajectories,4_emissions_decarbonization_automotive_vehicular,"The micro-topic evolved from early theoretical examinations of transport externalities and economic viability to a highly focused, multi-faceted analysis of decarbonization pathways, heavily emphasizing vehicular electrification and achieving net-zero targets across various global contexts.",2024,360,15122,0.0238063748181457,341,3825,0.0891503267973856,1438,1505,6,corporate_T4_PG01,GHG Emissions Regulation and Risk Management,0.6060003042221069,academic_T4::academic_T4_PG04
T4,"Climate strategy, carbon governance and disclosure",academic,academic_T4,academic_T4_PG04,4,Transport Emissions and Decarbonization Trajectories,4_emissions_decarbonization_automotive_vehicular,"The micro-topic evolved from early theoretical examinations of transport externalities and economic viability to a highly focused, multi-faceted analysis of decarbonization pathways, heavily emphasizing vehicular electrification and achieving net-zero targets across various global contexts.",2025,175,15122,0.0115725433143764,169,2232,0.0757168458781362,1438,1505,6,corporate_T4_PG01,GHG Emissions Regulation and Risk Management,0.6060003042221069,academic_T4::academic_T4_PG04
T4,"Climate strategy, carbon governance and disclosure",academic,academic_T4,academic_T4_PG03,3,CCS and Carbonate Utilization/Storage,3_ccs_co2_carbonates_carbonate,"The micro-topic evolved from early, geographically specific CCS investigations to a strong focus on subsurface safety (leakage detection), then broadened into chemical utilization pathways (carbonates), before settling into a sustained focus on the integration of CCS with energy systems and geological storage, with later years showing a strong trend toward biochar and natural carbon sinks.",2000,1,15122,6.612881893929374e-05,1,25,0.04,1163,1266,6,corporate_T4_PG02,"Evolution of Hedging, Valuation, and Impairment Testing",0.6034935712814331,academic_T4::academic_T4_PG03
T4,"Climate strategy, carbon governance and disclosure",academic,academic_T4,academic_T4_PG03,3,CCS and Carbonate Utilization/Storage,3_ccs_co2_carbonates_carbonate,"The micro-topic evolved from early, geographically specific CCS investigations to a strong focus on subsurface safety (leakage detection), then broadened into chemical utilization pathways (carbonates), before settling into a sustained focus on the integration of CCS with energy systems and geological storage, with later years showing a strong trend toward biochar and natural carbon sinks.",2001,1,15122,6.612881893929374e-05,1,31,0.032258064516129,1163,1266,6,corporate_T4_PG02,"Evolution of Hedging, Valuation, and Impairment Testing",0.6034935712814331,academic_T4::academic_T4_PG03
T4,"Climate strategy, carbon governance and disclosure",academic,academic_T4,academic_T4_PG03,3,CCS and Carbonate Utilization/Storage,3_ccs_co2_carbonates_carbonate,"The micro-topic evolved from early, geographically specific CCS investigations to a strong focus on subsurface safety (leakage detection), then broadened into chemical utilization pathways (carbonates), before settling into a sustained focus on the integration of CCS with energy systems and geological storage, with later years showing a strong trend toward biochar and natural carbon sinks.",2002,2,15122,0.0001322576378785,2,35,0.0571428571428571,1163,1266,6,corporate_T4_PG02,"Evolution of Hedging, Valuation, and Impairment Testing",0.6034935712814331,academic_T4::academic_T4_PG03
T4,"Climate strategy, carbon governance and disclosure",academic,academic_T4,academic_T4_PG03,3,CCS and Carbonate Utilization/Storage,3_ccs_co2_carbonates_carbonate,"The micro-topic evolved from early, geographically specific CCS investigations to a strong focus on subsurface safety (leakage detection), then broadened into chemical utilization pathways (carbonates), before settling into a sustained focus on the integration of CCS with energy systems and geological storage, with later years showing a strong trend toward biochar and natural carbon sinks.",2003,3,15122,0.0001983864568178,3,39,0.0769230769230769,1163,1266,6,corporate_T4_PG02,"Evolution of Hedging, Valuation, and Impairment Testing",0.6034935712814331,academic_T4::academic_T4_PG03
T4,"Climate strategy, carbon governance and disclosure",academic,academic_T4,academic_T4_PG03,3,CCS and Carbonate Utilization/Storage,3_ccs_co2_carbonates_carbonate,"The micro-topic evolved from early, geographically specific CCS investigations to a strong focus on subsurface safety (leakage detection), then broadened into chemical utilization pathways (carbonates), before settling into a sustained focus on the integration of CCS with energy systems and geological storage, with later years showing a strong trend toward biochar and natural carbon sinks.",2004,3,15122,0.0001983864568178,3,37,0.081081081081081,1163,1266,6,corporate_T4_PG02,"Evolution of Hedging, Valuation, and Impairment Testing",0.6034935712814331,academic_T4::academic_T4_PG03
T4,"Climate strategy, carbon governance and disclosure",academic,academic_T4,academic_T4_PG03,3,CCS and Carbonate Utilization/Storage,3_ccs_co2_carbonates_carbonate,"The micro-topic evolved from early, geographically specific CCS investigations to a strong focus on subsurface safety (leakage detection), then broadened into chemical utilization pathways (carbonates), before settling into a sustained focus on the integration of CCS with energy systems and geological storage, with later years showing a strong trend toward biochar and natural carbon sinks.",2005,1,15122,6.612881893929374e-05,1,43,0.0232558139534883,1163,1266,6,corporate_T4_PG02,"Evolution of Hedging, Valuation, and Impairment Testing",0.6034935712814331,academic_T4::academic_T4_PG03
T4,"Climate strategy, carbon governance and disclosure",academic,academic_T4,academic_T4_PG03,3,CCS and Carbonate Utilization/Storage,3_ccs_co2_carbonates_carbonate,"The micro-topic evolved from early, geographically specific CCS investigations to a strong focus on subsurface safety (leakage detection), then broadened into chemical utilization pathways (carbonates), before settling into a sustained focus on the integration of CCS with energy systems and geological storage, with later years showing a strong trend toward biochar and natural carbon sinks.",2006,5,15122,0.0003306440946964,5,62,0.0806451612903225,1163,1266,6,corporate_T4_PG02,"Evolution of Hedging, Valuation, and Impairment Testing",0.6034935712814331,academic_T4::academic_T4_PG03
T4,"Climate strategy, carbon governance and disclosure",academic,academic_T4,academic_T4_PG03,3,CCS and Carbonate Utilization/Storage,3_ccs_co2_carbonates_carbonate,"The micro-topic evolved from early, geographically specific CCS investigations to a strong focus on subsurface safety (leakage detection), then broadened into chemical utilization pathways (carbonates), before settling into a sustained focus on the integration of CCS with energy systems and geological storage, with later years showing a strong trend toward biochar and natural carbon sinks.",2007,7,15122,0.000462901732575,7,77,0.0909090909090909,1163,1266,6,corporate_T4_PG02,"Evolution of Hedging, Valuation, and Impairment Testing",0.6034935712814331,academic_T4::academic_T4_PG03
T4,"Climate strategy, carbon governance and disclosure",academic,academic_T4,academic_T4_PG03,3,CCS and Carbonate Utilization/Storage,3_ccs_co2_carbonates_carbonate,"The micro-topic evolved from early, geographically specific CCS investigations to a strong focus on subsurface safety (leakage detection), then broadened into chemical utilization pathways (carbonates), before settling into a sustained focus on the integration of CCS with energy systems and geological storage, with later years showing a strong trend toward biochar and natural carbon sinks.",2008,11,15122,0.0007274170083322,10,86,0.1162790697674418,1163,1266,6,corporate_T4_PG02,"Evolution of Hedging, Valuation, and Impairment Testing",0.6034935712814331,academic_T4::academic_T4_PG03
T4,"Climate strategy, carbon governance and disclosure",academic,academic_T4,academic_T4_PG03,3,CCS and Carbonate Utilization/Storage,3_ccs_co2_carbonates_carbonate,"The micro-topic evolved from early, geographically specific CCS investigations to a strong focus on subsurface safety (leakage detection), then broadened into chemical utilization pathways (carbonates), before settling into a sustained focus on the integration of CCS with energy systems and geological storage, with later years showing a strong trend toward biochar and natural carbon sinks.",2009,14,15122,0.0009258034651501,13,110,0.1181818181818181,1163,1266,6,corporate_T4_PG02,"Evolution of Hedging, Valuation, and Impairment Testing",0.6034935712814331,academic_T4::academic_T4_PG03
T4,"Climate strategy, carbon governance and disclosure",academic,academic_T4,academic_T4_PG03,3,CCS and Carbonate Utilization/Storage,3_ccs_co2_carbonates_carbonate,"The micro-topic evolved from early, geographically specific CCS investigations to a strong focus on subsurface safety (leakage detection), then broadened into chemical utilization pathways (carbonates), before settling into a sustained focus on the integration of CCS with energy systems and geological storage, with later years showing a strong trend toward biochar and natural carbon sinks.",2010,18,15122,0.0011903187409072,16,129,0.1240310077519379,1163,1266,6,corporate_T4_PG02,"Evolution of Hedging, Valuation, and Impairment Testing",0.6034935712814331,academic_T4::academic_T4_PG03
T4,"Climate strategy, carbon governance and disclosure",academic,academic_T4,academic_T4_PG03,3,CCS and Carbonate Utilization/Storage,3_ccs_co2_carbonates_carbonate,"The micro-topic evolved from early, geographically specific CCS investigations to a strong focus on subsurface safety (leakage detection), then broadened into chemical utilization pathways (carbonates), before settling into a sustained focus on the integration of CCS with energy systems and geological storage, with later years showing a strong trend toward biochar and natural carbon sinks.",2011,20,15122,0.0013225763787858,14,159,0.0880503144654088,1163,1266,6,corporate_T4_PG02,"Evolution of Hedging, Valuation, and Impairment Testing",0.6034935712814331,academic_T4::academic_T4_PG03
T4,"Climate strategy, carbon governance and disclosure",academic,academic_T4,academic_T4_PG03,3,CCS and Carbonate Utilization/Storage,3_ccs_co2_carbonates_carbonate,"The micro-topic evolved from early, geographically specific CCS investigations to a strong focus on subsurface safety (leakage detection), then broadened into chemical utilization pathways (carbonates), before settling into a sustained focus on the integration of CCS with energy systems and geological storage, with later years showing a strong trend toward biochar and natural carbon sinks.",2012,23,15122,0.0015209628356037,21,207,0.1014492753623188,1163,1266,6,corporate_T4_PG02,"Evolution of Hedging, Valuation, and Impairment Testing",0.6034935712814331,academic_T4::academic_T4_PG03
T4,"Climate strategy, carbon governance and disclosure",academic,academic_T4,academic_T4_PG03,3,CCS and Carbonate Utilization/Storage,3_ccs_co2_carbonates_carbonate,"The micro-topic evolved from early, geographically specific CCS investigations to a strong focus on subsurface safety (leakage detection), then broadened into chemical utilization pathways (carbonates), before settling into a sustained focus on the integration of CCS with energy systems and geological storage, with later years showing a strong trend toward biochar and natural carbon sinks.",2013,40,15122,0.0026451527575717,38,257,0.1478599221789883,1163,1266,6,corporate_T4_PG02,"Evolution of Hedging, Valuation, and Impairment Testing",0.6034935712814331,academic_T4::academic_T4_PG03
T4,"Climate strategy, carbon governance and disclosure",academic,academic_T4,academic_T4_PG03,3,CCS and Carbonate Utilization/Storage,3_ccs_co2_carbonates_carbonate,"The micro-topic evolved from early, geographically specific CCS investigations to a strong focus on subsurface safety (leakage detection), then broadened into chemical utilization pathways (carbonates), before settling into a sustained focus on the integration of CCS with energy systems and geological storage, with later years showing a strong trend toward biochar and natural carbon sinks.",2014,29,15122,0.0019177357492395,27,236,0.1144067796610169,1163,1266,6,corporate_T4_PG02,"Evolution of Hedging, Valuation, and Impairment Testing",0.6034935712814331,academic_T4::academic_T4_PG03
T4,"Climate strategy, carbon governance and disclosure",academic,academic_T4,academic_T4_PG03,3,CCS and Carbonate Utilization/Storage,3_ccs_co2_carbonates_carbonate,"The micro-topic evolved from early, geographically specific CCS investigations to a strong focus on subsurface safety (leakage detection), then broadened into chemical utilization pathways (carbonates), before settling into a sustained focus on the integration of CCS with energy systems and geological storage, with later years showing a strong trend toward biochar and natural carbon sinks.",2015,25,15122,0.0016532204734823,25,269,0.0929368029739776,1163,1266,6,corporate_T4_PG02,"Evolution of Hedging, Valuation, and Impairment Testing",0.6034935712814331,academic_T4::academic_T4_PG03
T4,"Climate strategy, carbon governance and disclosure",academic,academic_T4,academic_T4_PG03,3,CCS and Carbonate Utilization/Storage,3_ccs_co2_carbonates_carbonate,"The micro-topic evolved from early, geographically specific CCS investigations to a strong focus on subsurface safety (leakage detection), then broadened into chemical utilization pathways (carbonates), before settling into a sustained focus on the integration of CCS with energy systems and geological storage, with later years showing a strong trend toward biochar and natural carbon sinks.",2016,29,15122,0.0019177357492395,26,347,0.0749279538904899,1163,1266,6,corporate_T4_PG02,"Evolution of Hedging, Valuation, and Impairment Testing",0.6034935712814331,academic_T4::academic_T4_PG03
T4,"Climate strategy, carbon governance and disclosure",academic,academic_T4,academic_T4_PG03,3,CCS and Carbonate Utilization/Storage,3_ccs_co2_carbonates_carbonate,"The micro-topic evolved from early, geographically specific CCS investigations to a strong focus on subsurface safety (leakage detection), then broadened into chemical utilization pathways (carbonates), before settling into a sustained focus on the integration of CCS with energy systems and geological storage, with later years showing a strong trend toward biochar and natural carbon sinks.",2017,46,15122,0.0030419256712075,42,434,0.0967741935483871,1163,1266,6,corporate_T4_PG02,"Evolution of Hedging, Valuation, and Impairment Testing",0.6034935712814331,academic_T4::academic_T4_PG03
T4,"Climate strategy, carbon governance and disclosure",academic,academic_T4,academic_T4_PG03,3,CCS and Carbonate Utilization/Storage,3_ccs_co2_carbonates_carbonate,"The micro-topic evolved from early, geographically specific CCS investigations to a strong focus on subsurface safety (leakage detection), then broadened into chemical utilization pathways (carbonates), before settling into a sustained focus on the integration of CCS with energy systems and geological storage, with later years showing a strong trend toward biochar and natural carbon sinks.",2018,68,15122,0.0044967596878719,60,679,0.0883652430044182,1163,1266,6,corporate_T4_PG02,"Evolution of Hedging, Valuation, and Impairment Testing",0.6034935712814331,academic_T4::academic_T4_PG03
T4,"Climate strategy, carbon governance and disclosure",academic,academic_T4,academic_T4_PG03,3,CCS and Carbonate Utilization/Storage,3_ccs_co2_carbonates_carbonate,"The micro-topic evolved from early, geographically specific CCS investigations to a strong focus on subsurface safety (leakage detection), then broadened into chemical utilization pathways (carbonates), before settling into a sustained focus on the integration of CCS with energy systems and geological storage, with later years showing a strong trend toward biochar and natural carbon sinks.",2019,82,15122,0.005422563153022,74,896,0.0825892857142857,1163,1266,6,corporate_T4_PG02,"Evolution of Hedging, Valuation, and Impairment Testing",0.6034935712814331,academic_T4::academic_T4_PG03
T4,"Climate strategy, carbon governance and disclosure",academic,academic_T4,academic_T4_PG03,3,CCS and Carbonate Utilization/Storage,3_ccs_co2_carbonates_carbonate,"The micro-topic evolved from early, geographically specific CCS investigations to a strong focus on subsurface safety (leakage detection), then broadened into chemical utilization pathways (carbonates), before settling into a sustained focus on the integration of CCS with energy systems and geological storage, with later years showing a strong trend toward biochar and natural carbon sinks.",2020,88,15122,0.0058193360666578,82,1104,0.0742753623188405,1163,1266,6,corporate_T4_PG02,"Evolution of Hedging, Valuation, and Impairment Testing",0.6034935712814331,academic_T4::academic_T4_PG03
T4,"Climate strategy, carbon governance and disclosure",academic,academic_T4,academic_T4_PG03,3,CCS and Carbonate Utilization/Storage,3_ccs_co2_carbonates_carbonate,"The micro-topic evolved from early, geographically specific CCS investigations to a strong focus on subsurface safety (leakage detection), then broadened into chemical utilization pathways (carbonates), before settling into a sustained focus on the integration of CCS with energy systems and geological storage, with later years showing a strong trend toward biochar and natural carbon sinks.",2021,128,15122,0.0084644888242295,120,1380,0.0869565217391304,1163,1266,6,corporate_T4_PG02,"Evolution of Hedging, Valuation, and Impairment Testing",0.6034935712814331,academic_T4::academic_T4_PG03
T4,"Climate strategy, carbon governance and disclosure",academic,academic_T4,academic_T4_PG03,3,CCS and Carbonate Utilization/Storage,3_ccs_co2_carbonates_carbonate,"The micro-topic evolved from early, geographically specific CCS investigations to a strong focus on subsurface safety (leakage detection), then broadened into chemical utilization pathways (carbonates), before settling into a sustained focus on the integration of CCS with energy systems and geological storage, with later years showing a strong trend toward biochar and natural carbon sinks.",2022,121,15122,0.0080015870916545,116,1679,0.069088743299583,1163,1266,6,corporate_T4_PG02,"Evolution of Hedging, Valuation, and Impairment Testing",0.6034935712814331,academic_T4::academic_T4_PG03
T4,"Climate strategy, carbon governance and disclosure",academic,academic_T4,academic_T4_PG03,3,CCS and Carbonate Utilization/Storage,3_ccs_co2_carbonates_carbonate,"The micro-topic evolved from early, geographically specific CCS investigations to a strong focus on subsurface safety (leakage detection), then broadened into chemical utilization pathways (carbonates), before settling into a sustained focus on the integration of CCS with energy systems and geological storage, with later years showing a strong trend toward biochar and natural carbon sinks.",2023,144,15122,0.0095225499272583,129,2301,0.0560625814863103,1163,1266,6,corporate_T4_PG02,"Evolution of Hedging, Valuation, and Impairment Testing",0.6034935712814331,academic_T4::academic_T4_PG03
T4,"Climate strategy, carbon governance and disclosure",academic,academic_T4,academic_T4_PG03,3,CCS and Carbonate Utilization/Storage,3_ccs_co2_carbonates_carbonate,"The micro-topic evolved from early, geographically specific CCS investigations to a strong focus on subsurface safety (leakage detection), then broadened into chemical utilization pathways (carbonates), before settling into a sustained focus on the integration of CCS with energy systems and geological storage, with later years showing a strong trend toward biochar and natural carbon sinks.",2024,241,15122,0.0159370453643697,222,3825,0.0580392156862745,1163,1266,6,corporate_T4_PG02,"Evolution of Hedging, Valuation, and Impairment Testing",0.6034935712814331,academic_T4::academic_T4_PG03
T4,"Climate strategy, carbon governance and disclosure",academic,academic_T4,academic_T4_PG03,3,CCS and Carbonate Utilization/Storage,3_ccs_co2_carbonates_carbonate,"The micro-topic evolved from early, geographically specific CCS investigations to a strong focus on subsurface safety (leakage detection), then broadened into chemical utilization pathways (carbonates), before settling into a sustained focus on the integration of CCS with energy systems and geological storage, with later years showing a strong trend toward biochar and natural carbon sinks.",2025,116,15122,0.007670942996958,105,2232,0.0470430107526881,1163,1266,6,corporate_T4_PG02,"Evolution of Hedging, Valuation, and Impairment Testing",0.6034935712814331,academic_T4::academic_T4_PG03
T4,"Climate strategy, carbon governance and disclosure",academic,academic_T4,academic_T4_S001,1,Evolution of HRM Focus: From Organizational Climate to Sustainable Workforce Management,1_shrm_hrm_workforce_hr,"The micro-topic evolved from early conceptualizations of organizational and employee well-being (2000-2003) to a strong focus on performance measurement and intangible assets (2001-2002). It then broadened into talent retention and organizational change mechanisms (2003-2007), before shifting heavily towards integrating HRM with sustainability and broader organizational competitiveness (2012-2014). The later period (2016-2025) is characterized by a sustained focus on the interplay between organizational climate, employee engagement, and sustainable HRM practices, culminating in a strong emphasis on Green HRM and the Employee Value Proposition.",2000,5,15122,0.0003306440946964,5,25,0.2,1078,1111,1,corporate_T4_PG01,GHG Emissions Regulation and Risk Management,0.5650961399078369,academic_T4::academic_T4_S001
T4,"Climate strategy, carbon governance and disclosure",academic,academic_T4,academic_T4_S001,1,Evolution of HRM Focus: From Organizational Climate to Sustainable Workforce Management,1_shrm_hrm_workforce_hr,"The micro-topic evolved from early conceptualizations of organizational and employee well-being (2000-2003) to a strong focus on performance measurement and intangible assets (2001-2002). It then broadened into talent retention and organizational change mechanisms (2003-2007), before shifting heavily towards integrating HRM with sustainability and broader organizational competitiveness (2012-2014). The later period (2016-2025) is characterized by a sustained focus on the interplay between organizational climate, employee engagement, and sustainable HRM practices, culminating in a strong emphasis on Green HRM and the Employee Value Proposition.",2001,2,15122,0.0001322576378785,2,31,0.064516129032258,1078,1111,1,corporate_T4_PG01,GHG Emissions Regulation and Risk Management,0.5650961399078369,academic_T4::academic_T4_S001
T4,"Climate strategy, carbon governance and disclosure",academic,academic_T4,academic_T4_S001,1,Evolution of HRM Focus: From Organizational Climate to Sustainable Workforce Management,1_shrm_hrm_workforce_hr,"The micro-topic evolved from early conceptualizations of organizational and employee well-being (2000-2003) to a strong focus on performance measurement and intangible assets (2001-2002). It then broadened into talent retention and organizational change mechanisms (2003-2007), before shifting heavily towards integrating HRM with sustainability and broader organizational competitiveness (2012-2014). The later period (2016-2025) is characterized by a sustained focus on the interplay between organizational climate, employee engagement, and sustainable HRM practices, culminating in a strong emphasis on Green HRM and the Employee Value Proposition.",2002,1,15122,6.612881893929374e-05,1,35,0.0285714285714285,1078,1111,1,corporate_T4_PG01,GHG Emissions Regulation and Risk Management,0.5650961399078369,academic_T4::academic_T4_S001
T4,"Climate strategy, carbon governance and disclosure",academic,academic_T4,academic_T4_S001,1,Evolution of HRM Focus: From Organizational Climate to Sustainable Workforce Management,1_shrm_hrm_workforce_hr,"The micro-topic evolved from early conceptualizations of organizational and employee well-being (2000-2003) to a strong focus on performance measurement and intangible assets (2001-2002). It then broadened into talent retention and organizational change mechanisms (2003-2007), before shifting heavily towards integrating HRM with sustainability and broader organizational competitiveness (2012-2014). The later period (2016-2025) is characterized by a sustained focus on the interplay between organizational climate, employee engagement, and sustainable HRM practices, culminating in a strong emphasis on Green HRM and the Employee Value Proposition.",2003,5,15122,0.0003306440946964,5,39,0.1282051282051282,1078,1111,1,corporate_T4_PG01,GHG Emissions Regulation and Risk Management,0.5650961399078369,academic_T4::academic_T4_S001
T4,"Climate strategy, carbon governance and disclosure",academic,academic_T4,academic_T4_S001,1,Evolution of HRM Focus: From Organizational Climate to Sustainable Workforce Management,1_shrm_hrm_workforce_hr,"The micro-topic evolved from early conceptualizations of organizational and employee well-being (2000-2003) to a strong focus on performance measurement and intangible assets (2001-2002). It then broadened into talent retention and organizational change mechanisms (2003-2007), before shifting heavily towards integrating HRM with sustainability and broader organizational competitiveness (2012-2014). The later period (2016-2025) is characterized by a sustained focus on the interplay between organizational climate, employee engagement, and sustainable HRM practices, culminating in a strong emphasis on Green HRM and the Employee Value Proposition.",2004,1,15122,6.612881893929374e-05,1,37,0.027027027027027,1078,1111,1,corporate_T4_PG01,GHG Emissions Regulation and Risk Management,0.5650961399078369,academic_T4::academic_T4_S001
T4,"Climate strategy, carbon governance and disclosure",academic,academic_T4,academic_T4_S001,1,Evolution of HRM Focus: From Organizational Climate to Sustainable Workforce Management,1_shrm_hrm_workforce_hr,"The micro-topic evolved from early conceptualizations of organizational and employee well-being (2000-2003) to a strong focus on performance measurement and intangible assets (2001-2002). It then broadened into talent retention and organizational change mechanisms (2003-2007), before shifting heavily towards integrating HRM with sustainability and broader organizational competitiveness (2012-2014). The later period (2016-2025) is characterized by a sustained focus on the interplay between organizational climate, employee engagement, and sustainable HRM practices, culminating in a strong emphasis on Green HRM and the Employee Value Proposition.",2005,4,15122,0.0002645152757571,4,43,0.0930232558139534,1078,1111,1,corporate_T4_PG01,GHG Emissions Regulation and Risk Management,0.5650961399078369,academic_T4::academic_T4_S001
T4,"Climate strategy, carbon governance and disclosure",academic,academic_T4,academic_T4_S001,1,Evolution of HRM Focus: From Organizational Climate to Sustainable Workforce Management,1_shrm_hrm_workforce_hr,"The micro-topic evolved from early conceptualizations of organizational and employee well-being (2000-2003) to a strong focus on performance measurement and intangible assets (2001-2002). It then broadened into talent retention and organizational change mechanisms (2003-2007), before shifting heavily towards integrating HRM with sustainability and broader organizational competitiveness (2012-2014). The later period (2016-2025) is characterized by a sustained focus on the interplay between organizational climate, employee engagement, and sustainable HRM practices, culminating in a strong emphasis on Green HRM and the Employee Value Proposition.",2006,9,15122,0.0005951593704536,9,62,0.1451612903225806,1078,1111,1,corporate_T4_PG01,GHG Emissions Regulation and Risk Management,0.5650961399078369,academic_T4::academic_T4_S001
T4,"Climate strategy, carbon governance and disclosure",academic,academic_T4,academic_T4_S001,1,Evolution of HRM Focus: From Organizational Climate to Sustainable Workforce Management,1_shrm_hrm_workforce_hr,"The micro-topic evolved from early conceptualizations of organizational and employee well-being (2000-2003) to a strong focus on performance measurement and intangible assets (2001-2002). It then broadened into talent retention and organizational change mechanisms (2003-2007), before shifting heavily towards integrating HRM with sustainability and broader organizational competitiveness (2012-2014). The later period (2016-2025) is characterized by a sustained focus on the interplay between organizational climate, employee engagement, and sustainable HRM practices, culminating in a strong emphasis on Green HRM and the Employee Value Proposition.",2007,5,15122,0.0003306440946964,5,77,0.0649350649350649,1078,1111,1,corporate_T4_PG01,GHG Emissions Regulation and Risk Management,0.5650961399078369,academic_T4::academic_T4_S001
T4,"Climate strategy, carbon governance and disclosure",academic,academic_T4,academic_T4_S001,1,Evolution of HRM Focus: From Organizational Climate to Sustainable Workforce Management,1_shrm_hrm_workforce_hr,"The micro-topic evolved from early conceptualizations of organizational and employee well-being (2000-2003) to a strong focus on performance measurement and intangible assets (2001-2002). It then broadened into talent retention and organizational change mechanisms (2003-2007), before shifting heavily towards integrating HRM with sustainability and broader organizational competitiveness (2012-2014). The later period (2016-2025) is characterized by a sustained focus on the interplay between organizational climate, employee engagement, and sustainable HRM practices, culminating in a strong emphasis on Green HRM and the Employee Value Proposition.",2008,4,15122,0.0002645152757571,4,86,0.0465116279069767,1078,1111,1,corporate_T4_PG01,GHG Emissions Regulation and Risk Management,0.5650961399078369,academic_T4::academic_T4_S001
T4,"Climate strategy, carbon governance and disclosure",academic,academic_T4,academic_T4_S001,1,Evolution of HRM Focus: From Organizational Climate to Sustainable Workforce Management,1_shrm_hrm_workforce_hr,"The micro-topic evolved from early conceptualizations of organizational and employee well-being (2000-2003) to a strong focus on performance measurement and intangible assets (2001-2002). It then broadened into talent retention and organizational change mechanisms (2003-2007), before shifting heavily towards integrating HRM with sustainability and broader organizational competitiveness (2012-2014). The later period (2016-2025) is characterized by a sustained focus on the interplay between organizational climate, employee engagement, and sustainable HRM practices, culminating in a strong emphasis on Green HRM and the Employee Value Proposition.",2009,3,15122,0.0001983864568178,3,110,0.0272727272727272,1078,1111,1,corporate_T4_PG01,GHG Emissions Regulation and Risk Management,0.5650961399078369,academic_T4::academic_T4_S001
T4,"Climate strategy, carbon governance and disclosure",academic,academic_T4,academic_T4_S001,1,Evolution of HRM Focus: From Organizational Climate to Sustainable Workforce Management,1_shrm_hrm_workforce_hr,"The micro-topic evolved from early conceptualizations of organizational and employee well-being (2000-2003) to a strong focus on performance measurement and intangible assets (2001-2002). It then broadened into talent retention and organizational change mechanisms (2003-2007), before shifting heavily towards integrating HRM with sustainability and broader organizational competitiveness (2012-2014). The later period (2016-2025) is characterized by a sustained focus on the interplay between organizational climate, employee engagement, and sustainable HRM practices, culminating in a strong emphasis on Green HRM and the Employee Value Proposition.",2010,4,15122,0.0002645152757571,4,129,0.0310077519379844,1078,1111,1,corporate_T4_PG01,GHG Emissions Regulation and Risk Management,0.5650961399078369,academic_T4::academic_T4_S001
T4,"Climate strategy, carbon governance and disclosure",academic,academic_T4,academic_T4_S001,1,Evolution of HRM Focus: From Organizational Climate to Sustainable Workforce Management,1_shrm_hrm_workforce_hr,"The micro-topic evolved from early conceptualizations of organizational and employee well-being (2000-2003) to a strong focus on performance measurement and intangible assets (2001-2002). It then broadened into talent retention and organizational change mechanisms (2003-2007), before shifting heavily towards integrating HRM with sustainability and broader organizational competitiveness (2012-2014). The later period (2016-2025) is characterized by a sustained focus on the interplay between organizational climate, employee engagement, and sustainable HRM practices, culminating in a strong emphasis on Green HRM and the Employee Value Proposition.",2011,11,15122,0.0007274170083322,11,159,0.0691823899371069,1078,1111,1,corporate_T4_PG01,GHG Emissions Regulation and Risk Management,0.5650961399078369,academic_T4::academic_T4_S001
T4,"Climate strategy, carbon governance and disclosure",academic,academic_T4,academic_T4_S001,1,Evolution of HRM Focus: From Organizational Climate to Sustainable Workforce Management,1_shrm_hrm_workforce_hr,"The micro-topic evolved from early conceptualizations of organizational and employee well-being (2000-2003) to a strong focus on performance measurement and intangible assets (2001-2002). It then broadened into talent retention and organizational change mechanisms (2003-2007), before shifting heavily towards integrating HRM with sustainability and broader organizational competitiveness (2012-2014). The later period (2016-2025) is characterized by a sustained focus on the interplay between organizational climate, employee engagement, and sustainable HRM practices, culminating in a strong emphasis on Green HRM and the Employee Value Proposition.",2012,14,15122,0.0009258034651501,14,207,0.0676328502415458,1078,1111,1,corporate_T4_PG01,GHG Emissions Regulation and Risk Management,0.5650961399078369,academic_T4::academic_T4_S001
T4,"Climate strategy, carbon governance and disclosure",academic,academic_T4,academic_T4_S001,1,Evolution of HRM Focus: From Organizational Climate to Sustainable Workforce Management,1_shrm_hrm_workforce_hr,"The micro-topic evolved from early conceptualizations of organizational and employee well-being (2000-2003) to a strong focus on performance measurement and intangible assets (2001-2002). It then broadened into talent retention and organizational change mechanisms (2003-2007), before shifting heavily towards integrating HRM with sustainability and broader organizational competitiveness (2012-2014). The later period (2016-2025) is characterized by a sustained focus on the interplay between organizational climate, employee engagement, and sustainable HRM practices, culminating in a strong emphasis on Green HRM and the Employee Value Proposition.",2013,11,15122,0.0007274170083322,11,257,0.0428015564202334,1078,1111,1,corporate_T4_PG01,GHG Emissions Regulation and Risk Management,0.5650961399078369,academic_T4::academic_T4_S001
T4,"Climate strategy, carbon governance and disclosure",academic,academic_T4,academic_T4_S001,1,Evolution of HRM Focus: From Organizational Climate to Sustainable Workforce Management,1_shrm_hrm_workforce_hr,"The micro-topic evolved from early conceptualizations of organizational and employee well-being (2000-2003) to a strong focus on performance measurement and intangible assets (2001-2002). It then broadened into talent retention and organizational change mechanisms (2003-2007), before shifting heavily towards integrating HRM with sustainability and broader organizational competitiveness (2012-2014). The later period (2016-2025) is characterized by a sustained focus on the interplay between organizational climate, employee engagement, and sustainable HRM practices, culminating in a strong emphasis on Green HRM and the Employee Value Proposition.",2014,12,15122,0.0007935458272715,12,236,0.0508474576271186,1078,1111,1,corporate_T4_PG01,GHG Emissions Regulation and Risk Management,0.5650961399078369,academic_T4::academic_T4_S001
T4,"Climate strategy, carbon governance and disclosure",academic,academic_T4,academic_T4_S001,1,Evolution of HRM Focus: From Organizational Climate to Sustainable Workforce Management,1_shrm_hrm_workforce_hr,"The micro-topic evolved from early conceptualizations of organizational and employee well-being (2000-2003) to a strong focus on performance measurement and intangible assets (2001-2002). It then broadened into talent retention and organizational change mechanisms (2003-2007), before shifting heavily towards integrating HRM with sustainability and broader organizational competitiveness (2012-2014). The later period (2016-2025) is characterized by a sustained focus on the interplay between organizational climate, employee engagement, and sustainable HRM practices, culminating in a strong emphasis on Green HRM and the Employee Value Proposition.",2015,7,15122,0.000462901732575,7,269,0.0260223048327137,1078,1111,1,corporate_T4_PG01,GHG Emissions Regulation and Risk Management,0.5650961399078369,academic_T4::academic_T4_S001
T4,"Climate strategy, carbon governance and disclosure",academic,academic_T4,academic_T4_S001,1,Evolution of HRM Focus: From Organizational Climate to Sustainable Workforce Management,1_shrm_hrm_workforce_hr,"The micro-topic evolved from early conceptualizations of organizational and employee well-being (2000-2003) to a strong focus on performance measurement and intangible assets (2001-2002). It then broadened into talent retention and organizational change mechanisms (2003-2007), before shifting heavily towards integrating HRM with sustainability and broader organizational competitiveness (2012-2014). The later period (2016-2025) is characterized by a sustained focus on the interplay between organizational climate, employee engagement, and sustainable HRM practices, culminating in a strong emphasis on Green HRM and the Employee Value Proposition.",2016,28,15122,0.0018516069303002,27,347,0.0778097982708933,1078,1111,1,corporate_T4_PG01,GHG Emissions Regulation and Risk Management,0.5650961399078369,academic_T4::academic_T4_S001
T4,"Climate strategy, carbon governance and disclosure",academic,academic_T4,academic_T4_S001,1,Evolution of HRM Focus: From Organizational Climate to Sustainable Workforce Management,1_shrm_hrm_workforce_hr,"The micro-topic evolved from early conceptualizations of organizational and employee well-being (2000-2003) to a strong focus on performance measurement and intangible assets (2001-2002). It then broadened into talent retention and organizational change mechanisms (2003-2007), before shifting heavily towards integrating HRM with sustainability and broader organizational competitiveness (2012-2014). The later period (2016-2025) is characterized by a sustained focus on the interplay between organizational climate, employee engagement, and sustainable HRM practices, culminating in a strong emphasis on Green HRM and the Employee Value Proposition.",2017,21,15122,0.0013887051977251,20,434,0.0460829493087557,1078,1111,1,corporate_T4_PG01,GHG Emissions Regulation and Risk Management,0.5650961399078369,academic_T4::academic_T4_S001
T4,"Climate strategy, carbon governance and disclosure",academic,academic_T4,academic_T4_S001,1,Evolution of HRM Focus: From Organizational Climate to Sustainable Workforce Management,1_shrm_hrm_workforce_hr,"The micro-topic evolved from early conceptualizations of organizational and employee well-being (2000-2003) to a strong focus on performance measurement and intangible assets (2001-2002). It then broadened into talent retention and organizational change mechanisms (2003-2007), before shifting heavily towards integrating HRM with sustainability and broader organizational competitiveness (2012-2014). The later period (2016-2025) is characterized by a sustained focus on the interplay between organizational climate, employee engagement, and sustainable HRM practices, culminating in a strong emphasis on Green HRM and the Employee Value Proposition.",2018,30,15122,0.0019838645681788,30,679,0.0441826215022091,1078,1111,1,corporate_T4_PG01,GHG Emissions Regulation and Risk Management,0.5650961399078369,academic_T4::academic_T4_S001
T4,"Climate strategy, carbon governance and disclosure",academic,academic_T4,academic_T4_S001,1,Evolution of HRM Focus: From Organizational Climate to Sustainable Workforce Management,1_shrm_hrm_workforce_hr,"The micro-topic evolved from early conceptualizations of organizational and employee well-being (2000-2003) to a strong focus on performance measurement and intangible assets (2001-2002). It then broadened into talent retention and organizational change mechanisms (2003-2007), before shifting heavily towards integrating HRM with sustainability and broader organizational competitiveness (2012-2014). The later period (2016-2025) is characterized by a sustained focus on the interplay between organizational climate, employee engagement, and sustainable HRM practices, culminating in a strong emphasis on Green HRM and the Employee Value Proposition.",2019,44,15122,0.0029096680333289,42,896,0.046875,1078,1111,1,corporate_T4_PG01,GHG Emissions Regulation and Risk Management,0.5650961399078369,academic_T4::academic_T4_S001
T4,"Climate strategy, carbon governance and disclosure",academic,academic_T4,academic_T4_S001,1,Evolution of HRM Focus: From Organizational Climate to Sustainable Workforce Management,1_shrm_hrm_workforce_hr,"The micro-topic evolved from early conceptualizations of organizational and employee well-being (2000-2003) to a strong focus on performance measurement and intangible assets (2001-2002). It then broadened into talent retention and organizational change mechanisms (2003-2007), before shifting heavily towards integrating HRM with sustainability and broader organizational competitiveness (2012-2014). The later period (2016-2025) is characterized by a sustained focus on the interplay between organizational climate, employee engagement, and sustainable HRM practices, culminating in a strong emphasis on Green HRM and the Employee Value Proposition.",2020,63,15122,0.0041661155931755,58,1104,0.0525362318840579,1078,1111,1,corporate_T4_PG01,GHG Emissions Regulation and Risk Management,0.5650961399078369,academic_T4::academic_T4_S001
T4,"Climate strategy, carbon governance and disclosure",academic,academic_T4,academic_T4_S001,1,Evolution of HRM Focus: From Organizational Climate to Sustainable Workforce Management,1_shrm_hrm_workforce_hr,"The micro-topic evolved from early conceptualizations of organizational and employee well-being (2000-2003) to a strong focus on performance measurement and intangible assets (2001-2002). It then broadened into talent retention and organizational change mechanisms (2003-2007), before shifting heavily towards integrating HRM with sustainability and broader organizational competitiveness (2012-2014). The later period (2016-2025) is characterized by a sustained focus on the interplay between organizational climate, employee engagement, and sustainable HRM practices, culminating in a strong emphasis on Green HRM and the Employee Value Proposition.",2021,72,15122,0.0047612749636291,66,1380,0.0478260869565217,1078,1111,1,corporate_T4_PG01,GHG Emissions Regulation and Risk Management,0.5650961399078369,academic_T4::academic_T4_S001
T4,"Climate strategy, carbon governance and disclosure",academic,academic_T4,academic_T4_S001,1,Evolution of HRM Focus: From Organizational Climate to Sustainable Workforce Management,1_shrm_hrm_workforce_hr,"The micro-topic evolved from early conceptualizations of organizational and employee well-being (2000-2003) to a strong focus on performance measurement and intangible assets (2001-2002). It then broadened into talent retention and organizational change mechanisms (2003-2007), before shifting heavily towards integrating HRM with sustainability and broader organizational competitiveness (2012-2014). The later period (2016-2025) is characterized by a sustained focus on the interplay between organizational climate, employee engagement, and sustainable HRM practices, culminating in a strong emphasis on Green HRM and the Employee Value Proposition.",2022,96,15122,0.0063483666181721,92,1679,0.0547945205479452,1078,1111,1,corporate_T4_PG01,GHG Emissions Regulation and Risk Management,0.5650961399078369,academic_T4::academic_T4_S001
T4,"Climate strategy, carbon governance and disclosure",academic,academic_T4,academic_T4_S001,1,Evolution of HRM Focus: From Organizational Climate to Sustainable Workforce Management,1_shrm_hrm_workforce_hr,"The micro-topic evolved from early conceptualizations of organizational and employee well-being (2000-2003) to a strong focus on performance measurement and intangible assets (2001-2002). It then broadened into talent retention and organizational change mechanisms (2003-2007), before shifting heavily towards integrating HRM with sustainability and broader organizational competitiveness (2012-2014). The later period (2016-2025) is characterized by a sustained focus on the interplay between organizational climate, employee engagement, and sustainable HRM practices, culminating in a strong emphasis on Green HRM and the Employee Value Proposition.",2023,134,15122,0.0088612617378653,130,2301,0.0564971751412429,1078,1111,1,corporate_T4_PG01,GHG Emissions Regulation and Risk Management,0.5650961399078369,academic_T4::academic_T4_S001
T4,"Climate strategy, carbon governance and disclosure",academic,academic_T4,academic_T4_S001,1,Evolution of HRM Focus: From Organizational Climate to Sustainable Workforce Management,1_shrm_hrm_workforce_hr,"The micro-topic evolved from early conceptualizations of organizational and employee well-being (2000-2003) to a strong focus on performance measurement and intangible assets (2001-2002). It then broadened into talent retention and organizational change mechanisms (2003-2007), before shifting heavily towards integrating HRM with sustainability and broader organizational competitiveness (2012-2014). The later period (2016-2025) is characterized by a sustained focus on the interplay between organizational climate, employee engagement, and sustainable HRM practices, culminating in a strong emphasis on Green HRM and the Employee Value Proposition.",2024,298,15122,0.0197063880439095,294,3825,0.0768627450980392,1078,1111,1,corporate_T4_PG01,GHG Emissions Regulation and Risk Management,0.5650961399078369,academic_T4::academic_T4_S001
T4,"Climate strategy, carbon governance and disclosure",academic,academic_T4,academic_T4_S001,1,Evolution of HRM Focus: From Organizational Climate to Sustainable Workforce Management,1_shrm_hrm_workforce_hr,"The micro-topic evolved from early conceptualizations of organizational and employee well-being (2000-2003) to a strong focus on performance measurement and intangible assets (2001-2002). It then broadened into talent retention and organizational change mechanisms (2003-2007), before shifting heavily towards integrating HRM with sustainability and broader organizational competitiveness (2012-2014). The later period (2016-2025) is characterized by a sustained focus on the interplay between organizational climate, employee engagement, and sustainable HRM practices, culminating in a strong emphasis on Green HRM and the Employee Value Proposition.",2025,227,15122,0.0150112418992196,221,2232,0.0990143369175627,1078,1111,1,corporate_T4_PG01,GHG Emissions Regulation and Risk Management,0.5650961399078369,academic_T4::academic_T4_S001
T5,"Climate risk, adaptation and resilience",academic,academic_T5,academic_T5_PG06,5,Geopolitical Drivers of Energy Transition,5_decarbonization_renewables_renewable_geopolitical,"The micro-topic tracked the evolution of energy transition discourse from early theoretical frameworks on societal change to a mature focus on geopolitical competition, policy implementation, and the application of advanced technologies like AI to climate challenges.",2000,0,4265,0.0,0,60,0.0,754,771,4,corporate_T5_PG01,Operational Hazards and Liability Management,0.5903039574623108,academic_T5::academic_T5_PG06
T5,"Climate risk, adaptation and resilience",academic,academic_T5,academic_T5_PG06,5,Geopolitical Drivers of Energy Transition,5_decarbonization_renewables_renewable_geopolitical,"The micro-topic tracked the evolution of energy transition discourse from early theoretical frameworks on societal change to a mature focus on geopolitical competition, policy implementation, and the application of advanced technologies like AI to climate challenges.",2001,1,4265,0.0002344665885111,1,50,0.02,754,771,4,corporate_T5_PG01,Operational Hazards and Liability Management,0.5903039574623108,academic_T5::academic_T5_PG06
T5,"Climate risk, adaptation and resilience",academic,academic_T5,academic_T5_PG06,5,Geopolitical Drivers of Energy Transition,5_decarbonization_renewables_renewable_geopolitical,"The micro-topic tracked the evolution of energy transition discourse from early theoretical frameworks on societal change to a mature focus on geopolitical competition, policy implementation, and the application of advanced technologies like AI to climate challenges.",2002,2,4265,0.0004689331770222,2,64,0.03125,754,771,4,corporate_T5_PG01,Operational Hazards and Liability Management,0.5903039574623108,academic_T5::academic_T5_PG06
T5,"Climate risk, adaptation and resilience",academic,academic_T5,academic_T5_PG06,5,Geopolitical Drivers of Energy Transition,5_decarbonization_renewables_renewable_geopolitical,"The micro-topic tracked the evolution of energy transition discourse from early theoretical frameworks on societal change to a mature focus on geopolitical competition, policy implementation, and the application of advanced technologies like AI to climate challenges.",2003,2,4265,0.0004689331770222,2,71,0.028169014084507,754,771,4,corporate_T5_PG01,Operational Hazards and Liability Management,0.5903039574623108,academic_T5::academic_T5_PG06
T5,"Climate risk, adaptation and resilience",academic,academic_T5,academic_T5_PG06,5,Geopolitical Drivers of Energy Transition,5_decarbonization_renewables_renewable_geopolitical,"The micro-topic tracked the evolution of energy transition discourse from early theoretical frameworks on societal change to a mature focus on geopolitical competition, policy implementation, and the application of advanced technologies like AI to climate challenges.",2004,0,4265,0.0,0,71,0.0,754,771,4,corporate_T5_PG01,Operational Hazards and Liability Management,0.5903039574623108,academic_T5::academic_T5_PG06
T5,"Climate risk, adaptation and resilience",academic,academic_T5,academic_T5_PG06,5,Geopolitical Drivers of Energy Transition,5_decarbonization_renewables_renewable_geopolitical,"The micro-topic tracked the evolution of energy transition discourse from early theoretical frameworks on societal change to a mature focus on geopolitical competition, policy implementation, and the application of advanced technologies like AI to climate challenges.",2005,2,4265,0.0004689331770222,2,57,0.0350877192982456,754,771,4,corporate_T5_PG01,Operational Hazards and Liability Management,0.5903039574623108,academic_T5::academic_T5_PG06
T5,"Climate risk, adaptation and resilience",academic,academic_T5,academic_T5_PG06,5,Geopolitical Drivers of Energy Transition,5_decarbonization_renewables_renewable_geopolitical,"The micro-topic tracked the evolution of energy transition discourse from early theoretical frameworks on societal change to a mature focus on geopolitical competition, policy implementation, and the application of advanced technologies like AI to climate challenges.",2006,1,4265,0.0002344665885111,1,76,0.0131578947368421,754,771,4,corporate_T5_PG01,Operational Hazards and Liability Management,0.5903039574623108,academic_T5::academic_T5_PG06
T5,"Climate risk, adaptation and resilience",academic,academic_T5,academic_T5_PG06,5,Geopolitical Drivers of Energy Transition,5_decarbonization_renewables_renewable_geopolitical,"The micro-topic tracked the evolution of energy transition discourse from early theoretical frameworks on societal change to a mature focus on geopolitical competition, policy implementation, and the application of advanced technologies like AI to climate challenges.",2007,2,4265,0.0004689331770222,2,104,0.0192307692307692,754,771,4,corporate_T5_PG01,Operational Hazards and Liability Management,0.5903039574623108,academic_T5::academic_T5_PG06
T5,"Climate risk, adaptation and resilience",academic,academic_T5,academic_T5_PG06,5,Geopolitical Drivers of Energy Transition,5_decarbonization_renewables_renewable_geopolitical,"The micro-topic tracked the evolution of energy transition discourse from early theoretical frameworks on societal change to a mature focus on geopolitical competition, policy implementation, and the application of advanced technologies like AI to climate challenges.",2008,1,4265,0.0002344665885111,1,118,0.0084745762711864,754,771,4,corporate_T5_PG01,Operational Hazards and Liability Management,0.5903039574623108,academic_T5::academic_T5_PG06
T5,"Climate risk, adaptation and resilience",academic,academic_T5,academic_T5_PG06,5,Geopolitical Drivers of Energy Transition,5_decarbonization_renewables_renewable_geopolitical,"The micro-topic tracked the evolution of energy transition discourse from early theoretical frameworks on societal change to a mature focus on geopolitical competition, policy implementation, and the application of advanced technologies like AI to climate challenges.",2009,2,4265,0.0004689331770222,2,142,0.0140845070422535,754,771,4,corporate_T5_PG01,Operational Hazards and Liability Management,0.5903039574623108,academic_T5::academic_T5_PG06
T5,"Climate risk, adaptation and resilience",academic,academic_T5,academic_T5_PG06,5,Geopolitical Drivers of Energy Transition,5_decarbonization_renewables_renewable_geopolitical,"The micro-topic tracked the evolution of energy transition discourse from early theoretical frameworks on societal change to a mature focus on geopolitical competition, policy implementation, and the application of advanced technologies like AI to climate challenges.",2010,1,4265,0.0002344665885111,1,149,0.0067114093959731,754,771,4,corporate_T5_PG01,Operational Hazards and Liability Management,0.5903039574623108,academic_T5::academic_T5_PG06
T5,"Climate risk, adaptation and resilience",academic,academic_T5,academic_T5_PG06,5,Geopolitical Drivers of Energy Transition,5_decarbonization_renewables_renewable_geopolitical,"The micro-topic tracked the evolution of energy transition discourse from early theoretical frameworks on societal change to a mature focus on geopolitical competition, policy implementation, and the application of advanced technologies like AI to climate challenges.",2011,3,4265,0.0007033997655334,3,230,0.0130434782608695,754,771,4,corporate_T5_PG01,Operational Hazards and Liability Management,0.5903039574623108,academic_T5::academic_T5_PG06
T5,"Climate risk, adaptation and resilience",academic,academic_T5,academic_T5_PG06,5,Geopolitical Drivers of Energy Transition,5_decarbonization_renewables_renewable_geopolitical,"The micro-topic tracked the evolution of energy transition discourse from early theoretical frameworks on societal change to a mature focus on geopolitical competition, policy implementation, and the application of advanced technologies like AI to climate challenges.",2012,2,4265,0.0004689331770222,2,220,0.009090909090909,754,771,4,corporate_T5_PG01,Operational Hazards and Liability Management,0.5903039574623108,academic_T5::academic_T5_PG06
T5,"Climate risk, adaptation and resilience",academic,academic_T5,academic_T5_PG06,5,Geopolitical Drivers of Energy Transition,5_decarbonization_renewables_renewable_geopolitical,"The micro-topic tracked the evolution of energy transition discourse from early theoretical frameworks on societal change to a mature focus on geopolitical competition, policy implementation, and the application of advanced technologies like AI to climate challenges.",2013,2,4265,0.0004689331770222,2,274,0.0072992700729927,754,771,4,corporate_T5_PG01,Operational Hazards and Liability Management,0.5903039574623108,academic_T5::academic_T5_PG06
T5,"Climate risk, adaptation and resilience",academic,academic_T5,academic_T5_PG06,5,Geopolitical Drivers of Energy Transition,5_decarbonization_renewables_renewable_geopolitical,"The micro-topic tracked the evolution of energy transition discourse from early theoretical frameworks on societal change to a mature focus on geopolitical competition, policy implementation, and the application of advanced technologies like AI to climate challenges.",2014,4,4265,0.0009378663540445,4,315,0.0126984126984126,754,771,4,corporate_T5_PG01,Operational Hazards and Liability Management,0.5903039574623108,academic_T5::academic_T5_PG06
T5,"Climate risk, adaptation and resilience",academic,academic_T5,academic_T5_PG06,5,Geopolitical Drivers of Energy Transition,5_decarbonization_renewables_renewable_geopolitical,"The micro-topic tracked the evolution of energy transition discourse from early theoretical frameworks on societal change to a mature focus on geopolitical competition, policy implementation, and the application of advanced technologies like AI to climate challenges.",2015,9,4265,0.0021101992966002,9,390,0.023076923076923,754,771,4,corporate_T5_PG01,Operational Hazards and Liability Management,0.5903039574623108,academic_T5::academic_T5_PG06
T5,"Climate risk, adaptation and resilience",academic,academic_T5,academic_T5_PG06,5,Geopolitical Drivers of Energy Transition,5_decarbonization_renewables_renewable_geopolitical,"The micro-topic tracked the evolution of energy transition discourse from early theoretical frameworks on societal change to a mature focus on geopolitical competition, policy implementation, and the application of advanced technologies like AI to climate challenges.",2016,8,4265,0.001875732708089,8,426,0.0187793427230046,754,771,4,corporate_T5_PG01,Operational Hazards and Liability Management,0.5903039574623108,academic_T5::academic_T5_PG06
T5,"Climate risk, adaptation and resilience",academic,academic_T5,academic_T5_PG06,5,Geopolitical Drivers of Energy Transition,5_decarbonization_renewables_renewable_geopolitical,"The micro-topic tracked the evolution of energy transition discourse from early theoretical frameworks on societal change to a mature focus on geopolitical competition, policy implementation, and the application of advanced technologies like AI to climate challenges.",2017,8,4265,0.001875732708089,8,502,0.0159362549800796,754,771,4,corporate_T5_PG01,Operational Hazards and Liability Management,0.5903039574623108,academic_T5::academic_T5_PG06
T5,"Climate risk, adaptation and resilience",academic,academic_T5,academic_T5_PG06,5,Geopolitical Drivers of Energy Transition,5_decarbonization_renewables_renewable_geopolitical,"The micro-topic tracked the evolution of energy transition discourse from early theoretical frameworks on societal change to a mature focus on geopolitical competition, policy implementation, and the application of advanced technologies like AI to climate challenges.",2018,34,4265,0.0079718640093786,33,760,0.0434210526315789,754,771,4,corporate_T5_PG01,Operational Hazards and Liability Management,0.5903039574623108,academic_T5::academic_T5_PG06
T5,"Climate risk, adaptation and resilience",academic,academic_T5,academic_T5_PG06,5,Geopolitical Drivers of Energy Transition,5_decarbonization_renewables_renewable_geopolitical,"The micro-topic tracked the evolution of energy transition discourse from early theoretical frameworks on societal change to a mature focus on geopolitical competition, policy implementation, and the application of advanced technologies like AI to climate challenges.",2019,16,4265,0.0037514654161781,16,1024,0.015625,754,771,4,corporate_T5_PG01,Operational Hazards and Liability Management,0.5903039574623108,academic_T5::academic_T5_PG06
T5,"Climate risk, adaptation and resilience",academic,academic_T5,academic_T5_PG06,5,Geopolitical Drivers of Energy Transition,5_decarbonization_renewables_renewable_geopolitical,"The micro-topic tracked the evolution of energy transition discourse from early theoretical frameworks on societal change to a mature focus on geopolitical competition, policy implementation, and the application of advanced technologies like AI to climate challenges.",2020,46,4265,0.0107854630715123,46,1249,0.0368294635708566,754,771,4,corporate_T5_PG01,Operational Hazards and Liability Management,0.5903039574623108,academic_T5::academic_T5_PG06
T5,"Climate risk, adaptation and resilience",academic,academic_T5,academic_T5_PG06,5,Geopolitical Drivers of Energy Transition,5_decarbonization_renewables_renewable_geopolitical,"The micro-topic tracked the evolution of energy transition discourse from early theoretical frameworks on societal change to a mature focus on geopolitical competition, policy implementation, and the application of advanced technologies like AI to climate challenges.",2021,65,4265,0.0152403282532239,64,1521,0.042077580539119,754,771,4,corporate_T5_PG01,Operational Hazards and Liability Management,0.5903039574623108,academic_T5::academic_T5_PG06
T5,"Climate risk, adaptation and resilience",academic,academic_T5,academic_T5_PG06,5,Geopolitical Drivers of Energy Transition,5_decarbonization_renewables_renewable_geopolitical,"The micro-topic tracked the evolution of energy transition discourse from early theoretical frameworks on societal change to a mature focus on geopolitical competition, policy implementation, and the application of advanced technologies like AI to climate challenges.",2022,78,4265,0.0182883939038687,75,1587,0.0472589792060491,754,771,4,corporate_T5_PG01,Operational Hazards and Liability Management,0.5903039574623108,academic_T5::academic_T5_PG06
T5,"Climate risk, adaptation and resilience",academic,academic_T5,academic_T5_PG06,5,Geopolitical Drivers of Energy Transition,5_decarbonization_renewables_renewable_geopolitical,"The micro-topic tracked the evolution of energy transition discourse from early theoretical frameworks on societal change to a mature focus on geopolitical competition, policy implementation, and the application of advanced technologies like AI to climate challenges.",2023,133,4265,0.0311840562719812,132,1985,0.0664987405541561,754,771,4,corporate_T5_PG01,Operational Hazards and Liability Management,0.5903039574623108,academic_T5::academic_T5_PG06
T5,"Climate risk, adaptation and resilience",academic,academic_T5,academic_T5_PG06,5,Geopolitical Drivers of Energy Transition,5_decarbonization_renewables_renewable_geopolitical,"The micro-topic tracked the evolution of energy transition discourse from early theoretical frameworks on societal change to a mature focus on geopolitical competition, policy implementation, and the application of advanced technologies like AI to climate challenges.",2024,217,4265,0.0508792497069167,211,3314,0.0636692818346409,754,771,4,corporate_T5_PG01,Operational Hazards and Liability Management,0.5903039574623108,academic_T5::academic_T5_PG06
T5,"Climate risk, adaptation and resilience",academic,academic_T5,academic_T5_PG06,5,Geopolitical Drivers of Energy Transition,5_decarbonization_renewables_renewable_geopolitical,"The micro-topic tracked the evolution of energy transition discourse from early theoretical frameworks on societal change to a mature focus on geopolitical competition, policy implementation, and the application of advanced technologies like AI to climate challenges.",2025,132,4265,0.0309495896834701,127,2003,0.0634048926610084,754,771,4,corporate_T5_PG01,Operational Hazards and Liability Management,0.5903039574623108,academic_T5::academic_T5_PG06
T5,"Climate risk, adaptation and resilience",academic,academic_T5,academic_T5_S042,22,Fishery Resilience and Livelihood Adaptation,42_fishery_fisheries_livelihoods_fisherfolks,"The micro-topic tracks the evolution of research focusing on the resilience and livelihood security of fisherfolk across various geographical contexts, initially touching on subsistence risks before heavily focusing on climate change impacts, adaptive capacity, and integrated management strategies.",2000,0,4265,0.0,0,60,0.0,108,118,1,corporate_T5_PG01,Operational Hazards and Liability Management,0.6076250076293945,academic_T5::academic_T5_S042
T5,"Climate risk, adaptation and resilience",academic,academic_T5,academic_T5_S042,22,Fishery Resilience and Livelihood Adaptation,42_fishery_fisheries_livelihoods_fisherfolks,"The micro-topic tracks the evolution of research focusing on the resilience and livelihood security of fisherfolk across various geographical contexts, initially touching on subsistence risks before heavily focusing on climate change impacts, adaptive capacity, and integrated management strategies.",2001,0,4265,0.0,0,50,0.0,108,118,1,corporate_T5_PG01,Operational Hazards and Liability Management,0.6076250076293945,academic_T5::academic_T5_S042
T5,"Climate risk, adaptation and resilience",academic,academic_T5,academic_T5_S042,22,Fishery Resilience and Livelihood Adaptation,42_fishery_fisheries_livelihoods_fisherfolks,"The micro-topic tracks the evolution of research focusing on the resilience and livelihood security of fisherfolk across various geographical contexts, initially touching on subsistence risks before heavily focusing on climate change impacts, adaptive capacity, and integrated management strategies.",2002,0,4265,0.0,0,64,0.0,108,118,1,corporate_T5_PG01,Operational Hazards and Liability Management,0.6076250076293945,academic_T5::academic_T5_S042
T5,"Climate risk, adaptation and resilience",academic,academic_T5,academic_T5_S042,22,Fishery Resilience and Livelihood Adaptation,42_fishery_fisheries_livelihoods_fisherfolks,"The micro-topic tracks the evolution of research focusing on the resilience and livelihood security of fisherfolk across various geographical contexts, initially touching on subsistence risks before heavily focusing on climate change impacts, adaptive capacity, and integrated management strategies.",2003,1,4265,0.0002344665885111,1,71,0.0140845070422535,108,118,1,corporate_T5_PG01,Operational Hazards and Liability Management,0.6076250076293945,academic_T5::academic_T5_S042
T5,"Climate risk, adaptation and resilience",academic,academic_T5,academic_T5_S042,22,Fishery Resilience and Livelihood Adaptation,42_fishery_fisheries_livelihoods_fisherfolks,"The micro-topic tracks the evolution of research focusing on the resilience and livelihood security of fisherfolk across various geographical contexts, initially touching on subsistence risks before heavily focusing on climate change impacts, adaptive capacity, and integrated management strategies.",2004,0,4265,0.0,0,71,0.0,108,118,1,corporate_T5_PG01,Operational Hazards and Liability Management,0.6076250076293945,academic_T5::academic_T5_S042
T5,"Climate risk, adaptation and resilience",academic,academic_T5,academic_T5_S042,22,Fishery Resilience and Livelihood Adaptation,42_fishery_fisheries_livelihoods_fisherfolks,"The micro-topic tracks the evolution of research focusing on the resilience and livelihood security of fisherfolk across various geographical contexts, initially touching on subsistence risks before heavily focusing on climate change impacts, adaptive capacity, and integrated management strategies.",2005,0,4265,0.0,0,57,0.0,108,118,1,corporate_T5_PG01,Operational Hazards and Liability Management,0.6076250076293945,academic_T5::academic_T5_S042
T5,"Climate risk, adaptation and resilience",academic,academic_T5,academic_T5_S042,22,Fishery Resilience and Livelihood Adaptation,42_fishery_fisheries_livelihoods_fisherfolks,"The micro-topic tracks the evolution of research focusing on the resilience and livelihood security of fisherfolk across various geographical contexts, initially touching on subsistence risks before heavily focusing on climate change impacts, adaptive capacity, and integrated management strategies.",2006,0,4265,0.0,0,76,0.0,108,118,1,corporate_T5_PG01,Operational Hazards and Liability Management,0.6076250076293945,academic_T5::academic_T5_S042
T5,"Climate risk, adaptation and resilience",academic,academic_T5,academic_T5_S042,22,Fishery Resilience and Livelihood Adaptation,42_fishery_fisheries_livelihoods_fisherfolks,"The micro-topic tracks the evolution of research focusing on the resilience and livelihood security of fisherfolk across various geographical contexts, initially touching on subsistence risks before heavily focusing on climate change impacts, adaptive capacity, and integrated management strategies.",2007,1,4265,0.0002344665885111,1,104,0.0096153846153846,108,118,1,corporate_T5_PG01,Operational Hazards and Liability Management,0.6076250076293945,academic_T5::academic_T5_S042
T5,"Climate risk, adaptation and resilience",academic,academic_T5,academic_T5_S042,22,Fishery Resilience and Livelihood Adaptation,42_fishery_fisheries_livelihoods_fisherfolks,"The micro-topic tracks the evolution of research focusing on the resilience and livelihood security of fisherfolk across various geographical contexts, initially touching on subsistence risks before heavily focusing on climate change impacts, adaptive capacity, and integrated management strategies.",2008,0,4265,0.0,0,118,0.0,108,118,1,corporate_T5_PG01,Operational Hazards and Liability Management,0.6076250076293945,academic_T5::academic_T5_S042
T5,"Climate risk, adaptation and resilience",academic,academic_T5,academic_T5_S042,22,Fishery Resilience and Livelihood Adaptation,42_fishery_fisheries_livelihoods_fisherfolks,"The micro-topic tracks the evolution of research focusing on the resilience and livelihood security of fisherfolk across various geographical contexts, initially touching on subsistence risks before heavily focusing on climate change impacts, adaptive capacity, and integrated management strategies.",2009,0,4265,0.0,0,142,0.0,108,118,1,corporate_T5_PG01,Operational Hazards and Liability Management,0.6076250076293945,academic_T5::academic_T5_S042
T5,"Climate risk, adaptation and resilience",academic,academic_T5,academic_T5_S042,22,Fishery Resilience and Livelihood Adaptation,42_fishery_fisheries_livelihoods_fisherfolks,"The micro-topic tracks the evolution of research focusing on the resilience and livelihood security of fisherfolk across various geographical contexts, initially touching on subsistence risks before heavily focusing on climate change impacts, adaptive capacity, and integrated management strategies.",2010,0,4265,0.0,0,149,0.0,108,118,1,corporate_T5_PG01,Operational Hazards and Liability Management,0.6076250076293945,academic_T5::academic_T5_S042
T5,"Climate risk, adaptation and resilience",academic,academic_T5,academic_T5_S042,22,Fishery Resilience and Livelihood Adaptation,42_fishery_fisheries_livelihoods_fisherfolks,"The micro-topic tracks the evolution of research focusing on the resilience and livelihood security of fisherfolk across various geographical contexts, initially touching on subsistence risks before heavily focusing on climate change impacts, adaptive capacity, and integrated management strategies.",2011,0,4265,0.0,0,230,0.0,108,118,1,corporate_T5_PG01,Operational Hazards and Liability Management,0.6076250076293945,academic_T5::academic_T5_S042
T5,"Climate risk, adaptation and resilience",academic,academic_T5,academic_T5_S042,22,Fishery Resilience and Livelihood Adaptation,42_fishery_fisheries_livelihoods_fisherfolks,"The micro-topic tracks the evolution of research focusing on the resilience and livelihood security of fisherfolk across various geographical contexts, initially touching on subsistence risks before heavily focusing on climate change impacts, adaptive capacity, and integrated management strategies.",2012,2,4265,0.0004689331770222,2,220,0.009090909090909,108,118,1,corporate_T5_PG01,Operational Hazards and Liability Management,0.6076250076293945,academic_T5::academic_T5_S042
T5,"Climate risk, adaptation and resilience",academic,academic_T5,academic_T5_S042,22,Fishery Resilience and Livelihood Adaptation,42_fishery_fisheries_livelihoods_fisherfolks,"The micro-topic tracks the evolution of research focusing on the resilience and livelihood security of fisherfolk across various geographical contexts, initially touching on subsistence risks before heavily focusing on climate change impacts, adaptive capacity, and integrated management strategies.",2013,3,4265,0.0007033997655334,3,274,0.010948905109489,108,118,1,corporate_T5_PG01,Operational Hazards and Liability Management,0.6076250076293945,academic_T5::academic_T5_S042
T5,"Climate risk, adaptation and resilience",academic,academic_T5,academic_T5_S042,22,Fishery Resilience and Livelihood Adaptation,42_fishery_fisheries_livelihoods_fisherfolks,"The micro-topic tracks the evolution of research focusing on the resilience and livelihood security of fisherfolk across various geographical contexts, initially touching on subsistence risks before heavily focusing on climate change impacts, adaptive capacity, and integrated management strategies.",2014,4,4265,0.0009378663540445,4,315,0.0126984126984126,108,118,1,corporate_T5_PG01,Operational Hazards and Liability Management,0.6076250076293945,academic_T5::academic_T5_S042
T5,"Climate risk, adaptation and resilience",academic,academic_T5,academic_T5_S042,22,Fishery Resilience and Livelihood Adaptation,42_fishery_fisheries_livelihoods_fisherfolks,"The micro-topic tracks the evolution of research focusing on the resilience and livelihood security of fisherfolk across various geographical contexts, initially touching on subsistence risks before heavily focusing on climate change impacts, adaptive capacity, and integrated management strategies.",2015,2,4265,0.0004689331770222,2,390,0.0051282051282051,108,118,1,corporate_T5_PG01,Operational Hazards and Liability Management,0.6076250076293945,academic_T5::academic_T5_S042
T5,"Climate risk, adaptation and resilience",academic,academic_T5,academic_T5_S042,22,Fishery Resilience and Livelihood Adaptation,42_fishery_fisheries_livelihoods_fisherfolks,"The micro-topic tracks the evolution of research focusing on the resilience and livelihood security of fisherfolk across various geographical contexts, initially touching on subsistence risks before heavily focusing on climate change impacts, adaptive capacity, and integrated management strategies.",2016,3,4265,0.0007033997655334,3,426,0.0070422535211267,108,118,1,corporate_T5_PG01,Operational Hazards and Liability Management,0.6076250076293945,academic_T5::academic_T5_S042
T5,"Climate risk, adaptation and resilience",academic,academic_T5,academic_T5_S042,22,Fishery Resilience and Livelihood Adaptation,42_fishery_fisheries_livelihoods_fisherfolks,"The micro-topic tracks the evolution of research focusing on the resilience and livelihood security of fisherfolk across various geographical contexts, initially touching on subsistence risks before heavily focusing on climate change impacts, adaptive capacity, and integrated management strategies.",2017,6,4265,0.0014067995310668,6,502,0.0119521912350597,108,118,1,corporate_T5_PG01,Operational Hazards and Liability Management,0.6076250076293945,academic_T5::academic_T5_S042
T5,"Climate risk, adaptation and resilience",academic,academic_T5,academic_T5_S042,22,Fishery Resilience and Livelihood Adaptation,42_fishery_fisheries_livelihoods_fisherfolks,"The micro-topic tracks the evolution of research focusing on the resilience and livelihood security of fisherfolk across various geographical contexts, initially touching on subsistence risks before heavily focusing on climate change impacts, adaptive capacity, and integrated management strategies.",2018,9,4265,0.0021101992966002,8,760,0.0105263157894736,108,118,1,corporate_T5_PG01,Operational Hazards and Liability Management,0.6076250076293945,academic_T5::academic_T5_S042
T5,"Climate risk, adaptation and resilience",academic,academic_T5,academic_T5_S042,22,Fishery Resilience and Livelihood Adaptation,42_fishery_fisheries_livelihoods_fisherfolks,"The micro-topic tracks the evolution of research focusing on the resilience and livelihood security of fisherfolk across various geographical contexts, initially touching on subsistence risks before heavily focusing on climate change impacts, adaptive capacity, and integrated management strategies.",2019,10,4265,0.0023446658851113,9,1024,0.0087890625,108,118,1,corporate_T5_PG01,Operational Hazards and Liability Management,0.6076250076293945,academic_T5::academic_T5_S042
T5,"Climate risk, adaptation and resilience",academic,academic_T5,academic_T5_S042,22,Fishery Resilience and Livelihood Adaptation,42_fishery_fisheries_livelihoods_fisherfolks,"The micro-topic tracks the evolution of research focusing on the resilience and livelihood security of fisherfolk across various geographical contexts, initially touching on subsistence risks before heavily focusing on climate change impacts, adaptive capacity, and integrated management strategies.",2020,7,4265,0.0016412661195779,7,1249,0.0056044835868694,108,118,1,corporate_T5_PG01,Operational Hazards and Liability Management,0.6076250076293945,academic_T5::academic_T5_S042
T5,"Climate risk, adaptation and resilience",academic,academic_T5,academic_T5_S042,22,Fishery Resilience and Livelihood Adaptation,42_fishery_fisheries_livelihoods_fisherfolks,"The micro-topic tracks the evolution of research focusing on the resilience and livelihood security of fisherfolk across various geographical contexts, initially touching on subsistence risks before heavily focusing on climate change impacts, adaptive capacity, and integrated management strategies.",2021,14,4265,0.0032825322391559,14,1521,0.0092044707429322,108,118,1,corporate_T5_PG01,Operational Hazards and Liability Management,0.6076250076293945,academic_T5::academic_T5_S042
T5,"Climate risk, adaptation and resilience",academic,academic_T5,academic_T5_S042,22,Fishery Resilience and Livelihood Adaptation,42_fishery_fisheries_livelihoods_fisherfolks,"The micro-topic tracks the evolution of research focusing on the resilience and livelihood security of fisherfolk across various geographical contexts, initially touching on subsistence risks before heavily focusing on climate change impacts, adaptive capacity, and integrated management strategies.",2022,12,4265,0.0028135990621336,12,1587,0.0075614366729678,108,118,1,corporate_T5_PG01,Operational Hazards and Liability Management,0.6076250076293945,academic_T5::academic_T5_S042
T5,"Climate risk, adaptation and resilience",academic,academic_T5,academic_T5_S042,22,Fishery Resilience and Livelihood Adaptation,42_fishery_fisheries_livelihoods_fisherfolks,"The micro-topic tracks the evolution of research focusing on the resilience and livelihood security of fisherfolk across various geographical contexts, initially touching on subsistence risks before heavily focusing on climate change impacts, adaptive capacity, and integrated management strategies.",2023,12,4265,0.0028135990621336,10,1985,0.0050377833753148,108,118,1,corporate_T5_PG01,Operational Hazards and Liability Management,0.6076250076293945,academic_T5::academic_T5_S042
T5,"Climate risk, adaptation and resilience",academic,academic_T5,academic_T5_S042,22,Fishery Resilience and Livelihood Adaptation,42_fishery_fisheries_livelihoods_fisherfolks,"The micro-topic tracks the evolution of research focusing on the resilience and livelihood security of fisherfolk across various geographical contexts, initially touching on subsistence risks before heavily focusing on climate change impacts, adaptive capacity, and integrated management strategies.",2024,25,4265,0.0058616647127784,20,3314,0.0060350030175015,108,118,1,corporate_T5_PG01,Operational Hazards and Liability Management,0.6076250076293945,academic_T5::academic_T5_S042
T5,"Climate risk, adaptation and resilience",academic,academic_T5,academic_T5_S042,22,Fishery Resilience and Livelihood Adaptation,42_fishery_fisheries_livelihoods_fisherfolks,"The micro-topic tracks the evolution of research focusing on the resilience and livelihood security of fisherfolk across various geographical contexts, initially touching on subsistence risks before heavily focusing on climate change impacts, adaptive capacity, and integrated management strategies.",2025,7,4265,0.0016412661195779,6,2003,0.0029955067398901,108,118,1,corporate_T5_PG01,Operational Hazards and Liability Management,0.6076250076293945,academic_T5::academic_T5_S042
T5,"Climate risk, adaptation and resilience",academic,academic_T5,academic_T5_S047,25,Climate-Security Nexus in Conflict Zones,47_peacebuilding_geopolitical_geopolitics_insurgences,"The micro-topic tracks the evolution of how environmental change, climate threats, and geopolitical dynamics intersect with peacebuilding efforts and armed conflict across various regions.",2000,2,4265,0.0004689331770222,2,60,0.0333333333333333,97,99,1,corporate_T5_PG01,Operational Hazards and Liability Management,0.5654193162918091,academic_T5::academic_T5_S047
T5,"Climate risk, adaptation and resilience",academic,academic_T5,academic_T5_S047,25,Climate-Security Nexus in Conflict Zones,47_peacebuilding_geopolitical_geopolitics_insurgences,"The micro-topic tracks the evolution of how environmental change, climate threats, and geopolitical dynamics intersect with peacebuilding efforts and armed conflict across various regions.",2001,0,4265,0.0,0,50,0.0,97,99,1,corporate_T5_PG01,Operational Hazards and Liability Management,0.5654193162918091,academic_T5::academic_T5_S047
T5,"Climate risk, adaptation and resilience",academic,academic_T5,academic_T5_S047,25,Climate-Security Nexus in Conflict Zones,47_peacebuilding_geopolitical_geopolitics_insurgences,"The micro-topic tracks the evolution of how environmental change, climate threats, and geopolitical dynamics intersect with peacebuilding efforts and armed conflict across various regions.",2002,0,4265,0.0,0,64,0.0,97,99,1,corporate_T5_PG01,Operational Hazards and Liability Management,0.5654193162918091,academic_T5::academic_T5_S047
T5,"Climate risk, adaptation and resilience",academic,academic_T5,academic_T5_S047,25,Climate-Security Nexus in Conflict Zones,47_peacebuilding_geopolitical_geopolitics_insurgences,"The micro-topic tracks the evolution of how environmental change, climate threats, and geopolitical dynamics intersect with peacebuilding efforts and armed conflict across various regions.",2003,0,4265,0.0,0,71,0.0,97,99,1,corporate_T5_PG01,Operational Hazards and Liability Management,0.5654193162918091,academic_T5::academic_T5_S047
T5,"Climate risk, adaptation and resilience",academic,academic_T5,academic_T5_S047,25,Climate-Security Nexus in Conflict Zones,47_peacebuilding_geopolitical_geopolitics_insurgences,"The micro-topic tracks the evolution of how environmental change, climate threats, and geopolitical dynamics intersect with peacebuilding efforts and armed conflict across various regions.",2004,1,4265,0.0002344665885111,1,71,0.0140845070422535,97,99,1,corporate_T5_PG01,Operational Hazards and Liability Management,0.5654193162918091,academic_T5::academic_T5_S047
T5,"Climate risk, adaptation and resilience",academic,academic_T5,academic_T5_S047,25,Climate-Security Nexus in Conflict Zones,47_peacebuilding_geopolitical_geopolitics_insurgences,"The micro-topic tracks the evolution of how environmental change, climate threats, and geopolitical dynamics intersect with peacebuilding efforts and armed conflict across various regions.",2005,0,4265,0.0,0,57,0.0,97,99,1,corporate_T5_PG01,Operational Hazards and Liability Management,0.5654193162918091,academic_T5::academic_T5_S047
T5,"Climate risk, adaptation and resilience",academic,academic_T5,academic_T5_S047,25,Climate-Security Nexus in Conflict Zones,47_peacebuilding_geopolitical_geopolitics_insurgences,"The micro-topic tracks the evolution of how environmental change, climate threats, and geopolitical dynamics intersect with peacebuilding efforts and armed conflict across various regions.",2006,0,4265,0.0,0,76,0.0,97,99,1,corporate_T5_PG01,Operational Hazards and Liability Management,0.5654193162918091,academic_T5::academic_T5_S047
T5,"Climate risk, adaptation and resilience",academic,academic_T5,academic_T5_S047,25,Climate-Security Nexus in Conflict Zones,47_peacebuilding_geopolitical_geopolitics_insurgences,"The micro-topic tracks the evolution of how environmental change, climate threats, and geopolitical dynamics intersect with peacebuilding efforts and armed conflict across various regions.",2007,1,4265,0.0002344665885111,1,104,0.0096153846153846,97,99,1,corporate_T5_PG01,Operational Hazards and Liability Management,0.5654193162918091,academic_T5::academic_T5_S047
T5,"Climate risk, adaptation and resilience",academic,academic_T5,academic_T5_S047,25,Climate-Security Nexus in Conflict Zones,47_peacebuilding_geopolitical_geopolitics_insurgences,"The micro-topic tracks the evolution of how environmental change, climate threats, and geopolitical dynamics intersect with peacebuilding efforts and armed conflict across various regions.",2008,1,4265,0.0002344665885111,1,118,0.0084745762711864,97,99,1,corporate_T5_PG01,Operational Hazards and Liability Management,0.5654193162918091,academic_T5::academic_T5_S047
T5,"Climate risk, adaptation and resilience",academic,academic_T5,academic_T5_S047,25,Climate-Security Nexus in Conflict Zones,47_peacebuilding_geopolitical_geopolitics_insurgences,"The micro-topic tracks the evolution of how environmental change, climate threats, and geopolitical dynamics intersect with peacebuilding efforts and armed conflict across various regions.",2009,1,4265,0.0002344665885111,1,142,0.0070422535211267,97,99,1,corporate_T5_PG01,Operational Hazards and Liability Management,0.5654193162918091,academic_T5::academic_T5_S047
T5,"Climate risk, adaptation and resilience",academic,academic_T5,academic_T5_S047,25,Climate-Security Nexus in Conflict Zones,47_peacebuilding_geopolitical_geopolitics_insurgences,"The micro-topic tracks the evolution of how environmental change, climate threats, and geopolitical dynamics intersect with peacebuilding efforts and armed conflict across various regions.",2010,3,4265,0.0007033997655334,3,149,0.0201342281879194,97,99,1,corporate_T5_PG01,Operational Hazards and Liability Management,0.5654193162918091,academic_T5::academic_T5_S047
T5,"Climate risk, adaptation and resilience",academic,academic_T5,academic_T5_S047,25,Climate-Security Nexus in Conflict Zones,47_peacebuilding_geopolitical_geopolitics_insurgences,"The micro-topic tracks the evolution of how environmental change, climate threats, and geopolitical dynamics intersect with peacebuilding efforts and armed conflict across various regions.",2011,5,4265,0.0011723329425556,5,230,0.0217391304347826,97,99,1,corporate_T5_PG01,Operational Hazards and Liability Management,0.5654193162918091,academic_T5::academic_T5_S047
T5,"Climate risk, adaptation and resilience",academic,academic_T5,academic_T5_S047,25,Climate-Security Nexus in Conflict Zones,47_peacebuilding_geopolitical_geopolitics_insurgences,"The micro-topic tracks the evolution of how environmental change, climate threats, and geopolitical dynamics intersect with peacebuilding efforts and armed conflict across various regions.",2012,1,4265,0.0002344665885111,1,220,0.0045454545454545,97,99,1,corporate_T5_PG01,Operational Hazards and Liability Management,0.5654193162918091,academic_T5::academic_T5_S047
T5,"Climate risk, adaptation and resilience",academic,academic_T5,academic_T5_S047,25,Climate-Security Nexus in Conflict Zones,47_peacebuilding_geopolitical_geopolitics_insurgences,"The micro-topic tracks the evolution of how environmental change, climate threats, and geopolitical dynamics intersect with peacebuilding efforts and armed conflict across various regions.",2013,2,4265,0.0004689331770222,2,274,0.0072992700729927,97,99,1,corporate_T5_PG01,Operational Hazards and Liability Management,0.5654193162918091,academic_T5::academic_T5_S047
T5,"Climate risk, adaptation and resilience",academic,academic_T5,academic_T5_S047,25,Climate-Security Nexus in Conflict Zones,47_peacebuilding_geopolitical_geopolitics_insurgences,"The micro-topic tracks the evolution of how environmental change, climate threats, and geopolitical dynamics intersect with peacebuilding efforts and armed conflict across various regions.",2014,0,4265,0.0,0,315,0.0,97,99,1,corporate_T5_PG01,Operational Hazards and Liability Management,0.5654193162918091,academic_T5::academic_T5_S047
T5,"Climate risk, adaptation and resilience",academic,academic_T5,academic_T5_S047,25,Climate-Security Nexus in Conflict Zones,47_peacebuilding_geopolitical_geopolitics_insurgences,"The micro-topic tracks the evolution of how environmental change, climate threats, and geopolitical dynamics intersect with peacebuilding efforts and armed conflict across various regions.",2015,2,4265,0.0004689331770222,1,390,0.0025641025641025,97,99,1,corporate_T5_PG01,Operational Hazards and Liability Management,0.5654193162918091,academic_T5::academic_T5_S047
T5,"Climate risk, adaptation and resilience",academic,academic_T5,academic_T5_S047,25,Climate-Security Nexus in Conflict Zones,47_peacebuilding_geopolitical_geopolitics_insurgences,"The micro-topic tracks the evolution of how environmental change, climate threats, and geopolitical dynamics intersect with peacebuilding efforts and armed conflict across various regions.",2016,1,4265,0.0002344665885111,1,426,0.0023474178403755,97,99,1,corporate_T5_PG01,Operational Hazards and Liability Management,0.5654193162918091,academic_T5::academic_T5_S047
T5,"Climate risk, adaptation and resilience",academic,academic_T5,academic_T5_S047,25,Climate-Security Nexus in Conflict Zones,47_peacebuilding_geopolitical_geopolitics_insurgences,"The micro-topic tracks the evolution of how environmental change, climate threats, and geopolitical dynamics intersect with peacebuilding efforts and armed conflict across various regions.",2017,1,4265,0.0002344665885111,1,502,0.0019920318725099,97,99,1,corporate_T5_PG01,Operational Hazards and Liability Management,0.5654193162918091,academic_T5::academic_T5_S047
T5,"Climate risk, adaptation and resilience",academic,academic_T5,academic_T5_S047,25,Climate-Security Nexus in Conflict Zones,47_peacebuilding_geopolitical_geopolitics_insurgences,"The micro-topic tracks the evolution of how environmental change, climate threats, and geopolitical dynamics intersect with peacebuilding efforts and armed conflict across various regions.",2018,3,4265,0.0007033997655334,3,760,0.0039473684210526,97,99,1,corporate_T5_PG01,Operational Hazards and Liability Management,0.5654193162918091,academic_T5::academic_T5_S047
T5,"Climate risk, adaptation and resilience",academic,academic_T5,academic_T5_S047,25,Climate-Security Nexus in Conflict Zones,47_peacebuilding_geopolitical_geopolitics_insurgences,"The micro-topic tracks the evolution of how environmental change, climate threats, and geopolitical dynamics intersect with peacebuilding efforts and armed conflict across various regions.",2019,3,4265,0.0007033997655334,3,1024,0.0029296875,97,99,1,corporate_T5_PG01,Operational Hazards and Liability Management,0.5654193162918091,academic_T5::academic_T5_S047
T5,"Climate risk, adaptation and resilience",academic,academic_T5,academic_T5_S047,25,Climate-Security Nexus in Conflict Zones,47_peacebuilding_geopolitical_geopolitics_insurgences,"The micro-topic tracks the evolution of how environmental change, climate threats, and geopolitical dynamics intersect with peacebuilding efforts and armed conflict across various regions.",2020,7,4265,0.0016412661195779,7,1249,0.0056044835868694,97,99,1,corporate_T5_PG01,Operational Hazards and Liability Management,0.5654193162918091,academic_T5::academic_T5_S047
T5,"Climate risk, adaptation and resilience",academic,academic_T5,academic_T5_S047,25,Climate-Security Nexus in Conflict Zones,47_peacebuilding_geopolitical_geopolitics_insurgences,"The micro-topic tracks the evolution of how environmental change, climate threats, and geopolitical dynamics intersect with peacebuilding efforts and armed conflict across various regions.",2021,9,4265,0.0021101992966002,9,1521,0.0059171597633136,97,99,1,corporate_T5_PG01,Operational Hazards and Liability Management,0.5654193162918091,academic_T5::academic_T5_S047
T5,"Climate risk, adaptation and resilience",academic,academic_T5,academic_T5_S047,25,Climate-Security Nexus in Conflict Zones,47_peacebuilding_geopolitical_geopolitics_insurgences,"The micro-topic tracks the evolution of how environmental change, climate threats, and geopolitical dynamics intersect with peacebuilding efforts and armed conflict across various regions.",2022,18,4265,0.0042203985932004,17,1587,0.0107120352867044,97,99,1,corporate_T5_PG01,Operational Hazards and Liability Management,0.5654193162918091,academic_T5::academic_T5_S047
T5,"Climate risk, adaptation and resilience",academic,academic_T5,academic_T5_S047,25,Climate-Security Nexus in Conflict Zones,47_peacebuilding_geopolitical_geopolitics_insurgences,"The micro-topic tracks the evolution of how environmental change, climate threats, and geopolitical dynamics intersect with peacebuilding efforts and armed conflict across various regions.",2023,12,4265,0.0028135990621336,12,1985,0.0060453400503778,97,99,1,corporate_T5_PG01,Operational Hazards and Liability Management,0.5654193162918091,academic_T5::academic_T5_S047
T5,"Climate risk, adaptation and resilience",academic,academic_T5,academic_T5_S047,25,Climate-Security Nexus in Conflict Zones,47_peacebuilding_geopolitical_geopolitics_insurgences,"The micro-topic tracks the evolution of how environmental change, climate threats, and geopolitical dynamics intersect with peacebuilding efforts and armed conflict across various regions.",2024,18,4265,0.0042203985932004,18,3314,0.0054315027157513,97,99,1,corporate_T5_PG01,Operational Hazards and Liability Management,0.5654193162918091,academic_T5::academic_T5_S047
T5,"Climate risk, adaptation and resilience",academic,academic_T5,academic_T5_S047,25,Climate-Security Nexus in Conflict Zones,47_peacebuilding_geopolitical_geopolitics_insurgences,"The micro-topic tracks the evolution of how environmental change, climate threats, and geopolitical dynamics intersect with peacebuilding efforts and armed conflict across various regions.",2025,8,4265,0.001875732708089,8,2003,0.0039940089865202,97,99,1,corporate_T5_PG01,Operational Hazards and Liability Management,0.5654193162918091,academic_T5::academic_T5_S047
T5,"Climate risk, adaptation and resilience",academic,academic_T5,academic_T5_S048,26,Glacier Dynamics and Cryospheric Change in Mountain Systems,48_glaciers_cryosphere_meltwater_glacier,"The micro-topic tracks the evolution of research focusing on glaciers and the cryosphere across various mountain ranges (Himalaya, Andes, Tibetan Plateau). The focus shifts from early proxy/drought assessments to detailed, quantitative monitoring of mass balance, retreat rates, and hydrological impacts, increasingly utilizing advanced remote sensing techniques.",2000,2,4265,0.0004689331770222,2,60,0.0333333333333333,91,99,1,corporate_T5_PG01,Operational Hazards and Liability Management,0.525780975818634,academic_T5::academic_T5_S048
T5,"Climate risk, adaptation and resilience",academic,academic_T5,academic_T5_S048,26,Glacier Dynamics and Cryospheric Change in Mountain Systems,48_glaciers_cryosphere_meltwater_glacier,"The micro-topic tracks the evolution of research focusing on glaciers and the cryosphere across various mountain ranges (Himalaya, Andes, Tibetan Plateau). The focus shifts from early proxy/drought assessments to detailed, quantitative monitoring of mass balance, retreat rates, and hydrological impacts, increasingly utilizing advanced remote sensing techniques.",2001,1,4265,0.0002344665885111,1,50,0.02,91,99,1,corporate_T5_PG01,Operational Hazards and Liability Management,0.525780975818634,academic_T5::academic_T5_S048
T5,"Climate risk, adaptation and resilience",academic,academic_T5,academic_T5_S048,26,Glacier Dynamics and Cryospheric Change in Mountain Systems,48_glaciers_cryosphere_meltwater_glacier,"The micro-topic tracks the evolution of research focusing on glaciers and the cryosphere across various mountain ranges (Himalaya, Andes, Tibetan Plateau). The focus shifts from early proxy/drought assessments to detailed, quantitative monitoring of mass balance, retreat rates, and hydrological impacts, increasingly utilizing advanced remote sensing techniques.",2002,0,4265,0.0,0,64,0.0,91,99,1,corporate_T5_PG01,Operational Hazards and Liability Management,0.525780975818634,academic_T5::academic_T5_S048
T5,"Climate risk, adaptation and resilience",academic,academic_T5,academic_T5_S048,26,Glacier Dynamics and Cryospheric Change in Mountain Systems,48_glaciers_cryosphere_meltwater_glacier,"The micro-topic tracks the evolution of research focusing on glaciers and the cryosphere across various mountain ranges (Himalaya, Andes, Tibetan Plateau). The focus shifts from early proxy/drought assessments to detailed, quantitative monitoring of mass balance, retreat rates, and hydrological impacts, increasingly utilizing advanced remote sensing techniques.",2003,0,4265,0.0,0,71,0.0,91,99,1,corporate_T5_PG01,Operational Hazards and Liability Management,0.525780975818634,academic_T5::academic_T5_S048
T5,"Climate risk, adaptation and resilience",academic,academic_T5,academic_T5_S048,26,Glacier Dynamics and Cryospheric Change in Mountain Systems,48_glaciers_cryosphere_meltwater_glacier,"The micro-topic tracks the evolution of research focusing on glaciers and the cryosphere across various mountain ranges (Himalaya, Andes, Tibetan Plateau). The focus shifts from early proxy/drought assessments to detailed, quantitative monitoring of mass balance, retreat rates, and hydrological impacts, increasingly utilizing advanced remote sensing techniques.",2004,1,4265,0.0002344665885111,1,71,0.0140845070422535,91,99,1,corporate_T5_PG01,Operational Hazards and Liability Management,0.525780975818634,academic_T5::academic_T5_S048
T5,"Climate risk, adaptation and resilience",academic,academic_T5,academic_T5_S048,26,Glacier Dynamics and Cryospheric Change in Mountain Systems,48_glaciers_cryosphere_meltwater_glacier,"The micro-topic tracks the evolution of research focusing on glaciers and the cryosphere across various mountain ranges (Himalaya, Andes, Tibetan Plateau). The focus shifts from early proxy/drought assessments to detailed, quantitative monitoring of mass balance, retreat rates, and hydrological impacts, increasingly utilizing advanced remote sensing techniques.",2005,2,4265,0.0004689331770222,1,57,0.0175438596491228,91,99,1,corporate_T5_PG01,Operational Hazards and Liability Management,0.525780975818634,academic_T5::academic_T5_S048
T5,"Climate risk, adaptation and resilience",academic,academic_T5,academic_T5_S048,26,Glacier Dynamics and Cryospheric Change in Mountain Systems,48_glaciers_cryosphere_meltwater_glacier,"The micro-topic tracks the evolution of research focusing on glaciers and the cryosphere across various mountain ranges (Himalaya, Andes, Tibetan Plateau). The focus shifts from early proxy/drought assessments to detailed, quantitative monitoring of mass balance, retreat rates, and hydrological impacts, increasingly utilizing advanced remote sensing techniques.",2006,0,4265,0.0,0,76,0.0,91,99,1,corporate_T5_PG01,Operational Hazards and Liability Management,0.525780975818634,academic_T5::academic_T5_S048
T5,"Climate risk, adaptation and resilience",academic,academic_T5,academic_T5_S048,26,Glacier Dynamics and Cryospheric Change in Mountain Systems,48_glaciers_cryosphere_meltwater_glacier,"The micro-topic tracks the evolution of research focusing on glaciers and the cryosphere across various mountain ranges (Himalaya, Andes, Tibetan Plateau). The focus shifts from early proxy/drought assessments to detailed, quantitative monitoring of mass balance, retreat rates, and hydrological impacts, increasingly utilizing advanced remote sensing techniques.",2007,0,4265,0.0,0,104,0.0,91,99,1,corporate_T5_PG01,Operational Hazards and Liability Management,0.525780975818634,academic_T5::academic_T5_S048
T5,"Climate risk, adaptation and resilience",academic,academic_T5,academic_T5_S048,26,Glacier Dynamics and Cryospheric Change in Mountain Systems,48_glaciers_cryosphere_meltwater_glacier,"The micro-topic tracks the evolution of research focusing on glaciers and the cryosphere across various mountain ranges (Himalaya, Andes, Tibetan Plateau). The focus shifts from early proxy/drought assessments to detailed, quantitative monitoring of mass balance, retreat rates, and hydrological impacts, increasingly utilizing advanced remote sensing techniques.",2008,1,4265,0.0002344665885111,1,118,0.0084745762711864,91,99,1,corporate_T5_PG01,Operational Hazards and Liability Management,0.525780975818634,academic_T5::academic_T5_S048
T5,"Climate risk, adaptation and resilience",academic,academic_T5,academic_T5_S048,26,Glacier Dynamics and Cryospheric Change in Mountain Systems,48_glaciers_cryosphere_meltwater_glacier,"The micro-topic tracks the evolution of research focusing on glaciers and the cryosphere across various mountain ranges (Himalaya, Andes, Tibetan Plateau). The focus shifts from early proxy/drought assessments to detailed, quantitative monitoring of mass balance, retreat rates, and hydrological impacts, increasingly utilizing advanced remote sensing techniques.",2009,0,4265,0.0,0,142,0.0,91,99,1,corporate_T5_PG01,Operational Hazards and Liability Management,0.525780975818634,academic_T5::academic_T5_S048
T5,"Climate risk, adaptation and resilience",academic,academic_T5,academic_T5_S048,26,Glacier Dynamics and Cryospheric Change in Mountain Systems,48_glaciers_cryosphere_meltwater_glacier,"The micro-topic tracks the evolution of research focusing on glaciers and the cryosphere across various mountain ranges (Himalaya, Andes, Tibetan Plateau). The focus shifts from early proxy/drought assessments to detailed, quantitative monitoring of mass balance, retreat rates, and hydrological impacts, increasingly utilizing advanced remote sensing techniques.",2010,0,4265,0.0,0,149,0.0,91,99,1,corporate_T5_PG01,Operational Hazards and Liability Management,0.525780975818634,academic_T5::academic_T5_S048
T5,"Climate risk, adaptation and resilience",academic,academic_T5,academic_T5_S048,26,Glacier Dynamics and Cryospheric Change in Mountain Systems,48_glaciers_cryosphere_meltwater_glacier,"The micro-topic tracks the evolution of research focusing on glaciers and the cryosphere across various mountain ranges (Himalaya, Andes, Tibetan Plateau). The focus shifts from early proxy/drought assessments to detailed, quantitative monitoring of mass balance, retreat rates, and hydrological impacts, increasingly utilizing advanced remote sensing techniques.",2011,1,4265,0.0002344665885111,1,230,0.0043478260869565,91,99,1,corporate_T5_PG01,Operational Hazards and Liability Management,0.525780975818634,academic_T5::academic_T5_S048
T5,"Climate risk, adaptation and resilience",academic,academic_T5,academic_T5_S048,26,Glacier Dynamics and Cryospheric Change in Mountain Systems,48_glaciers_cryosphere_meltwater_glacier,"The micro-topic tracks the evolution of research focusing on glaciers and the cryosphere across various mountain ranges (Himalaya, Andes, Tibetan Plateau). The focus shifts from early proxy/drought assessments to detailed, quantitative monitoring of mass balance, retreat rates, and hydrological impacts, increasingly utilizing advanced remote sensing techniques.",2012,0,4265,0.0,0,220,0.0,91,99,1,corporate_T5_PG01,Operational Hazards and Liability Management,0.525780975818634,academic_T5::academic_T5_S048
T5,"Climate risk, adaptation and resilience",academic,academic_T5,academic_T5_S048,26,Glacier Dynamics and Cryospheric Change in Mountain Systems,48_glaciers_cryosphere_meltwater_glacier,"The micro-topic tracks the evolution of research focusing on glaciers and the cryosphere across various mountain ranges (Himalaya, Andes, Tibetan Plateau). The focus shifts from early proxy/drought assessments to detailed, quantitative monitoring of mass balance, retreat rates, and hydrological impacts, increasingly utilizing advanced remote sensing techniques.",2013,1,4265,0.0002344665885111,1,274,0.0036496350364963,91,99,1,corporate_T5_PG01,Operational Hazards and Liability Management,0.525780975818634,academic_T5::academic_T5_S048
T5,"Climate risk, adaptation and resilience",academic,academic_T5,academic_T5_S048,26,Glacier Dynamics and Cryospheric Change in Mountain Systems,48_glaciers_cryosphere_meltwater_glacier,"The micro-topic tracks the evolution of research focusing on glaciers and the cryosphere across various mountain ranges (Himalaya, Andes, Tibetan Plateau). The focus shifts from early proxy/drought assessments to detailed, quantitative monitoring of mass balance, retreat rates, and hydrological impacts, increasingly utilizing advanced remote sensing techniques.",2014,2,4265,0.0004689331770222,2,315,0.0063492063492063,91,99,1,corporate_T5_PG01,Operational Hazards and Liability Management,0.525780975818634,academic_T5::academic_T5_S048
T5,"Climate risk, adaptation and resilience",academic,academic_T5,academic_T5_S048,26,Glacier Dynamics and Cryospheric Change in Mountain Systems,48_glaciers_cryosphere_meltwater_glacier,"The micro-topic tracks the evolution of research focusing on glaciers and the cryosphere across various mountain ranges (Himalaya, Andes, Tibetan Plateau). The focus shifts from early proxy/drought assessments to detailed, quantitative monitoring of mass balance, retreat rates, and hydrological impacts, increasingly utilizing advanced remote sensing techniques.",2015,3,4265,0.0007033997655334,3,390,0.0076923076923076,91,99,1,corporate_T5_PG01,Operational Hazards and Liability Management,0.525780975818634,academic_T5::academic_T5_S048
T5,"Climate risk, adaptation and resilience",academic,academic_T5,academic_T5_S048,26,Glacier Dynamics and Cryospheric Change in Mountain Systems,48_glaciers_cryosphere_meltwater_glacier,"The micro-topic tracks the evolution of research focusing on glaciers and the cryosphere across various mountain ranges (Himalaya, Andes, Tibetan Plateau). The focus shifts from early proxy/drought assessments to detailed, quantitative monitoring of mass balance, retreat rates, and hydrological impacts, increasingly utilizing advanced remote sensing techniques.",2016,3,4265,0.0007033997655334,3,426,0.0070422535211267,91,99,1,corporate_T5_PG01,Operational Hazards and Liability Management,0.525780975818634,academic_T5::academic_T5_S048
T5,"Climate risk, adaptation and resilience",academic,academic_T5,academic_T5_S048,26,Glacier Dynamics and Cryospheric Change in Mountain Systems,48_glaciers_cryosphere_meltwater_glacier,"The micro-topic tracks the evolution of research focusing on glaciers and the cryosphere across various mountain ranges (Himalaya, Andes, Tibetan Plateau). The focus shifts from early proxy/drought assessments to detailed, quantitative monitoring of mass balance, retreat rates, and hydrological impacts, increasingly utilizing advanced remote sensing techniques.",2017,6,4265,0.0014067995310668,6,502,0.0119521912350597,91,99,1,corporate_T5_PG01,Operational Hazards and Liability Management,0.525780975818634,academic_T5::academic_T5_S048
T5,"Climate risk, adaptation and resilience",academic,academic_T5,academic_T5_S048,26,Glacier Dynamics and Cryospheric Change in Mountain Systems,48_glaciers_cryosphere_meltwater_glacier,"The micro-topic tracks the evolution of research focusing on glaciers and the cryosphere across various mountain ranges (Himalaya, Andes, Tibetan Plateau). The focus shifts from early proxy/drought assessments to detailed, quantitative monitoring of mass balance, retreat rates, and hydrological impacts, increasingly utilizing advanced remote sensing techniques.",2018,9,4265,0.0021101992966002,8,760,0.0105263157894736,91,99,1,corporate_T5_PG01,Operational Hazards and Liability Management,0.525780975818634,academic_T5::academic_T5_S048
T5,"Climate risk, adaptation and resilience",academic,academic_T5,academic_T5_S048,26,Glacier Dynamics and Cryospheric Change in Mountain Systems,48_glaciers_cryosphere_meltwater_glacier,"The micro-topic tracks the evolution of research focusing on glaciers and the cryosphere across various mountain ranges (Himalaya, Andes, Tibetan Plateau). The focus shifts from early proxy/drought assessments to detailed, quantitative monitoring of mass balance, retreat rates, and hydrological impacts, increasingly utilizing advanced remote sensing techniques.",2019,9,4265,0.0021101992966002,7,1024,0.0068359375,91,99,1,corporate_T5_PG01,Operational Hazards and Liability Management,0.525780975818634,academic_T5::academic_T5_S048
T5,"Climate risk, adaptation and resilience",academic,academic_T5,academic_T5_S048,26,Glacier Dynamics and Cryospheric Change in Mountain Systems,48_glaciers_cryosphere_meltwater_glacier,"The micro-topic tracks the evolution of research focusing on glaciers and the cryosphere across various mountain ranges (Himalaya, Andes, Tibetan Plateau). The focus shifts from early proxy/drought assessments to detailed, quantitative monitoring of mass balance, retreat rates, and hydrological impacts, increasingly utilizing advanced remote sensing techniques.",2020,7,4265,0.0016412661195779,6,1249,0.0048038430744595,91,99,1,corporate_T5_PG01,Operational Hazards and Liability Management,0.525780975818634,academic_T5::academic_T5_S048
T5,"Climate risk, adaptation and resilience",academic,academic_T5,academic_T5_S048,26,Glacier Dynamics and Cryospheric Change in Mountain Systems,48_glaciers_cryosphere_meltwater_glacier,"The micro-topic tracks the evolution of research focusing on glaciers and the cryosphere across various mountain ranges (Himalaya, Andes, Tibetan Plateau). The focus shifts from early proxy/drought assessments to detailed, quantitative monitoring of mass balance, retreat rates, and hydrological impacts, increasingly utilizing advanced remote sensing techniques.",2021,10,4265,0.0023446658851113,10,1521,0.0065746219592373,91,99,1,corporate_T5_PG01,Operational Hazards and Liability Management,0.525780975818634,academic_T5::academic_T5_S048
T5,"Climate risk, adaptation and resilience",academic,academic_T5,academic_T5_S048,26,Glacier Dynamics and Cryospheric Change in Mountain Systems,48_glaciers_cryosphere_meltwater_glacier,"The micro-topic tracks the evolution of research focusing on glaciers and the cryosphere across various mountain ranges (Himalaya, Andes, Tibetan Plateau). The focus shifts from early proxy/drought assessments to detailed, quantitative monitoring of mass balance, retreat rates, and hydrological impacts, increasingly utilizing advanced remote sensing techniques.",2022,8,4265,0.001875732708089,7,1587,0.0044108380592312,91,99,1,corporate_T5_PG01,Operational Hazards and Liability Management,0.525780975818634,academic_T5::academic_T5_S048
T5,"Climate risk, adaptation and resilience",academic,academic_T5,academic_T5_S048,26,Glacier Dynamics and Cryospheric Change in Mountain Systems,48_glaciers_cryosphere_meltwater_glacier,"The micro-topic tracks the evolution of research focusing on glaciers and the cryosphere across various mountain ranges (Himalaya, Andes, Tibetan Plateau). The focus shifts from early proxy/drought assessments to detailed, quantitative monitoring of mass balance, retreat rates, and hydrological impacts, increasingly utilizing advanced remote sensing techniques.",2023,13,4265,0.0030480656506447,12,1985,0.0060453400503778,91,99,1,corporate_T5_PG01,Operational Hazards and Liability Management,0.525780975818634,academic_T5::academic_T5_S048
T5,"Climate risk, adaptation and resilience",academic,academic_T5,academic_T5_S048,26,Glacier Dynamics and Cryospheric Change in Mountain Systems,48_glaciers_cryosphere_meltwater_glacier,"The micro-topic tracks the evolution of research focusing on glaciers and the cryosphere across various mountain ranges (Himalaya, Andes, Tibetan Plateau). The focus shifts from early proxy/drought assessments to detailed, quantitative monitoring of mass balance, retreat rates, and hydrological impacts, increasingly utilizing advanced remote sensing techniques.",2024,14,4265,0.0032825322391559,13,3314,0.0039227519613759,91,99,1,corporate_T5_PG01,Operational Hazards and Liability Management,0.525780975818634,academic_T5::academic_T5_S048
T5,"Climate risk, adaptation and resilience",academic,academic_T5,academic_T5_S048,26,Glacier Dynamics and Cryospheric Change in Mountain Systems,48_glaciers_cryosphere_meltwater_glacier,"The micro-topic tracks the evolution of research focusing on glaciers and the cryosphere across various mountain ranges (Himalaya, Andes, Tibetan Plateau). The focus shifts from early proxy/drought assessments to detailed, quantitative monitoring of mass balance, retreat rates, and hydrological impacts, increasingly utilizing advanced remote sensing techniques.",2025,6,4265,0.0014067995310668,6,2003,0.0029955067398901,91,99,1,corporate_T5_PG01,Operational Hazards and Liability Management,0.525780975818634,academic_T5::academic_T5_S048
T5,"Climate risk, adaptation and resilience",academic,academic_T5,academic_T5_S074,36,Transport Emissions and Climate Mitigation Strategies,74_transport_emissions_climatique_transportation,"The micro-topic tracks the evolution of research on transport emissions and climate mitigation, moving from early, geographically specific risk assessments to highly integrated, quantitative, and scenario-based planning frameworks focused on achieving net-zero targets.",2000,0,4265,0.0,0,60,0.0,52,53,1,corporate_T5_PG01,Operational Hazards and Liability Management,0.5920288562774658,academic_T5::academic_T5_S074
T5,"Climate risk, adaptation and resilience",academic,academic_T5,academic_T5_S074,36,Transport Emissions and Climate Mitigation Strategies,74_transport_emissions_climatique_transportation,"The micro-topic tracks the evolution of research on transport emissions and climate mitigation, moving from early, geographically specific risk assessments to highly integrated, quantitative, and scenario-based planning frameworks focused on achieving net-zero targets.",2001,0,4265,0.0,0,50,0.0,52,53,1,corporate_T5_PG01,Operational Hazards and Liability Management,0.5920288562774658,academic_T5::academic_T5_S074
T5,"Climate risk, adaptation and resilience",academic,academic_T5,academic_T5_S074,36,Transport Emissions and Climate Mitigation Strategies,74_transport_emissions_climatique_transportation,"The micro-topic tracks the evolution of research on transport emissions and climate mitigation, moving from early, geographically specific risk assessments to highly integrated, quantitative, and scenario-based planning frameworks focused on achieving net-zero targets.",2002,0,4265,0.0,0,64,0.0,52,53,1,corporate_T5_PG01,Operational Hazards and Liability Management,0.5920288562774658,academic_T5::academic_T5_S074
T5,"Climate risk, adaptation and resilience",academic,academic_T5,academic_T5_S074,36,Transport Emissions and Climate Mitigation Strategies,74_transport_emissions_climatique_transportation,"The micro-topic tracks the evolution of research on transport emissions and climate mitigation, moving from early, geographically specific risk assessments to highly integrated, quantitative, and scenario-based planning frameworks focused on achieving net-zero targets.",2003,0,4265,0.0,0,71,0.0,52,53,1,corporate_T5_PG01,Operational Hazards and Liability Management,0.5920288562774658,academic_T5::academic_T5_S074
T5,"Climate risk, adaptation and resilience",academic,academic_T5,academic_T5_S074,36,Transport Emissions and Climate Mitigation Strategies,74_transport_emissions_climatique_transportation,"The micro-topic tracks the evolution of research on transport emissions and climate mitigation, moving from early, geographically specific risk assessments to highly integrated, quantitative, and scenario-based planning frameworks focused on achieving net-zero targets.",2004,0,4265,0.0,0,71,0.0,52,53,1,corporate_T5_PG01,Operational Hazards and Liability Management,0.5920288562774658,academic_T5::academic_T5_S074
T5,"Climate risk, adaptation and resilience",academic,academic_T5,academic_T5_S074,36,Transport Emissions and Climate Mitigation Strategies,74_transport_emissions_climatique_transportation,"The micro-topic tracks the evolution of research on transport emissions and climate mitigation, moving from early, geographically specific risk assessments to highly integrated, quantitative, and scenario-based planning frameworks focused on achieving net-zero targets.",2005,0,4265,0.0,0,57,0.0,52,53,1,corporate_T5_PG01,Operational Hazards and Liability Management,0.5920288562774658,academic_T5::academic_T5_S074
T5,"Climate risk, adaptation and resilience",academic,academic_T5,academic_T5_S074,36,Transport Emissions and Climate Mitigation Strategies,74_transport_emissions_climatique_transportation,"The micro-topic tracks the evolution of research on transport emissions and climate mitigation, moving from early, geographically specific risk assessments to highly integrated, quantitative, and scenario-based planning frameworks focused on achieving net-zero targets.",2006,0,4265,0.0,0,76,0.0,52,53,1,corporate_T5_PG01,Operational Hazards and Liability Management,0.5920288562774658,academic_T5::academic_T5_S074
T5,"Climate risk, adaptation and resilience",academic,academic_T5,academic_T5_S074,36,Transport Emissions and Climate Mitigation Strategies,74_transport_emissions_climatique_transportation,"The micro-topic tracks the evolution of research on transport emissions and climate mitigation, moving from early, geographically specific risk assessments to highly integrated, quantitative, and scenario-based planning frameworks focused on achieving net-zero targets.",2007,1,4265,0.0002344665885111,1,104,0.0096153846153846,52,53,1,corporate_T5_PG01,Operational Hazards and Liability Management,0.5920288562774658,academic_T5::academic_T5_S074
T5,"Climate risk, adaptation and resilience",academic,academic_T5,academic_T5_S074,36,Transport Emissions and Climate Mitigation Strategies,74_transport_emissions_climatique_transportation,"The micro-topic tracks the evolution of research on transport emissions and climate mitigation, moving from early, geographically specific risk assessments to highly integrated, quantitative, and scenario-based planning frameworks focused on achieving net-zero targets.",2008,0,4265,0.0,0,118,0.0,52,53,1,corporate_T5_PG01,Operational Hazards and Liability Management,0.5920288562774658,academic_T5::academic_T5_S074
T5,"Climate risk, adaptation and resilience",academic,academic_T5,academic_T5_S074,36,Transport Emissions and Climate Mitigation Strategies,74_transport_emissions_climatique_transportation,"The micro-topic tracks the evolution of research on transport emissions and climate mitigation, moving from early, geographically specific risk assessments to highly integrated, quantitative, and scenario-based planning frameworks focused on achieving net-zero targets.",2009,0,4265,0.0,0,142,0.0,52,53,1,corporate_T5_PG01,Operational Hazards and Liability Management,0.5920288562774658,academic_T5::academic_T5_S074
T5,"Climate risk, adaptation and resilience",academic,academic_T5,academic_T5_S074,36,Transport Emissions and Climate Mitigation Strategies,74_transport_emissions_climatique_transportation,"The micro-topic tracks the evolution of research on transport emissions and climate mitigation, moving from early, geographically specific risk assessments to highly integrated, quantitative, and scenario-based planning frameworks focused on achieving net-zero targets.",2010,0,4265,0.0,0,149,0.0,52,53,1,corporate_T5_PG01,Operational Hazards and Liability Management,0.5920288562774658,academic_T5::academic_T5_S074
T5,"Climate risk, adaptation and resilience",academic,academic_T5,academic_T5_S074,36,Transport Emissions and Climate Mitigation Strategies,74_transport_emissions_climatique_transportation,"The micro-topic tracks the evolution of research on transport emissions and climate mitigation, moving from early, geographically specific risk assessments to highly integrated, quantitative, and scenario-based planning frameworks focused on achieving net-zero targets.",2011,1,4265,0.0002344665885111,1,230,0.0043478260869565,52,53,1,corporate_T5_PG01,Operational Hazards and Liability Management,0.5920288562774658,academic_T5::academic_T5_S074
T5,"Climate risk, adaptation and resilience",academic,academic_T5,academic_T5_S074,36,Transport Emissions and Climate Mitigation Strategies,74_transport_emissions_climatique_transportation,"The micro-topic tracks the evolution of research on transport emissions and climate mitigation, moving from early, geographically specific risk assessments to highly integrated, quantitative, and scenario-based planning frameworks focused on achieving net-zero targets.",2012,0,4265,0.0,0,220,0.0,52,53,1,corporate_T5_PG01,Operational Hazards and Liability Management,0.5920288562774658,academic_T5::academic_T5_S074
T5,"Climate risk, adaptation and resilience",academic,academic_T5,academic_T5_S074,36,Transport Emissions and Climate Mitigation Strategies,74_transport_emissions_climatique_transportation,"The micro-topic tracks the evolution of research on transport emissions and climate mitigation, moving from early, geographically specific risk assessments to highly integrated, quantitative, and scenario-based planning frameworks focused on achieving net-zero targets.",2013,1,4265,0.0002344665885111,1,274,0.0036496350364963,52,53,1,corporate_T5_PG01,Operational Hazards and Liability Management,0.5920288562774658,academic_T5::academic_T5_S074
T5,"Climate risk, adaptation and resilience",academic,academic_T5,academic_T5_S074,36,Transport Emissions and Climate Mitigation Strategies,74_transport_emissions_climatique_transportation,"The micro-topic tracks the evolution of research on transport emissions and climate mitigation, moving from early, geographically specific risk assessments to highly integrated, quantitative, and scenario-based planning frameworks focused on achieving net-zero targets.",2014,0,4265,0.0,0,315,0.0,52,53,1,corporate_T5_PG01,Operational Hazards and Liability Management,0.5920288562774658,academic_T5::academic_T5_S074
T5,"Climate risk, adaptation and resilience",academic,academic_T5,academic_T5_S074,36,Transport Emissions and Climate Mitigation Strategies,74_transport_emissions_climatique_transportation,"The micro-topic tracks the evolution of research on transport emissions and climate mitigation, moving from early, geographically specific risk assessments to highly integrated, quantitative, and scenario-based planning frameworks focused on achieving net-zero targets.",2015,2,4265,0.0004689331770222,2,390,0.0051282051282051,52,53,1,corporate_T5_PG01,Operational Hazards and Liability Management,0.5920288562774658,academic_T5::academic_T5_S074
T5,"Climate risk, adaptation and resilience",academic,academic_T5,academic_T5_S074,36,Transport Emissions and Climate Mitigation Strategies,74_transport_emissions_climatique_transportation,"The micro-topic tracks the evolution of research on transport emissions and climate mitigation, moving from early, geographically specific risk assessments to highly integrated, quantitative, and scenario-based planning frameworks focused on achieving net-zero targets.",2016,0,4265,0.0,0,426,0.0,52,53,1,corporate_T5_PG01,Operational Hazards and Liability Management,0.5920288562774658,academic_T5::academic_T5_S074
T5,"Climate risk, adaptation and resilience",academic,academic_T5,academic_T5_S074,36,Transport Emissions and Climate Mitigation Strategies,74_transport_emissions_climatique_transportation,"The micro-topic tracks the evolution of research on transport emissions and climate mitigation, moving from early, geographically specific risk assessments to highly integrated, quantitative, and scenario-based planning frameworks focused on achieving net-zero targets.",2017,3,4265,0.0007033997655334,3,502,0.0059760956175298,52,53,1,corporate_T5_PG01,Operational Hazards and Liability Management,0.5920288562774658,academic_T5::academic_T5_S074
T5,"Climate risk, adaptation and resilience",academic,academic_T5,academic_T5_S074,36,Transport Emissions and Climate Mitigation Strategies,74_transport_emissions_climatique_transportation,"The micro-topic tracks the evolution of research on transport emissions and climate mitigation, moving from early, geographically specific risk assessments to highly integrated, quantitative, and scenario-based planning frameworks focused on achieving net-zero targets.",2018,4,4265,0.0009378663540445,4,760,0.0052631578947368,52,53,1,corporate_T5_PG01,Operational Hazards and Liability Management,0.5920288562774658,academic_T5::academic_T5_S074
T5,"Climate risk, adaptation and resilience",academic,academic_T5,academic_T5_S074,36,Transport Emissions and Climate Mitigation Strategies,74_transport_emissions_climatique_transportation,"The micro-topic tracks the evolution of research on transport emissions and climate mitigation, moving from early, geographically specific risk assessments to highly integrated, quantitative, and scenario-based planning frameworks focused on achieving net-zero targets.",2019,4,4265,0.0009378663540445,4,1024,0.00390625,52,53,1,corporate_T5_PG01,Operational Hazards and Liability Management,0.5920288562774658,academic_T5::academic_T5_S074
T5,"Climate risk, adaptation and resilience",academic,academic_T5,academic_T5_S074,36,Transport Emissions and Climate Mitigation Strategies,74_transport_emissions_climatique_transportation,"The micro-topic tracks the evolution of research on transport emissions and climate mitigation, moving from early, geographically specific risk assessments to highly integrated, quantitative, and scenario-based planning frameworks focused on achieving net-zero targets.",2020,5,4265,0.0011723329425556,5,1249,0.0040032025620496,52,53,1,corporate_T5_PG01,Operational Hazards and Liability Management,0.5920288562774658,academic_T5::academic_T5_S074
T5,"Climate risk, adaptation and resilience",academic,academic_T5,academic_T5_S074,36,Transport Emissions and Climate Mitigation Strategies,74_transport_emissions_climatique_transportation,"The micro-topic tracks the evolution of research on transport emissions and climate mitigation, moving from early, geographically specific risk assessments to highly integrated, quantitative, and scenario-based planning frameworks focused on achieving net-zero targets.",2021,6,4265,0.0014067995310668,6,1521,0.0039447731755424,52,53,1,corporate_T5_PG01,Operational Hazards and Liability Management,0.5920288562774658,academic_T5::academic_T5_S074
T5,"Climate risk, adaptation and resilience",academic,academic_T5,academic_T5_S074,36,Transport Emissions and Climate Mitigation Strategies,74_transport_emissions_climatique_transportation,"The micro-topic tracks the evolution of research on transport emissions and climate mitigation, moving from early, geographically specific risk assessments to highly integrated, quantitative, and scenario-based planning frameworks focused on achieving net-zero targets.",2022,8,4265,0.001875732708089,8,1587,0.0050409577819785,52,53,1,corporate_T5_PG01,Operational Hazards and Liability Management,0.5920288562774658,academic_T5::academic_T5_S074
T5,"Climate risk, adaptation and resilience",academic,academic_T5,academic_T5_S074,36,Transport Emissions and Climate Mitigation Strategies,74_transport_emissions_climatique_transportation,"The micro-topic tracks the evolution of research on transport emissions and climate mitigation, moving from early, geographically specific risk assessments to highly integrated, quantitative, and scenario-based planning frameworks focused on achieving net-zero targets.",2023,6,4265,0.0014067995310668,6,1985,0.0030226700251889,52,53,1,corporate_T5_PG01,Operational Hazards and Liability Management,0.5920288562774658,academic_T5::academic_T5_S074
T5,"Climate risk, adaptation and resilience",academic,academic_T5,academic_T5_S074,36,Transport Emissions and Climate Mitigation Strategies,74_transport_emissions_climatique_transportation,"The micro-topic tracks the evolution of research on transport emissions and climate mitigation, moving from early, geographically specific risk assessments to highly integrated, quantitative, and scenario-based planning frameworks focused on achieving net-zero targets.",2024,7,4265,0.0016412661195779,6,3314,0.0018105009052504,52,53,1,corporate_T5_PG01,Operational Hazards and Liability Management,0.5920288562774658,academic_T5::academic_T5_S074
T5,"Climate risk, adaptation and resilience",academic,academic_T5,academic_T5_S074,36,Transport Emissions and Climate Mitigation Strategies,74_transport_emissions_climatique_transportation,"The micro-topic tracks the evolution of research on transport emissions and climate mitigation, moving from early, geographically specific risk assessments to highly integrated, quantitative, and scenario-based planning frameworks focused on achieving net-zero targets.",2025,5,4265,0.0011723329425556,5,2003,0.0024962556165751,52,53,1,corporate_T5_PG01,Operational Hazards and Liability Management,0.5920288562774658,academic_T5::academic_T5_S074
T5,"Climate risk, adaptation and resilience",media,media_T5,media_T5_S000,0,Climate Risk Perception and Adaptation Strategies,0_abstract_rotterdam_flooded_efficiency,"The micro-topic tracked the evolution of climate change discourse from abstract global limits to concrete, localized impacts, heavily emphasizing flood risk, extreme weather events, and the tension between economic development and necessary adaptation.",2000,5,1553,0.0032195750160978,3,4,0.75,969,1553,1,corporate_T5_PG01,Operational Hazards and Liability Management,0.6399979591369629,media_T5::media_T5_S000
T5,"Climate risk, adaptation and resilience",media,media_T5,media_T5_S000,0,Climate Risk Perception and Adaptation Strategies,0_abstract_rotterdam_flooded_efficiency,"The micro-topic tracked the evolution of climate change discourse from abstract global limits to concrete, localized impacts, heavily emphasizing flood risk, extreme weather events, and the tension between economic development and necessary adaptation.",2001,6,1553,0.0038634900193174,6,8,0.75,969,1553,1,corporate_T5_PG01,Operational Hazards and Liability Management,0.6399979591369629,media_T5::media_T5_S000
T5,"Climate risk, adaptation and resilience",media,media_T5,media_T5_S000,0,Climate Risk Perception and Adaptation Strategies,0_abstract_rotterdam_flooded_efficiency,"The micro-topic tracked the evolution of climate change discourse from abstract global limits to concrete, localized impacts, heavily emphasizing flood risk, extreme weather events, and the tension between economic development and necessary adaptation.",2002,3,1553,0.0019317450096587,2,3,0.6666666666666666,969,1553,1,corporate_T5_PG01,Operational Hazards and Liability Management,0.6399979591369629,media_T5::media_T5_S000
T5,"Climate risk, adaptation and resilience",media,media_T5,media_T5_S000,0,Climate Risk Perception and Adaptation Strategies,0_abstract_rotterdam_flooded_efficiency,"The micro-topic tracked the evolution of climate change discourse from abstract global limits to concrete, localized impacts, heavily emphasizing flood risk, extreme weather events, and the tension between economic development and necessary adaptation.",2003,8,1553,0.0051513200257566,8,8,1.0,969,1553,1,corporate_T5_PG01,Operational Hazards and Liability Management,0.6399979591369629,media_T5::media_T5_S000
T5,"Climate risk, adaptation and resilience",media,media_T5,media_T5_S000,0,Climate Risk Perception and Adaptation Strategies,0_abstract_rotterdam_flooded_efficiency,"The micro-topic tracked the evolution of climate change discourse from abstract global limits to concrete, localized impacts, heavily emphasizing flood risk, extreme weather events, and the tension between economic development and necessary adaptation.",2004,11,1553,0.0070830650354153,7,9,0.7777777777777778,969,1553,1,corporate_T5_PG01,Operational Hazards and Liability Management,0.6399979591369629,media_T5::media_T5_S000
T5,"Climate risk, adaptation and resilience",media,media_T5,media_T5_S000,0,Climate Risk Perception and Adaptation Strategies,0_abstract_rotterdam_flooded_efficiency,"The micro-topic tracked the evolution of climate change discourse from abstract global limits to concrete, localized impacts, heavily emphasizing flood risk, extreme weather events, and the tension between economic development and necessary adaptation.",2005,5,1553,0.0032195750160978,5,7,0.7142857142857143,969,1553,1,corporate_T5_PG01,Operational Hazards and Liability Management,0.6399979591369629,media_T5::media_T5_S000
T5,"Climate risk, adaptation and resilience",media,media_T5,media_T5_S000,0,Climate Risk Perception and Adaptation Strategies,0_abstract_rotterdam_flooded_efficiency,"The micro-topic tracked the evolution of climate change discourse from abstract global limits to concrete, localized impacts, heavily emphasizing flood risk, extreme weather events, and the tension between economic development and necessary adaptation.",2006,14,1553,0.009014810045074,12,21,0.5714285714285714,969,1553,1,corporate_T5_PG01,Operational Hazards and Liability Management,0.6399979591369629,media_T5::media_T5_S000
T5,"Climate risk, adaptation and resilience",media,media_T5,media_T5_S000,0,Climate Risk Perception and Adaptation Strategies,0_abstract_rotterdam_flooded_efficiency,"The micro-topic tracked the evolution of climate change discourse from abstract global limits to concrete, localized impacts, heavily emphasizing flood risk, extreme weather events, and the tension between economic development and necessary adaptation.",2007,15,1553,0.0096587250482936,13,16,0.8125,969,1553,1,corporate_T5_PG01,Operational Hazards and Liability Management,0.6399979591369629,media_T5::media_T5_S000
T5,"Climate risk, adaptation and resilience",media,media_T5,media_T5_S000,0,Climate Risk Perception and Adaptation Strategies,0_abstract_rotterdam_flooded_efficiency,"The micro-topic tracked the evolution of climate change discourse from abstract global limits to concrete, localized impacts, heavily emphasizing flood risk, extreme weather events, and the tension between economic development and necessary adaptation.",2008,19,1553,0.0122343850611719,16,26,0.6153846153846154,969,1553,1,corporate_T5_PG01,Operational Hazards and Liability Management,0.6399979591369629,media_T5::media_T5_S000
T5,"Climate risk, adaptation and resilience",media,media_T5,media_T5_S000,0,Climate Risk Perception and Adaptation Strategies,0_abstract_rotterdam_flooded_efficiency,"The micro-topic tracked the evolution of climate change discourse from abstract global limits to concrete, localized impacts, heavily emphasizing flood risk, extreme weather events, and the tension between economic development and necessary adaptation.",2009,24,1553,0.0154539600772698,22,26,0.8461538461538461,969,1553,1,corporate_T5_PG01,Operational Hazards and Liability Management,0.6399979591369629,media_T5::media_T5_S000
T5,"Climate risk, adaptation and resilience",media,media_T5,media_T5_S000,0,Climate Risk Perception and Adaptation Strategies,0_abstract_rotterdam_flooded_efficiency,"The micro-topic tracked the evolution of climate change discourse from abstract global limits to concrete, localized impacts, heavily emphasizing flood risk, extreme weather events, and the tension between economic development and necessary adaptation.",2010,18,1553,0.0115904700579523,14,26,0.5384615384615384,969,1553,1,corporate_T5_PG01,Operational Hazards and Liability Management,0.6399979591369629,media_T5::media_T5_S000
T5,"Climate risk, adaptation and resilience",media,media_T5,media_T5_S000,0,Climate Risk Perception and Adaptation Strategies,0_abstract_rotterdam_flooded_efficiency,"The micro-topic tracked the evolution of climate change discourse from abstract global limits to concrete, localized impacts, heavily emphasizing flood risk, extreme weather events, and the tension between economic development and necessary adaptation.",2011,51,1553,0.0328396651641983,34,43,0.7906976744186046,969,1553,1,corporate_T5_PG01,Operational Hazards and Liability Management,0.6399979591369629,media_T5::media_T5_S000
T5,"Climate risk, adaptation and resilience",media,media_T5,media_T5_S000,0,Climate Risk Perception and Adaptation Strategies,0_abstract_rotterdam_flooded_efficiency,"The micro-topic tracked the evolution of climate change discourse from abstract global limits to concrete, localized impacts, heavily emphasizing flood risk, extreme weather events, and the tension between economic development and necessary adaptation.",2012,62,1553,0.0399227301996136,46,64,0.71875,969,1553,1,corporate_T5_PG01,Operational Hazards and Liability Management,0.6399979591369629,media_T5::media_T5_S000
T5,"Climate risk, adaptation and resilience",media,media_T5,media_T5_S000,0,Climate Risk Perception and Adaptation Strategies,0_abstract_rotterdam_flooded_efficiency,"The micro-topic tracked the evolution of climate change discourse from abstract global limits to concrete, localized impacts, heavily emphasizing flood risk, extreme weather events, and the tension between economic development and necessary adaptation.",2013,118,1553,0.0759819703799098,70,94,0.7446808510638298,969,1553,1,corporate_T5_PG01,Operational Hazards and Liability Management,0.6399979591369629,media_T5::media_T5_S000
T5,"Climate risk, adaptation and resilience",media,media_T5,media_T5_S000,0,Climate Risk Perception and Adaptation Strategies,0_abstract_rotterdam_flooded_efficiency,"The micro-topic tracked the evolution of climate change discourse from abstract global limits to concrete, localized impacts, heavily emphasizing flood risk, extreme weather events, and the tension between economic development and necessary adaptation.",2014,156,1553,0.1004507405022537,86,124,0.6935483870967742,969,1553,1,corporate_T5_PG01,Operational Hazards and Liability Management,0.6399979591369629,media_T5::media_T5_S000
T5,"Climate risk, adaptation and resilience",media,media_T5,media_T5_S000,0,Climate Risk Perception and Adaptation Strategies,0_abstract_rotterdam_flooded_efficiency,"The micro-topic tracked the evolution of climate change discourse from abstract global limits to concrete, localized impacts, heavily emphasizing flood risk, extreme weather events, and the tension between economic development and necessary adaptation.",2015,107,1553,0.0688989053444945,69,107,0.6448598130841121,969,1553,1,corporate_T5_PG01,Operational Hazards and Liability Management,0.6399979591369629,media_T5::media_T5_S000
T5,"Climate risk, adaptation and resilience",media,media_T5,media_T5_S000,0,Climate Risk Perception and Adaptation Strategies,0_abstract_rotterdam_flooded_efficiency,"The micro-topic tracked the evolution of climate change discourse from abstract global limits to concrete, localized impacts, heavily emphasizing flood risk, extreme weather events, and the tension between economic development and necessary adaptation.",2016,62,1553,0.0399227301996136,44,66,0.6666666666666666,969,1553,1,corporate_T5_PG01,Operational Hazards and Liability Management,0.6399979591369629,media_T5::media_T5_S000
T5,"Climate risk, adaptation and resilience",media,media_T5,media_T5_S000,0,Climate Risk Perception and Adaptation Strategies,0_abstract_rotterdam_flooded_efficiency,"The micro-topic tracked the evolution of climate change discourse from abstract global limits to concrete, localized impacts, heavily emphasizing flood risk, extreme weather events, and the tension between economic development and necessary adaptation.",2017,73,1553,0.0470057952350289,39,48,0.8125,969,1553,1,corporate_T5_PG01,Operational Hazards and Liability Management,0.6399979591369629,media_T5::media_T5_S000
T5,"Climate risk, adaptation and resilience",media,media_T5,media_T5_S000,0,Climate Risk Perception and Adaptation Strategies,0_abstract_rotterdam_flooded_efficiency,"The micro-topic tracked the evolution of climate change discourse from abstract global limits to concrete, localized impacts, heavily emphasizing flood risk, extreme weather events, and the tension between economic development and necessary adaptation.",2018,54,1553,0.034771410173857,27,36,0.75,969,1553,1,corporate_T5_PG01,Operational Hazards and Liability Management,0.6399979591369629,media_T5::media_T5_S000
T5,"Climate risk, adaptation and resilience",media,media_T5,media_T5_S000,0,Climate Risk Perception and Adaptation Strategies,0_abstract_rotterdam_flooded_efficiency,"The micro-topic tracked the evolution of climate change discourse from abstract global limits to concrete, localized impacts, heavily emphasizing flood risk, extreme weather events, and the tension between economic development and necessary adaptation.",2019,82,1553,0.0528010302640051,50,63,0.7936507936507936,969,1553,1,corporate_T5_PG01,Operational Hazards and Liability Management,0.6399979591369629,media_T5::media_T5_S000
T5,"Climate risk, adaptation and resilience",media,media_T5,media_T5_S000,0,Climate Risk Perception and Adaptation Strategies,0_abstract_rotterdam_flooded_efficiency,"The micro-topic tracked the evolution of climate change discourse from abstract global limits to concrete, localized impacts, heavily emphasizing flood risk, extreme weather events, and the tension between economic development and necessary adaptation.",2020,74,1553,0.0476497102382485,48,57,0.8421052631578947,969,1553,1,corporate_T5_PG01,Operational Hazards and Liability Management,0.6399979591369629,media_T5::media_T5_S000
T5,"Climate risk, adaptation and resilience",media,media_T5,media_T5_S000,0,Climate Risk Perception and Adaptation Strategies,0_abstract_rotterdam_flooded_efficiency,"The micro-topic tracked the evolution of climate change discourse from abstract global limits to concrete, localized impacts, heavily emphasizing flood risk, extreme weather events, and the tension between economic development and necessary adaptation.",2021,108,1553,0.0695428203477141,68,84,0.8095238095238095,969,1553,1,corporate_T5_PG01,Operational Hazards and Liability Management,0.6399979591369629,media_T5::media_T5_S000
T5,"Climate risk, adaptation and resilience",media,media_T5,media_T5_S000,0,Climate Risk Perception and Adaptation Strategies,0_abstract_rotterdam_flooded_efficiency,"The micro-topic tracked the evolution of climate change discourse from abstract global limits to concrete, localized impacts, heavily emphasizing flood risk, extreme weather events, and the tension between economic development and necessary adaptation.",2022,185,1553,0.1191242755956213,100,130,0.7692307692307693,969,1553,1,corporate_T5_PG01,Operational Hazards and Liability Management,0.6399979591369629,media_T5::media_T5_S000
T5,"Climate risk, adaptation and resilience",media,media_T5,media_T5_S000,0,Climate Risk Perception and Adaptation Strategies,0_abstract_rotterdam_flooded_efficiency,"The micro-topic tracked the evolution of climate change discourse from abstract global limits to concrete, localized impacts, heavily emphasizing flood risk, extreme weather events, and the tension between economic development and necessary adaptation.",2023,183,1553,0.1178364455891822,106,132,0.803030303030303,969,1553,1,corporate_T5_PG01,Operational Hazards and Liability Management,0.6399979591369629,media_T5::media_T5_S000
T5,"Climate risk, adaptation and resilience",media,media_T5,media_T5_S000,0,Climate Risk Perception and Adaptation Strategies,0_abstract_rotterdam_flooded_efficiency,"The micro-topic tracked the evolution of climate change discourse from abstract global limits to concrete, localized impacts, heavily emphasizing flood risk, extreme weather events, and the tension between economic development and necessary adaptation.",2024,107,1553,0.0688989053444945,71,88,0.8068181818181818,969,1553,1,corporate_T5_PG01,Operational Hazards and Liability Management,0.6399979591369629,media_T5::media_T5_S000
T5,"Climate risk, adaptation and resilience",media,media_T5,media_T5_S000,0,Climate Risk Perception and Adaptation Strategies,0_abstract_rotterdam_flooded_efficiency,"The micro-topic tracked the evolution of climate change discourse from abstract global limits to concrete, localized impacts, heavily emphasizing flood risk, extreme weather events, and the tension between economic development and necessary adaptation.",2025,3,1553,0.0019317450096587,3,3,1.0,969,1553,1,corporate_T5_PG01,Operational Hazards and Liability Management,0.6399979591369629,media_T5::media_T5_S000
T6,"Ecosystems, pollution, and environmental stewardship",academic,academic_T6,academic_T6_S078,33,Desertification and Dryland Degradation under UNCCD Frameworks,78_desertification_unccd_drylands_dryland,"The micro-topic tracks the evolution of research on desertification and dryland degradation, moving from early conceptualizations of environmental threats to highly formalized, policy-driven frameworks like Land Degradation Neutrality (LDN) within the context of the UNCCD and Sustainable Development Goals (SDGs). The focus shifts from simply identifying problems to developing, applying, and monitoring complex, integrated solutions across various geographical and socio-economic scales.",2000,0,7527,0.0,0,134,0.0,93,99,1,corporate_T6_S002,Regulatory Impact of Endangered Species Habitat Protection,0.545798659324646,academic_T6::academic_T6_S078
T6,"Ecosystems, pollution, and environmental stewardship",academic,academic_T6,academic_T6_S078,33,Desertification and Dryland Degradation under UNCCD Frameworks,78_desertification_unccd_drylands_dryland,"The micro-topic tracks the evolution of research on desertification and dryland degradation, moving from early conceptualizations of environmental threats to highly formalized, policy-driven frameworks like Land Degradation Neutrality (LDN) within the context of the UNCCD and Sustainable Development Goals (SDGs). The focus shifts from simply identifying problems to developing, applying, and monitoring complex, integrated solutions across various geographical and socio-economic scales.",2001,0,7527,0.0,0,122,0.0,93,99,1,corporate_T6_S002,Regulatory Impact of Endangered Species Habitat Protection,0.545798659324646,academic_T6::academic_T6_S078
T6,"Ecosystems, pollution, and environmental stewardship",academic,academic_T6,academic_T6_S078,33,Desertification and Dryland Degradation under UNCCD Frameworks,78_desertification_unccd_drylands_dryland,"The micro-topic tracks the evolution of research on desertification and dryland degradation, moving from early conceptualizations of environmental threats to highly formalized, policy-driven frameworks like Land Degradation Neutrality (LDN) within the context of the UNCCD and Sustainable Development Goals (SDGs). The focus shifts from simply identifying problems to developing, applying, and monitoring complex, integrated solutions across various geographical and socio-economic scales.",2002,1,7527,0.0001328550551348,1,130,0.0076923076923076,93,99,1,corporate_T6_S002,Regulatory Impact of Endangered Species Habitat Protection,0.545798659324646,academic_T6::academic_T6_S078
T6,"Ecosystems, pollution, and environmental stewardship",academic,academic_T6,academic_T6_S078,33,Desertification and Dryland Degradation under UNCCD Frameworks,78_desertification_unccd_drylands_dryland,"The micro-topic tracks the evolution of research on desertification and dryland degradation, moving from early conceptualizations of environmental threats to highly formalized, policy-driven frameworks like Land Degradation Neutrality (LDN) within the context of the UNCCD and Sustainable Development Goals (SDGs). The focus shifts from simply identifying problems to developing, applying, and monitoring complex, integrated solutions across various geographical and socio-economic scales.",2003,0,7527,0.0,0,151,0.0,93,99,1,corporate_T6_S002,Regulatory Impact of Endangered Species Habitat Protection,0.545798659324646,academic_T6::academic_T6_S078
T6,"Ecosystems, pollution, and environmental stewardship",academic,academic_T6,academic_T6_S078,33,Desertification and Dryland Degradation under UNCCD Frameworks,78_desertification_unccd_drylands_dryland,"The micro-topic tracks the evolution of research on desertification and dryland degradation, moving from early conceptualizations of environmental threats to highly formalized, policy-driven frameworks like Land Degradation Neutrality (LDN) within the context of the UNCCD and Sustainable Development Goals (SDGs). The focus shifts from simply identifying problems to developing, applying, and monitoring complex, integrated solutions across various geographical and socio-economic scales.",2004,0,7527,0.0,0,144,0.0,93,99,1,corporate_T6_S002,Regulatory Impact of Endangered Species Habitat Protection,0.545798659324646,academic_T6::academic_T6_S078
T6,"Ecosystems, pollution, and environmental stewardship",academic,academic_T6,academic_T6_S078,33,Desertification and Dryland Degradation under UNCCD Frameworks,78_desertification_unccd_drylands_dryland,"The micro-topic tracks the evolution of research on desertification and dryland degradation, moving from early conceptualizations of environmental threats to highly formalized, policy-driven frameworks like Land Degradation Neutrality (LDN) within the context of the UNCCD and Sustainable Development Goals (SDGs). The focus shifts from simply identifying problems to developing, applying, and monitoring complex, integrated solutions across various geographical and socio-economic scales.",2005,1,7527,0.0001328550551348,1,142,0.0070422535211267,93,99,1,corporate_T6_S002,Regulatory Impact of Endangered Species Habitat Protection,0.545798659324646,academic_T6::academic_T6_S078
T6,"Ecosystems, pollution, and environmental stewardship",academic,academic_T6,academic_T6_S078,33,Desertification and Dryland Degradation under UNCCD Frameworks,78_desertification_unccd_drylands_dryland,"The micro-topic tracks the evolution of research on desertification and dryland degradation, moving from early conceptualizations of environmental threats to highly formalized, policy-driven frameworks like Land Degradation Neutrality (LDN) within the context of the UNCCD and Sustainable Development Goals (SDGs). The focus shifts from simply identifying problems to developing, applying, and monitoring complex, integrated solutions across various geographical and socio-economic scales.",2006,1,7527,0.0001328550551348,1,186,0.0053763440860215,93,99,1,corporate_T6_S002,Regulatory Impact of Endangered Species Habitat Protection,0.545798659324646,academic_T6::academic_T6_S078
T6,"Ecosystems, pollution, and environmental stewardship",academic,academic_T6,academic_T6_S078,33,Desertification and Dryland Degradation under UNCCD Frameworks,78_desertification_unccd_drylands_dryland,"The micro-topic tracks the evolution of research on desertification and dryland degradation, moving from early conceptualizations of environmental threats to highly formalized, policy-driven frameworks like Land Degradation Neutrality (LDN) within the context of the UNCCD and Sustainable Development Goals (SDGs). The focus shifts from simply identifying problems to developing, applying, and monitoring complex, integrated solutions across various geographical and socio-economic scales.",2007,1,7527,0.0001328550551348,1,218,0.0045871559633027,93,99,1,corporate_T6_S002,Regulatory Impact of Endangered Species Habitat Protection,0.545798659324646,academic_T6::academic_T6_S078
T6,"Ecosystems, pollution, and environmental stewardship",academic,academic_T6,academic_T6_S078,33,Desertification and Dryland Degradation under UNCCD Frameworks,78_desertification_unccd_drylands_dryland,"The micro-topic tracks the evolution of research on desertification and dryland degradation, moving from early conceptualizations of environmental threats to highly formalized, policy-driven frameworks like Land Degradation Neutrality (LDN) within the context of the UNCCD and Sustainable Development Goals (SDGs). The focus shifts from simply identifying problems to developing, applying, and monitoring complex, integrated solutions across various geographical and socio-economic scales.",2008,1,7527,0.0001328550551348,1,220,0.0045454545454545,93,99,1,corporate_T6_S002,Regulatory Impact of Endangered Species Habitat Protection,0.545798659324646,academic_T6::academic_T6_S078
T6,"Ecosystems, pollution, and environmental stewardship",academic,academic_T6,academic_T6_S078,33,Desertification and Dryland Degradation under UNCCD Frameworks,78_desertification_unccd_drylands_dryland,"The micro-topic tracks the evolution of research on desertification and dryland degradation, moving from early conceptualizations of environmental threats to highly formalized, policy-driven frameworks like Land Degradation Neutrality (LDN) within the context of the UNCCD and Sustainable Development Goals (SDGs). The focus shifts from simply identifying problems to developing, applying, and monitoring complex, integrated solutions across various geographical and socio-economic scales.",2009,0,7527,0.0,0,274,0.0,93,99,1,corporate_T6_S002,Regulatory Impact of Endangered Species Habitat Protection,0.545798659324646,academic_T6::academic_T6_S078
T6,"Ecosystems, pollution, and environmental stewardship",academic,academic_T6,academic_T6_S078,33,Desertification and Dryland Degradation under UNCCD Frameworks,78_desertification_unccd_drylands_dryland,"The micro-topic tracks the evolution of research on desertification and dryland degradation, moving from early conceptualizations of environmental threats to highly formalized, policy-driven frameworks like Land Degradation Neutrality (LDN) within the context of the UNCCD and Sustainable Development Goals (SDGs). The focus shifts from simply identifying problems to developing, applying, and monitoring complex, integrated solutions across various geographical and socio-economic scales.",2010,1,7527,0.0001328550551348,1,331,0.0030211480362537,93,99,1,corporate_T6_S002,Regulatory Impact of Endangered Species Habitat Protection,0.545798659324646,academic_T6::academic_T6_S078
T6,"Ecosystems, pollution, and environmental stewardship",academic,academic_T6,academic_T6_S078,33,Desertification and Dryland Degradation under UNCCD Frameworks,78_desertification_unccd_drylands_dryland,"The micro-topic tracks the evolution of research on desertification and dryland degradation, moving from early conceptualizations of environmental threats to highly formalized, policy-driven frameworks like Land Degradation Neutrality (LDN) within the context of the UNCCD and Sustainable Development Goals (SDGs). The focus shifts from simply identifying problems to developing, applying, and monitoring complex, integrated solutions across various geographical and socio-economic scales.",2011,1,7527,0.0001328550551348,1,356,0.0028089887640449,93,99,1,corporate_T6_S002,Regulatory Impact of Endangered Species Habitat Protection,0.545798659324646,academic_T6::academic_T6_S078
T6,"Ecosystems, pollution, and environmental stewardship",academic,academic_T6,academic_T6_S078,33,Desertification and Dryland Degradation under UNCCD Frameworks,78_desertification_unccd_drylands_dryland,"The micro-topic tracks the evolution of research on desertification and dryland degradation, moving from early conceptualizations of environmental threats to highly formalized, policy-driven frameworks like Land Degradation Neutrality (LDN) within the context of the UNCCD and Sustainable Development Goals (SDGs). The focus shifts from simply identifying problems to developing, applying, and monitoring complex, integrated solutions across various geographical and socio-economic scales.",2012,3,7527,0.0003985651654045,3,426,0.0070422535211267,93,99,1,corporate_T6_S002,Regulatory Impact of Endangered Species Habitat Protection,0.545798659324646,academic_T6::academic_T6_S078
T6,"Ecosystems, pollution, and environmental stewardship",academic,academic_T6,academic_T6_S078,33,Desertification and Dryland Degradation under UNCCD Frameworks,78_desertification_unccd_drylands_dryland,"The micro-topic tracks the evolution of research on desertification and dryland degradation, moving from early conceptualizations of environmental threats to highly formalized, policy-driven frameworks like Land Degradation Neutrality (LDN) within the context of the UNCCD and Sustainable Development Goals (SDGs). The focus shifts from simply identifying problems to developing, applying, and monitoring complex, integrated solutions across various geographical and socio-economic scales.",2013,1,7527,0.0001328550551348,1,484,0.0020661157024793,93,99,1,corporate_T6_S002,Regulatory Impact of Endangered Species Habitat Protection,0.545798659324646,academic_T6::academic_T6_S078
T6,"Ecosystems, pollution, and environmental stewardship",academic,academic_T6,academic_T6_S078,33,Desertification and Dryland Degradation under UNCCD Frameworks,78_desertification_unccd_drylands_dryland,"The micro-topic tracks the evolution of research on desertification and dryland degradation, moving from early conceptualizations of environmental threats to highly formalized, policy-driven frameworks like Land Degradation Neutrality (LDN) within the context of the UNCCD and Sustainable Development Goals (SDGs). The focus shifts from simply identifying problems to developing, applying, and monitoring complex, integrated solutions across various geographical and socio-economic scales.",2014,2,7527,0.0002657101102696,2,571,0.0035026269702276,93,99,1,corporate_T6_S002,Regulatory Impact of Endangered Species Habitat Protection,0.545798659324646,academic_T6::academic_T6_S078
T6,"Ecosystems, pollution, and environmental stewardship",academic,academic_T6,academic_T6_S078,33,Desertification and Dryland Degradation under UNCCD Frameworks,78_desertification_unccd_drylands_dryland,"The micro-topic tracks the evolution of research on desertification and dryland degradation, moving from early conceptualizations of environmental threats to highly formalized, policy-driven frameworks like Land Degradation Neutrality (LDN) within the context of the UNCCD and Sustainable Development Goals (SDGs). The focus shifts from simply identifying problems to developing, applying, and monitoring complex, integrated solutions across various geographical and socio-economic scales.",2015,2,7527,0.0002657101102696,2,575,0.0034782608695652,93,99,1,corporate_T6_S002,Regulatory Impact of Endangered Species Habitat Protection,0.545798659324646,academic_T6::academic_T6_S078
T6,"Ecosystems, pollution, and environmental stewardship",academic,academic_T6,academic_T6_S078,33,Desertification and Dryland Degradation under UNCCD Frameworks,78_desertification_unccd_drylands_dryland,"The micro-topic tracks the evolution of research on desertification and dryland degradation, moving from early conceptualizations of environmental threats to highly formalized, policy-driven frameworks like Land Degradation Neutrality (LDN) within the context of the UNCCD and Sustainable Development Goals (SDGs). The focus shifts from simply identifying problems to developing, applying, and monitoring complex, integrated solutions across various geographical and socio-economic scales.",2016,2,7527,0.0002657101102696,2,631,0.0031695721077654,93,99,1,corporate_T6_S002,Regulatory Impact of Endangered Species Habitat Protection,0.545798659324646,academic_T6::academic_T6_S078
T6,"Ecosystems, pollution, and environmental stewardship",academic,academic_T6,academic_T6_S078,33,Desertification and Dryland Degradation under UNCCD Frameworks,78_desertification_unccd_drylands_dryland,"The micro-topic tracks the evolution of research on desertification and dryland degradation, moving from early conceptualizations of environmental threats to highly formalized, policy-driven frameworks like Land Degradation Neutrality (LDN) within the context of the UNCCD and Sustainable Development Goals (SDGs). The focus shifts from simply identifying problems to developing, applying, and monitoring complex, integrated solutions across various geographical and socio-economic scales.",2017,3,7527,0.0003985651654045,3,808,0.0037128712871287,93,99,1,corporate_T6_S002,Regulatory Impact of Endangered Species Habitat Protection,0.545798659324646,academic_T6::academic_T6_S078
T6,"Ecosystems, pollution, and environmental stewardship",academic,academic_T6,academic_T6_S078,33,Desertification and Dryland Degradation under UNCCD Frameworks,78_desertification_unccd_drylands_dryland,"The micro-topic tracks the evolution of research on desertification and dryland degradation, moving from early conceptualizations of environmental threats to highly formalized, policy-driven frameworks like Land Degradation Neutrality (LDN) within the context of the UNCCD and Sustainable Development Goals (SDGs). The focus shifts from simply identifying problems to developing, applying, and monitoring complex, integrated solutions across various geographical and socio-economic scales.",2018,6,7527,0.000797130330809,6,1267,0.0047355958958168,93,99,1,corporate_T6_S002,Regulatory Impact of Endangered Species Habitat Protection,0.545798659324646,academic_T6::academic_T6_S078
T6,"Ecosystems, pollution, and environmental stewardship",academic,academic_T6,academic_T6_S078,33,Desertification and Dryland Degradation under UNCCD Frameworks,78_desertification_unccd_drylands_dryland,"The micro-topic tracks the evolution of research on desertification and dryland degradation, moving from early conceptualizations of environmental threats to highly formalized, policy-driven frameworks like Land Degradation Neutrality (LDN) within the context of the UNCCD and Sustainable Development Goals (SDGs). The focus shifts from simply identifying problems to developing, applying, and monitoring complex, integrated solutions across various geographical and socio-economic scales.",2019,4,7527,0.0005314202205393,4,1777,0.0022509848058525,93,99,1,corporate_T6_S002,Regulatory Impact of Endangered Species Habitat Protection,0.545798659324646,academic_T6::academic_T6_S078
T6,"Ecosystems, pollution, and environmental stewardship",academic,academic_T6,academic_T6_S078,33,Desertification and Dryland Degradation under UNCCD Frameworks,78_desertification_unccd_drylands_dryland,"The micro-topic tracks the evolution of research on desertification and dryland degradation, moving from early conceptualizations of environmental threats to highly formalized, policy-driven frameworks like Land Degradation Neutrality (LDN) within the context of the UNCCD and Sustainable Development Goals (SDGs). The focus shifts from simply identifying problems to developing, applying, and monitoring complex, integrated solutions across various geographical and socio-economic scales.",2020,5,7527,0.0006642752756742,5,1857,0.0026925148088314,93,99,1,corporate_T6_S002,Regulatory Impact of Endangered Species Habitat Protection,0.545798659324646,academic_T6::academic_T6_S078
T6,"Ecosystems, pollution, and environmental stewardship",academic,academic_T6,academic_T6_S078,33,Desertification and Dryland Degradation under UNCCD Frameworks,78_desertification_unccd_drylands_dryland,"The micro-topic tracks the evolution of research on desertification and dryland degradation, moving from early conceptualizations of environmental threats to highly formalized, policy-driven frameworks like Land Degradation Neutrality (LDN) within the context of the UNCCD and Sustainable Development Goals (SDGs). The focus shifts from simply identifying problems to developing, applying, and monitoring complex, integrated solutions across various geographical and socio-economic scales.",2021,11,7527,0.0014614056064833,10,2207,0.0045310376076121,93,99,1,corporate_T6_S002,Regulatory Impact of Endangered Species Habitat Protection,0.545798659324646,academic_T6::academic_T6_S078
T6,"Ecosystems, pollution, and environmental stewardship",academic,academic_T6,academic_T6_S078,33,Desertification and Dryland Degradation under UNCCD Frameworks,78_desertification_unccd_drylands_dryland,"The micro-topic tracks the evolution of research on desertification and dryland degradation, moving from early conceptualizations of environmental threats to highly formalized, policy-driven frameworks like Land Degradation Neutrality (LDN) within the context of the UNCCD and Sustainable Development Goals (SDGs). The focus shifts from simply identifying problems to developing, applying, and monitoring complex, integrated solutions across various geographical and socio-economic scales.",2022,6,7527,0.000797130330809,6,2238,0.002680965147453,93,99,1,corporate_T6_S002,Regulatory Impact of Endangered Species Habitat Protection,0.545798659324646,academic_T6::academic_T6_S078
T6,"Ecosystems, pollution, and environmental stewardship",academic,academic_T6,academic_T6_S078,33,Desertification and Dryland Degradation under UNCCD Frameworks,78_desertification_unccd_drylands_dryland,"The micro-topic tracks the evolution of research on desertification and dryland degradation, moving from early conceptualizations of environmental threats to highly formalized, policy-driven frameworks like Land Degradation Neutrality (LDN) within the context of the UNCCD and Sustainable Development Goals (SDGs). The focus shifts from simply identifying problems to developing, applying, and monitoring complex, integrated solutions across various geographical and socio-economic scales.",2023,12,7527,0.0015942606616181,11,2855,0.0038528896672504,93,99,1,corporate_T6_S002,Regulatory Impact of Endangered Species Habitat Protection,0.545798659324646,academic_T6::academic_T6_S078
T6,"Ecosystems, pollution, and environmental stewardship",academic,academic_T6,academic_T6_S078,33,Desertification and Dryland Degradation under UNCCD Frameworks,78_desertification_unccd_drylands_dryland,"The micro-topic tracks the evolution of research on desertification and dryland degradation, moving from early conceptualizations of environmental threats to highly formalized, policy-driven frameworks like Land Degradation Neutrality (LDN) within the context of the UNCCD and Sustainable Development Goals (SDGs). The focus shifts from simply identifying problems to developing, applying, and monitoring complex, integrated solutions across various geographical and socio-economic scales.",2024,24,7527,0.0031885213232363,21,4721,0.0044482101249735,93,99,1,corporate_T6_S002,Regulatory Impact of Endangered Species Habitat Protection,0.545798659324646,academic_T6::academic_T6_S078
T6,"Ecosystems, pollution, and environmental stewardship",academic,academic_T6,academic_T6_S078,33,Desertification and Dryland Degradation under UNCCD Frameworks,78_desertification_unccd_drylands_dryland,"The micro-topic tracks the evolution of research on desertification and dryland degradation, moving from early conceptualizations of environmental threats to highly formalized, policy-driven frameworks like Land Degradation Neutrality (LDN) within the context of the UNCCD and Sustainable Development Goals (SDGs). The focus shifts from simply identifying problems to developing, applying, and monitoring complex, integrated solutions across various geographical and socio-economic scales.",2025,11,7527,0.0014614056064833,10,2367,0.0042247570764681,93,99,1,corporate_T6_S002,Regulatory Impact of Endangered Species Habitat Protection,0.545798659324646,academic_T6::academic_T6_S078
