topic_id,macro_topic,source,year,year_frequency,year_document_count,denominator_source_docs_in_macro_topic,relative_share_of_macro_topic_source_docs,annual_source_macro_document_count,annual_document_prevalence
academic_T1::academic_T1_PG01,T1,academic,2000,2,2,21946,9.113278046113187e-05,9,0.2222222222222222
academic_T1::academic_T1_PG01,T1,academic,2001,6,6,21946,0.0002733983413833956,23,0.2608695652173913
academic_T1::academic_T1_PG01,T1,academic,2002,6,6,21946,0.0002733983413833956,21,0.2857142857142857
academic_T1::academic_T1_PG01,T1,academic,2003,1,1,21946,4.5566390230565937e-05,18,0.05555555555555555
academic_T1::academic_T1_PG01,T1,academic,2004,5,5,21946,0.00022783195115282968,24,0.20833333333333334
academic_T1::academic_T1_PG01,T1,academic,2005,7,7,21946,0.00031896473161396156,38,0.18421052631578946
academic_T1::academic_T1_PG01,T1,academic,2006,6,6,21946,0.0002733983413833956,50,0.12
academic_T1::academic_T1_PG01,T1,academic,2007,8,8,21946,0.0003645311218445275,50,0.16
academic_T1::academic_T1_PG01,T1,academic,2008,20,20,21946,0.0009113278046113187,75,0.26666666666666666
academic_T1::academic_T1_PG01,T1,academic,2009,11,11,21946,0.0005012302925362252,73,0.1506849315068493
academic_T1::academic_T1_PG01,T1,academic,2010,26,26,21946,0.0011847261459947142,119,0.2184873949579832
academic_T1::academic_T1_PG01,T1,academic,2011,42,42,21946,0.0019137883896837692,136,0.3088235294117647
academic_T1::academic_T1_PG01,T1,academic,2012,34,34,21946,0.0015492572678392417,181,0.1878453038674033
academic_T1::academic_T1_PG01,T1,academic,2013,62,62,21946,0.0028251161942950877,215,0.28837209302325584
academic_T1::academic_T1_PG01,T1,academic,2014,59,59,21946,0.0026884170236033903,272,0.21691176470588236
academic_T1::academic_T1_PG01,T1,academic,2015,95,95,21946,0.004328807071903764,357,0.2661064425770308
academic_T1::academic_T1_PG01,T1,academic,2016,102,102,21946,0.004647771803517726,372,0.27419354838709675
academic_T1::academic_T1_PG01,T1,academic,2017,125,125,21946,0.005695798778820742,441,0.2834467120181406
academic_T1::academic_T1_PG01,T1,academic,2018,219,219,21946,0.00997903946049394,870,0.2517241379310345
academic_T1::academic_T1_PG01,T1,academic,2019,341,341,21946,0.015538139068622983,1308,0.2607033639143731
academic_T1::academic_T1_PG01,T1,academic,2020,394,394,21946,0.01795315775084298,1524,0.2585301837270341
academic_T1::academic_T1_PG01,T1,academic,2021,467,467,21946,0.02127950423767429,1700,0.2747058823529412
academic_T1::academic_T1_PG01,T1,academic,2022,650,650,21946,0.02961815364986786,2007,0.3238664673642252
academic_T1::academic_T1_PG01,T1,academic,2023,1105,1105,21946,0.05035086120477536,3278,0.33709579011592433
academic_T1::academic_T1_PG01,T1,academic,2024,1954,1954,21946,0.08903672651052584,6026,0.32426153335545965
academic_T1::academic_T1_PG01,T1,academic,2025,885,885,21946,0.04032625535405085,2759,0.3207683943457775
academic_T1::academic_T1_PG03,T1,academic,2000,0,0,21946,0.0,9,0.0
academic_T1::academic_T1_PG03,T1,academic,2001,0,0,21946,0.0,23,0.0
academic_T1::academic_T1_PG03,T1,academic,2002,1,1,21946,4.5566390230565937e-05,21,0.047619047619047616
academic_T1::academic_T1_PG03,T1,academic,2003,1,1,21946,4.5566390230565937e-05,18,0.05555555555555555
academic_T1::academic_T1_PG03,T1,academic,2004,0,0,21946,0.0,24,0.0
academic_T1::academic_T1_PG03,T1,academic,2005,0,0,21946,0.0,38,0.0
academic_T1::academic_T1_PG03,T1,academic,2006,0,0,21946,0.0,50,0.0
academic_T1::academic_T1_PG03,T1,academic,2007,0,0,21946,0.0,50,0.0
academic_T1::academic_T1_PG03,T1,academic,2008,4,4,21946,0.00018226556092226375,75,0.05333333333333334
academic_T1::academic_T1_PG03,T1,academic,2009,2,2,21946,9.113278046113187e-05,73,0.0273972602739726
academic_T1::academic_T1_PG03,T1,academic,2010,5,5,21946,0.00022783195115282968,119,0.04201680672268908
academic_T1::academic_T1_PG03,T1,academic,2011,2,2,21946,9.113278046113187e-05,136,0.014705882352941176
academic_T1::academic_T1_PG03,T1,academic,2012,5,5,21946,0.00022783195115282968,181,0.027624309392265192
academic_T1::academic_T1_PG03,T1,academic,2013,8,8,21946,0.0003645311218445275,215,0.037209302325581395
academic_T1::academic_T1_PG03,T1,academic,2014,11,11,21946,0.0005012302925362252,272,0.04044117647058824
academic_T1::academic_T1_PG03,T1,academic,2015,15,15,21946,0.000683495853458489,357,0.04201680672268908
academic_T1::academic_T1_PG03,T1,academic,2016,16,16,21946,0.000729062243689055,372,0.043010752688172046
academic_T1::academic_T1_PG03,T1,academic,2017,8,8,21946,0.0003645311218445275,441,0.018140589569160998
academic_T1::academic_T1_PG03,T1,academic,2018,54,54,21946,0.0024605850724505603,870,0.06206896551724138
academic_T1::academic_T1_PG03,T1,academic,2019,64,64,21946,0.00291624897475622,1308,0.04892966360856269
academic_T1::academic_T1_PG03,T1,academic,2020,102,102,21946,0.004647771803517726,1524,0.06692913385826772
academic_T1::academic_T1_PG03,T1,academic,2021,125,125,21946,0.005695798778820742,1700,0.07352941176470588
academic_T1::academic_T1_PG03,T1,academic,2022,142,142,21946,0.006470427412740363,2007,0.07075236671649228
academic_T1::academic_T1_PG03,T1,academic,2023,306,306,21946,0.013943315410553176,3278,0.09334960341671751
academic_T1::academic_T1_PG03,T1,academic,2024,601,601,21946,0.027385400528570126,6026,0.09973448390308662
academic_T1::academic_T1_PG03,T1,academic,2025,263,263,21946,0.011983960630638842,2759,0.0953243928959768
academic_T1::academic_T1_PG04,T1,academic,2000,3,3,21946,0.0001366991706916978,9,0.3333333333333333
academic_T1::academic_T1_PG04,T1,academic,2001,11,11,21946,0.0005012302925362252,23,0.4782608695652174
academic_T1::academic_T1_PG04,T1,academic,2002,6,6,21946,0.0002733983413833956,21,0.2857142857142857
academic_T1::academic_T1_PG04,T1,academic,2003,9,9,21946,0.00041009751207509343,18,0.5
academic_T1::academic_T1_PG04,T1,academic,2004,7,7,21946,0.00031896473161396156,24,0.2916666666666667
academic_T1::academic_T1_PG04,T1,academic,2005,13,13,21946,0.0005923630729973571,38,0.34210526315789475
academic_T1::academic_T1_PG04,T1,academic,2006,20,20,21946,0.0009113278046113187,50,0.4
academic_T1::academic_T1_PG04,T1,academic,2007,11,11,21946,0.0005012302925362252,50,0.22
academic_T1::academic_T1_PG04,T1,academic,2008,18,18,21946,0.0008201950241501869,75,0.24
academic_T1::academic_T1_PG04,T1,academic,2009,24,24,21946,0.0010935933655335825,73,0.3287671232876712
academic_T1::academic_T1_PG04,T1,academic,2010,37,37,21946,0.0016859564385309396,119,0.31092436974789917
academic_T1::academic_T1_PG04,T1,academic,2011,28,28,21946,0.0012758589264558462,136,0.20588235294117646
academic_T1::academic_T1_PG04,T1,academic,2012,48,48,21946,0.002187186731067165,181,0.26519337016574585
academic_T1::academic_T1_PG04,T1,academic,2013,43,43,21946,0.0019593547799143353,215,0.2
academic_T1::academic_T1_PG04,T1,academic,2014,72,72,21946,0.0032807800966007474,272,0.2647058823529412
academic_T1::academic_T1_PG04,T1,academic,2015,67,67,21946,0.003052948145447918,357,0.1876750700280112
academic_T1::academic_T1_PG04,T1,academic,2016,75,75,21946,0.0034174792672924453,372,0.20161290322580644
academic_T1::academic_T1_PG04,T1,academic,2017,73,73,21946,0.003326346486831313,441,0.1655328798185941
academic_T1::academic_T1_PG04,T1,academic,2018,180,180,21946,0.008201950241501868,870,0.20689655172413793
academic_T1::academic_T1_PG04,T1,academic,2019,229,229,21946,0.0104347033627996,1308,0.17507645259938837
academic_T1::academic_T1_PG04,T1,academic,2020,263,263,21946,0.011983960630638842,1524,0.1725721784776903
academic_T1::academic_T1_PG04,T1,academic,2021,276,276,21946,0.012576323703636198,1700,0.1623529411764706
academic_T1::academic_T1_PG04,T1,academic,2022,325,325,21946,0.01480907682493393,2007,0.1619332336821126
academic_T1::academic_T1_PG04,T1,academic,2023,467,467,21946,0.02127950423767429,3278,0.14246491763270286
academic_T1::academic_T1_PG04,T1,academic,2024,830,830,21946,0.03782010389136973,6026,0.13773647527381347
academic_T1::academic_T1_PG04,T1,academic,2025,390,390,21946,0.017770892189920715,2759,0.14135556361000362
academic_T1::academic_T1_PG05,T1,academic,2000,0,0,21946,0.0,9,0.0
academic_T1::academic_T1_PG05,T1,academic,2001,0,0,21946,0.0,23,0.0
academic_T1::academic_T1_PG05,T1,academic,2002,0,0,21946,0.0,21,0.0
academic_T1::academic_T1_PG05,T1,academic,2003,0,0,21946,0.0,18,0.0
academic_T1::academic_T1_PG05,T1,academic,2004,0,0,21946,0.0,24,0.0
academic_T1::academic_T1_PG05,T1,academic,2005,1,1,21946,4.5566390230565937e-05,38,0.02631578947368421
academic_T1::academic_T1_PG05,T1,academic,2006,2,2,21946,9.113278046113187e-05,50,0.04
academic_T1::academic_T1_PG05,T1,academic,2007,0,0,21946,0.0,50,0.0
academic_T1::academic_T1_PG05,T1,academic,2008,0,0,21946,0.0,75,0.0
academic_T1::academic_T1_PG05,T1,academic,2009,1,1,21946,4.5566390230565937e-05,73,0.0136986301369863
academic_T1::academic_T1_PG05,T1,academic,2010,1,1,21946,4.5566390230565937e-05,119,0.008403361344537815
academic_T1::academic_T1_PG05,T1,academic,2011,3,3,21946,0.0001366991706916978,136,0.022058823529411766
academic_T1::academic_T1_PG05,T1,academic,2012,5,5,21946,0.00022783195115282968,181,0.027624309392265192
academic_T1::academic_T1_PG05,T1,academic,2013,6,6,21946,0.0002733983413833956,215,0.027906976744186046
academic_T1::academic_T1_PG05,T1,academic,2014,9,9,21946,0.00041009751207509343,272,0.03308823529411765
academic_T1::academic_T1_PG05,T1,academic,2015,11,11,21946,0.0005012302925362252,357,0.03081232492997199
academic_T1::academic_T1_PG05,T1,academic,2016,13,13,21946,0.0005923630729973571,372,0.03494623655913978
academic_T1::academic_T1_PG05,T1,academic,2017,17,17,21946,0.0007746286339196209,441,0.03854875283446712
academic_T1::academic_T1_PG05,T1,academic,2018,41,41,21946,0.0018682219994532033,870,0.047126436781609195
academic_T1::academic_T1_PG05,T1,academic,2019,69,69,21946,0.0031440809259090496,1308,0.052752293577981654
academic_T1::academic_T1_PG05,T1,academic,2020,95,95,21946,0.004328807071903764,1524,0.062335958005249346
academic_T1::academic_T1_PG05,T1,academic,2021,86,86,21946,0.003918709559828671,1700,0.05058823529411765
academic_T1::academic_T1_PG05,T1,academic,2022,88,88,21946,0.004009842340289802,2007,0.04384653712007972
academic_T1::academic_T1_PG05,T1,academic,2023,141,141,21946,0.006424861022509797,3278,0.04301403294691885
academic_T1::academic_T1_PG05,T1,academic,2024,266,266,21946,0.012120659801330539,6026,0.04414205111184866
academic_T1::academic_T1_PG05,T1,academic,2025,98,98,21946,0.004465506242595461,2759,0.03552011598405219
academic_T1::academic_T1_PG06,T1,academic,2000,1,1,21946,4.5566390230565937e-05,9,0.1111111111111111
academic_T1::academic_T1_PG06,T1,academic,2001,2,2,21946,9.113278046113187e-05,23,0.08695652173913043
academic_T1::academic_T1_PG06,T1,academic,2002,2,2,21946,9.113278046113187e-05,21,0.09523809523809523
academic_T1::academic_T1_PG06,T1,academic,2003,1,1,21946,4.5566390230565937e-05,18,0.05555555555555555
academic_T1::academic_T1_PG06,T1,academic,2004,1,1,21946,4.5566390230565937e-05,24,0.041666666666666664
academic_T1::academic_T1_PG06,T1,academic,2005,2,2,21946,9.113278046113187e-05,38,0.05263157894736842
academic_T1::academic_T1_PG06,T1,academic,2006,4,4,21946,0.00018226556092226375,50,0.08
academic_T1::academic_T1_PG06,T1,academic,2007,4,4,21946,0.00018226556092226375,50,0.08
academic_T1::academic_T1_PG06,T1,academic,2008,4,4,21946,0.00018226556092226375,75,0.05333333333333334
academic_T1::academic_T1_PG06,T1,academic,2009,3,3,21946,0.0001366991706916978,73,0.0410958904109589
academic_T1::academic_T1_PG06,T1,academic,2010,6,6,21946,0.0002733983413833956,119,0.05042016806722689
academic_T1::academic_T1_PG06,T1,academic,2011,10,10,21946,0.00045566390230565937,136,0.07352941176470588
academic_T1::academic_T1_PG06,T1,academic,2012,15,15,21946,0.000683495853458489,181,0.08287292817679558
academic_T1::academic_T1_PG06,T1,academic,2013,10,10,21946,0.00045566390230565937,215,0.046511627906976744
academic_T1::academic_T1_PG06,T1,academic,2014,10,10,21946,0.00045566390230565937,272,0.03676470588235294
academic_T1::academic_T1_PG06,T1,academic,2015,13,13,21946,0.0005923630729973571,357,0.036414565826330535
academic_T1::academic_T1_PG06,T1,academic,2016,9,9,21946,0.00041009751207509343,372,0.024193548387096774
academic_T1::academic_T1_PG06,T1,academic,2017,18,18,21946,0.0008201950241501869,441,0.04081632653061224
academic_T1::academic_T1_PG06,T1,academic,2018,39,39,21946,0.0017770892189920714,870,0.04482758620689655
academic_T1::academic_T1_PG06,T1,academic,2019,58,58,21946,0.002642850633372824,1308,0.04434250764525994
academic_T1::academic_T1_PG06,T1,academic,2020,69,69,21946,0.0031440809259090496,1524,0.045275590551181105
academic_T1::academic_T1_PG06,T1,academic,2021,65,65,21946,0.0029618153649867856,1700,0.03823529411764706
academic_T1::academic_T1_PG06,T1,academic,2022,57,57,21946,0.002597284243142258,2007,0.028400597907324365
academic_T1::academic_T1_PG06,T1,academic,2023,108,108,21946,0.0049211701449011205,3278,0.03294691885295912
academic_T1::academic_T1_PG06,T1,academic,2024,188,188,21946,0.008566481363346395,6026,0.031198141387321607
academic_T1::academic_T1_PG06,T1,academic,2025,86,86,21946,0.003918709559828671,2759,0.03117071402682131
academic_T1::academic_T1_PG07,T1,academic,2000,0,0,21946,0.0,9,0.0
academic_T1::academic_T1_PG07,T1,academic,2001,0,0,21946,0.0,23,0.0
academic_T1::academic_T1_PG07,T1,academic,2002,0,0,21946,0.0,21,0.0
academic_T1::academic_T1_PG07,T1,academic,2003,0,0,21946,0.0,18,0.0
academic_T1::academic_T1_PG07,T1,academic,2004,0,0,21946,0.0,24,0.0
academic_T1::academic_T1_PG07,T1,academic,2005,0,0,21946,0.0,38,0.0
academic_T1::academic_T1_PG07,T1,academic,2006,0,0,21946,0.0,50,0.0
academic_T1::academic_T1_PG07,T1,academic,2007,1,1,21946,4.5566390230565937e-05,50,0.02
academic_T1::academic_T1_PG07,T1,academic,2008,0,0,21946,0.0,75,0.0
academic_T1::academic_T1_PG07,T1,academic,2009,1,1,21946,4.5566390230565937e-05,73,0.0136986301369863
academic_T1::academic_T1_PG07,T1,academic,2010,2,2,21946,9.113278046113187e-05,119,0.01680672268907563
academic_T1::academic_T1_PG07,T1,academic,2011,2,2,21946,9.113278046113187e-05,136,0.014705882352941176
academic_T1::academic_T1_PG07,T1,academic,2012,6,6,21946,0.0002733983413833956,181,0.03314917127071823
academic_T1::academic_T1_PG07,T1,academic,2013,7,7,21946,0.00031896473161396156,215,0.03255813953488372
academic_T1::academic_T1_PG07,T1,academic,2014,7,7,21946,0.00031896473161396156,272,0.025735294117647058
academic_T1::academic_T1_PG07,T1,academic,2015,22,22,21946,0.0010024605850724505,357,0.06162464985994398
academic_T1::academic_T1_PG07,T1,academic,2016,18,18,21946,0.0008201950241501869,372,0.04838709677419355
academic_T1::academic_T1_PG07,T1,academic,2017,18,18,21946,0.0008201950241501869,441,0.04081632653061224
academic_T1::academic_T1_PG07,T1,academic,2018,26,26,21946,0.0011847261459947142,870,0.029885057471264367
academic_T1::academic_T1_PG07,T1,academic,2019,51,51,21946,0.002323885901758863,1308,0.0389908256880734
academic_T1::academic_T1_PG07,T1,academic,2020,45,45,21946,0.002050487560375467,1524,0.02952755905511811
academic_T1::academic_T1_PG07,T1,academic,2021,61,61,21946,0.002779549804064522,1700,0.03588235294117647
academic_T1::academic_T1_PG07,T1,academic,2022,55,55,21946,0.0025061514626811263,2007,0.027404085700049825
academic_T1::academic_T1_PG07,T1,academic,2023,91,91,21946,0.0041465415109815,3278,0.027760829774252593
academic_T1::academic_T1_PG07,T1,academic,2024,164,164,21946,0.007472887997812813,6026,0.027215399933620977
academic_T1::academic_T1_PG07,T1,academic,2025,94,94,21946,0.004283240681673198,2759,0.0340703153316419
academic_T1::academic_T1_PG08,T1,academic,2000,0,0,21946,0.0,9,0.0
academic_T1::academic_T1_PG08,T1,academic,2001,0,0,21946,0.0,23,0.0
academic_T1::academic_T1_PG08,T1,academic,2002,0,0,21946,0.0,21,0.0
academic_T1::academic_T1_PG08,T1,academic,2003,0,0,21946,0.0,18,0.0
academic_T1::academic_T1_PG08,T1,academic,2004,1,1,21946,4.5566390230565937e-05,24,0.041666666666666664
academic_T1::academic_T1_PG08,T1,academic,2005,1,1,21946,4.5566390230565937e-05,38,0.02631578947368421
academic_T1::academic_T1_PG08,T1,academic,2006,3,3,21946,0.0001366991706916978,50,0.06
academic_T1::academic_T1_PG08,T1,academic,2007,4,4,21946,0.00018226556092226375,50,0.08
academic_T1::academic_T1_PG08,T1,academic,2008,4,4,21946,0.00018226556092226375,75,0.05333333333333334
academic_T1::academic_T1_PG08,T1,academic,2009,1,1,21946,4.5566390230565937e-05,73,0.0136986301369863
academic_T1::academic_T1_PG08,T1,academic,2010,4,4,21946,0.00018226556092226375,119,0.03361344537815126
academic_T1::academic_T1_PG08,T1,academic,2011,6,6,21946,0.0002733983413833956,136,0.04411764705882353
academic_T1::academic_T1_PG08,T1,academic,2012,6,6,21946,0.0002733983413833956,181,0.03314917127071823
academic_T1::academic_T1_PG08,T1,academic,2013,12,12,21946,0.0005467966827667912,215,0.05581395348837209
academic_T1::academic_T1_PG08,T1,academic,2014,10,10,21946,0.00045566390230565937,272,0.03676470588235294
academic_T1::academic_T1_PG08,T1,academic,2015,18,18,21946,0.0008201950241501869,357,0.05042016806722689
academic_T1::academic_T1_PG08,T1,academic,2016,10,10,21946,0.00045566390230565937,372,0.026881720430107527
academic_T1::academic_T1_PG08,T1,academic,2017,15,15,21946,0.000683495853458489,441,0.034013605442176874
academic_T1::academic_T1_PG08,T1,academic,2018,27,27,21946,0.0012302925362252801,870,0.03103448275862069
academic_T1::academic_T1_PG08,T1,academic,2019,40,40,21946,0.0018226556092226375,1308,0.03058103975535168
academic_T1::academic_T1_PG08,T1,academic,2020,26,26,21946,0.0011847261459947142,1524,0.01706036745406824
academic_T1::academic_T1_PG08,T1,academic,2021,40,40,21946,0.0018226556092226375,1700,0.023529411764705882
academic_T1::academic_T1_PG08,T1,academic,2022,28,28,21946,0.0012758589264558462,2007,0.013951170901843548
academic_T1::academic_T1_PG08,T1,academic,2023,41,41,21946,0.0018682219994532033,3278,0.012507626601586334
academic_T1::academic_T1_PG08,T1,academic,2024,117,117,21946,0.0053312676569762145,6026,0.019415864586790576
academic_T1::academic_T1_PG08,T1,academic,2025,51,51,21946,0.002323885901758863,2759,0.018484958318231243
academic_T1::academic_T1_PG09,T1,academic,2000,0,0,21946,0.0,9,0.0
academic_T1::academic_T1_PG09,T1,academic,2001,0,0,21946,0.0,23,0.0
academic_T1::academic_T1_PG09,T1,academic,2002,0,0,21946,0.0,21,0.0
academic_T1::academic_T1_PG09,T1,academic,2003,0,0,21946,0.0,18,0.0
academic_T1::academic_T1_PG09,T1,academic,2004,0,0,21946,0.0,24,0.0
academic_T1::academic_T1_PG09,T1,academic,2005,0,0,21946,0.0,38,0.0
academic_T1::academic_T1_PG09,T1,academic,2006,0,0,21946,0.0,50,0.0
academic_T1::academic_T1_PG09,T1,academic,2007,0,0,21946,0.0,50,0.0
academic_T1::academic_T1_PG09,T1,academic,2008,0,0,21946,0.0,75,0.0
academic_T1::academic_T1_PG09,T1,academic,2009,2,2,21946,9.113278046113187e-05,73,0.0273972602739726
academic_T1::academic_T1_PG09,T1,academic,2010,1,1,21946,4.5566390230565937e-05,119,0.008403361344537815
academic_T1::academic_T1_PG09,T1,academic,2011,0,0,21946,0.0,136,0.0
academic_T1::academic_T1_PG09,T1,academic,2012,1,1,21946,4.5566390230565937e-05,181,0.0055248618784530384
academic_T1::academic_T1_PG09,T1,academic,2013,0,0,21946,0.0,215,0.0
academic_T1::academic_T1_PG09,T1,academic,2014,1,1,21946,4.5566390230565937e-05,272,0.003676470588235294
academic_T1::academic_T1_PG09,T1,academic,2015,3,3,21946,0.0001366991706916978,357,0.008403361344537815
academic_T1::academic_T1_PG09,T1,academic,2016,1,1,21946,4.5566390230565937e-05,372,0.002688172043010753
academic_T1::academic_T1_PG09,T1,academic,2017,4,4,21946,0.00018226556092226375,441,0.009070294784580499
academic_T1::academic_T1_PG09,T1,academic,2018,2,2,21946,9.113278046113187e-05,870,0.0022988505747126436
academic_T1::academic_T1_PG09,T1,academic,2019,16,16,21946,0.000729062243689055,1308,0.012232415902140673
academic_T1::academic_T1_PG09,T1,academic,2020,13,13,21946,0.0005923630729973571,1524,0.00853018372703412
academic_T1::academic_T1_PG09,T1,academic,2021,24,24,21946,0.0010935933655335825,1700,0.01411764705882353
academic_T1::academic_T1_PG09,T1,academic,2022,26,26,21946,0.0011847261459947142,2007,0.012954658694569009
academic_T1::academic_T1_PG09,T1,academic,2023,40,40,21946,0.0018226556092226375,3278,0.012202562538133009
academic_T1::academic_T1_PG09,T1,academic,2024,107,107,21946,0.004875603754670555,6026,0.017756388981081977
academic_T1::academic_T1_PG09,T1,academic,2025,63,63,21946,0.002870682584525654,2759,0.022834360275462123
academic_T1::academic_T1_PG10,T1,academic,2000,0,0,21946,0.0,9,0.0
academic_T1::academic_T1_PG10,T1,academic,2001,0,0,21946,0.0,23,0.0
academic_T1::academic_T1_PG10,T1,academic,2002,2,2,21946,9.113278046113187e-05,21,0.09523809523809523
academic_T1::academic_T1_PG10,T1,academic,2003,0,0,21946,0.0,18,0.0
academic_T1::academic_T1_PG10,T1,academic,2004,0,0,21946,0.0,24,0.0
academic_T1::academic_T1_PG10,T1,academic,2005,2,2,21946,9.113278046113187e-05,38,0.05263157894736842
academic_T1::academic_T1_PG10,T1,academic,2006,0,0,21946,0.0,50,0.0
academic_T1::academic_T1_PG10,T1,academic,2007,0,0,21946,0.0,50,0.0
academic_T1::academic_T1_PG10,T1,academic,2008,0,0,21946,0.0,75,0.0
academic_T1::academic_T1_PG10,T1,academic,2009,0,0,21946,0.0,73,0.0
academic_T1::academic_T1_PG10,T1,academic,2010,0,0,21946,0.0,119,0.0
academic_T1::academic_T1_PG10,T1,academic,2011,3,3,21946,0.0001366991706916978,136,0.022058823529411766
academic_T1::academic_T1_PG10,T1,academic,2012,0,0,21946,0.0,181,0.0
academic_T1::academic_T1_PG10,T1,academic,2013,0,0,21946,0.0,215,0.0
academic_T1::academic_T1_PG10,T1,academic,2014,1,1,21946,4.5566390230565937e-05,272,0.003676470588235294
academic_T1::academic_T1_PG10,T1,academic,2015,6,6,21946,0.0002733983413833956,357,0.01680672268907563
academic_T1::academic_T1_PG10,T1,academic,2016,3,3,21946,0.0001366991706916978,372,0.008064516129032258
academic_T1::academic_T1_PG10,T1,academic,2017,5,5,21946,0.00022783195115282968,441,0.011337868480725623
academic_T1::academic_T1_PG10,T1,academic,2018,9,9,21946,0.00041009751207509343,870,0.010344827586206896
academic_T1::academic_T1_PG10,T1,academic,2019,17,17,21946,0.0007746286339196209,1308,0.012996941896024464
academic_T1::academic_T1_PG10,T1,academic,2020,13,13,21946,0.0005923630729973571,1524,0.00853018372703412
academic_T1::academic_T1_PG10,T1,academic,2021,20,20,21946,0.0009113278046113187,1700,0.011764705882352941
academic_T1::academic_T1_PG10,T1,academic,2022,16,16,21946,0.000729062243689055,2007,0.007972097658196313
academic_T1::academic_T1_PG10,T1,academic,2023,34,34,21946,0.0015492572678392417,3278,0.010372178157413058
academic_T1::academic_T1_PG10,T1,academic,2024,49,49,21946,0.0022327531212977306,6026,0.008131430467972121
academic_T1::academic_T1_PG10,T1,academic,2025,17,17,21946,0.0007746286339196209,2759,0.0061616527727437476
academic_T1::academic_T1_PG11,T1,academic,2000,0,0,21946,0.0,9,0.0
academic_T1::academic_T1_PG11,T1,academic,2001,0,0,21946,0.0,23,0.0
academic_T1::academic_T1_PG11,T1,academic,2002,0,0,21946,0.0,21,0.0
academic_T1::academic_T1_PG11,T1,academic,2003,0,0,21946,0.0,18,0.0
academic_T1::academic_T1_PG11,T1,academic,2004,0,0,21946,0.0,24,0.0
academic_T1::academic_T1_PG11,T1,academic,2005,0,0,21946,0.0,38,0.0
academic_T1::academic_T1_PG11,T1,academic,2006,0,0,21946,0.0,50,0.0
academic_T1::academic_T1_PG11,T1,academic,2007,1,1,21946,4.5566390230565937e-05,50,0.02
academic_T1::academic_T1_PG11,T1,academic,2008,0,0,21946,0.0,75,0.0
academic_T1::academic_T1_PG11,T1,academic,2009,0,0,21946,0.0,73,0.0
academic_T1::academic_T1_PG11,T1,academic,2010,0,0,21946,0.0,119,0.0
academic_T1::academic_T1_PG11,T1,academic,2011,1,1,21946,4.5566390230565937e-05,136,0.007352941176470588
academic_T1::academic_T1_PG11,T1,academic,2012,1,1,21946,4.5566390230565937e-05,181,0.0055248618784530384
academic_T1::academic_T1_PG11,T1,academic,2013,1,1,21946,4.5566390230565937e-05,215,0.004651162790697674
academic_T1::academic_T1_PG11,T1,academic,2014,2,2,21946,9.113278046113187e-05,272,0.007352941176470588
academic_T1::academic_T1_PG11,T1,academic,2015,3,3,21946,0.0001366991706916978,357,0.008403361344537815
academic_T1::academic_T1_PG11,T1,academic,2016,3,3,21946,0.0001366991706916978,372,0.008064516129032258
academic_T1::academic_T1_PG11,T1,academic,2017,3,3,21946,0.0001366991706916978,441,0.006802721088435374
academic_T1::academic_T1_PG11,T1,academic,2018,12,12,21946,0.0005467966827667912,870,0.013793103448275862
academic_T1::academic_T1_PG11,T1,academic,2019,21,21,21946,0.0009568941948418846,1308,0.016055045871559634
academic_T1::academic_T1_PG11,T1,academic,2020,15,15,21946,0.000683495853458489,1524,0.00984251968503937
academic_T1::academic_T1_PG11,T1,academic,2021,23,23,21946,0.0010480269753030166,1700,0.013529411764705882
academic_T1::academic_T1_PG11,T1,academic,2022,23,23,21946,0.0010480269753030166,2007,0.0114598903836572
academic_T1::academic_T1_PG11,T1,academic,2023,27,27,21946,0.0012302925362252801,3278,0.00823672971323978
academic_T1::academic_T1_PG11,T1,academic,2024,60,60,21946,0.002733983413833956,6026,0.009956853634251576
academic_T1::academic_T1_PG11,T1,academic,2025,21,21,21946,0.0009568941948418846,2759,0.007611453425154041
academic_T1::academic_T1_S004,T1,academic,2000,1,1,21946,4.5566390230565937e-05,9,0.1111111111111111
academic_T1::academic_T1_S004,T1,academic,2001,0,0,21946,0.0,23,0.0
academic_T1::academic_T1_S004,T1,academic,2002,1,1,21946,4.5566390230565937e-05,21,0.047619047619047616
academic_T1::academic_T1_S004,T1,academic,2003,1,1,21946,4.5566390230565937e-05,18,0.05555555555555555
academic_T1::academic_T1_S004,T1,academic,2004,2,2,21946,9.113278046113187e-05,24,0.08333333333333333
academic_T1::academic_T1_S004,T1,academic,2005,4,4,21946,0.00018226556092226375,38,0.10526315789473684
academic_T1::academic_T1_S004,T1,academic,2006,5,5,21946,0.00022783195115282968,50,0.1
academic_T1::academic_T1_S004,T1,academic,2007,4,4,21946,0.00018226556092226375,50,0.08
academic_T1::academic_T1_S004,T1,academic,2008,4,4,21946,0.00018226556092226375,75,0.05333333333333334
academic_T1::academic_T1_S004,T1,academic,2009,9,9,21946,0.00041009751207509343,73,0.1232876712328767
academic_T1::academic_T1_S004,T1,academic,2010,7,7,21946,0.00031896473161396156,119,0.058823529411764705
academic_T1::academic_T1_S004,T1,academic,2011,13,13,21946,0.0005923630729973571,136,0.09558823529411764
academic_T1::academic_T1_S004,T1,academic,2012,23,23,21946,0.0010480269753030166,181,0.1270718232044199
academic_T1::academic_T1_S004,T1,academic,2013,18,18,21946,0.0008201950241501869,215,0.08372093023255814
academic_T1::academic_T1_S004,T1,academic,2014,29,29,21946,0.001321425316686412,272,0.10661764705882353
academic_T1::academic_T1_S004,T1,academic,2015,27,27,21946,0.0012302925362252801,357,0.07563025210084033
academic_T1::academic_T1_S004,T1,academic,2016,25,25,21946,0.0011391597557641484,372,0.06720430107526881
academic_T1::academic_T1_S004,T1,academic,2017,32,32,21946,0.00145812448737811,441,0.07256235827664399
academic_T1::academic_T1_S004,T1,academic,2018,39,39,21946,0.0017770892189920714,870,0.04482758620689655
academic_T1::academic_T1_S004,T1,academic,2019,72,72,21946,0.0032807800966007474,1308,0.05504587155963303
academic_T1::academic_T1_S004,T1,academic,2020,80,80,21946,0.003645311218445275,1524,0.05249343832020997
academic_T1::academic_T1_S004,T1,academic,2021,76,76,21946,0.003463045657523011,1700,0.04470588235294118
academic_T1::academic_T1_S004,T1,academic,2022,80,80,21946,0.003645311218445275,2007,0.039860488290981565
academic_T1::academic_T1_S004,T1,academic,2023,103,103,21946,0.004693338193748291,3278,0.03142159853569249
academic_T1::academic_T1_S004,T1,academic,2024,172,172,21946,0.007837419119657341,6026,0.02854298041818785
academic_T1::academic_T1_S004,T1,academic,2025,81,81,21946,0.0036908776086758406,2759,0.029358463211308444
academic_T1::academic_T1_S005,T1,academic,2000,1,1,21946,4.5566390230565937e-05,9,0.1111111111111111
academic_T1::academic_T1_S005,T1,academic,2001,0,0,21946,0.0,23,0.0
academic_T1::academic_T1_S005,T1,academic,2002,2,2,21946,9.113278046113187e-05,21,0.09523809523809523
academic_T1::academic_T1_S005,T1,academic,2003,2,2,21946,9.113278046113187e-05,18,0.1111111111111111
academic_T1::academic_T1_S005,T1,academic,2004,2,2,21946,9.113278046113187e-05,24,0.08333333333333333
academic_T1::academic_T1_S005,T1,academic,2005,4,4,21946,0.00018226556092226375,38,0.10526315789473684
academic_T1::academic_T1_S005,T1,academic,2006,4,4,21946,0.00018226556092226375,50,0.08
academic_T1::academic_T1_S005,T1,academic,2007,3,3,21946,0.0001366991706916978,50,0.06
academic_T1::academic_T1_S005,T1,academic,2008,5,5,21946,0.00022783195115282968,75,0.06666666666666667
academic_T1::academic_T1_S005,T1,academic,2009,4,4,21946,0.00018226556092226375,73,0.0547945205479452
academic_T1::academic_T1_S005,T1,academic,2010,5,5,21946,0.00022783195115282968,119,0.04201680672268908
academic_T1::academic_T1_S005,T1,academic,2011,5,5,21946,0.00022783195115282968,136,0.03676470588235294
academic_T1::academic_T1_S005,T1,academic,2012,9,9,21946,0.00041009751207509343,181,0.049723756906077346
academic_T1::academic_T1_S005,T1,academic,2013,10,10,21946,0.00045566390230565937,215,0.046511627906976744
academic_T1::academic_T1_S005,T1,academic,2014,20,20,21946,0.0009113278046113187,272,0.07352941176470588
academic_T1::academic_T1_S005,T1,academic,2015,21,21,21946,0.0009568941948418846,357,0.058823529411764705
academic_T1::academic_T1_S005,T1,academic,2016,19,19,21946,0.0008657614143807527,372,0.051075268817204304
academic_T1::academic_T1_S005,T1,academic,2017,38,38,21946,0.0017315228287615055,441,0.08616780045351474
academic_T1::academic_T1_S005,T1,academic,2018,46,46,21946,0.002096053950606033,870,0.052873563218390804
academic_T1::academic_T1_S005,T1,academic,2019,67,67,21946,0.003052948145447918,1308,0.05122324159021407
academic_T1::academic_T1_S005,T1,academic,2020,91,91,21946,0.0041465415109815,1524,0.05971128608923885
academic_T1::academic_T1_S005,T1,academic,2021,69,69,21946,0.0031440809259090496,1700,0.04058823529411765
academic_T1::academic_T1_S005,T1,academic,2022,80,80,21946,0.003645311218445275,2007,0.039860488290981565
academic_T1::academic_T1_S005,T1,academic,2023,84,84,21946,0.0038275767793675385,3278,0.025625381330079317
academic_T1::academic_T1_S005,T1,academic,2024,142,142,21946,0.006470427412740363,6026,0.023564553601062063
academic_T1::academic_T1_S005,T1,academic,2025,50,50,21946,0.0022783195115282967,2759,0.01812250815512867
academic_T1::academic_T1_S008,T1,academic,2000,0,0,21946,0.0,9,0.0
academic_T1::academic_T1_S008,T1,academic,2001,0,0,21946,0.0,23,0.0
academic_T1::academic_T1_S008,T1,academic,2002,0,0,21946,0.0,21,0.0
academic_T1::academic_T1_S008,T1,academic,2003,0,0,21946,0.0,18,0.0
academic_T1::academic_T1_S008,T1,academic,2004,1,1,21946,4.5566390230565937e-05,24,0.041666666666666664
academic_T1::academic_T1_S008,T1,academic,2005,0,0,21946,0.0,38,0.0
academic_T1::academic_T1_S008,T1,academic,2006,0,0,21946,0.0,50,0.0
academic_T1::academic_T1_S008,T1,academic,2007,0,0,21946,0.0,50,0.0
academic_T1::academic_T1_S008,T1,academic,2008,0,0,21946,0.0,75,0.0
academic_T1::academic_T1_S008,T1,academic,2009,1,1,21946,4.5566390230565937e-05,73,0.0136986301369863
academic_T1::academic_T1_S008,T1,academic,2010,1,1,21946,4.5566390230565937e-05,119,0.008403361344537815
academic_T1::academic_T1_S008,T1,academic,2011,2,2,21946,9.113278046113187e-05,136,0.014705882352941176
academic_T1::academic_T1_S008,T1,academic,2012,1,1,21946,4.5566390230565937e-05,181,0.0055248618784530384
academic_T1::academic_T1_S008,T1,academic,2013,7,7,21946,0.00031896473161396156,215,0.03255813953488372
academic_T1::academic_T1_S008,T1,academic,2014,6,6,21946,0.0002733983413833956,272,0.022058823529411766
academic_T1::academic_T1_S008,T1,academic,2015,6,6,21946,0.0002733983413833956,357,0.01680672268907563
academic_T1::academic_T1_S008,T1,academic,2016,17,17,21946,0.0007746286339196209,372,0.0456989247311828
academic_T1::academic_T1_S008,T1,academic,2017,15,15,21946,0.000683495853458489,441,0.034013605442176874
academic_T1::academic_T1_S008,T1,academic,2018,22,22,21946,0.0010024605850724505,870,0.02528735632183908
academic_T1::academic_T1_S008,T1,academic,2019,33,33,21946,0.0015036908776086759,1308,0.02522935779816514
academic_T1::academic_T1_S008,T1,academic,2020,42,42,21946,0.0019137883896837692,1524,0.027559055118110236
academic_T1::academic_T1_S008,T1,academic,2021,48,48,21946,0.002187186731067165,1700,0.02823529411764706
academic_T1::academic_T1_S008,T1,academic,2022,57,57,21946,0.002597284243142258,2007,0.028400597907324365
academic_T1::academic_T1_S008,T1,academic,2023,60,60,21946,0.002733983413833956,3278,0.018303843807199512
academic_T1::academic_T1_S008,T1,academic,2024,94,94,21946,0.004283240681673198,6026,0.015599070693660804
academic_T1::academic_T1_S008,T1,academic,2025,42,42,21946,0.0019137883896837692,2759,0.015222906850308082
academic_T1::academic_T1_S009,T1,academic,2000,0,0,21946,0.0,9,0.0
academic_T1::academic_T1_S009,T1,academic,2001,0,0,21946,0.0,23,0.0
academic_T1::academic_T1_S009,T1,academic,2002,0,0,21946,0.0,21,0.0
academic_T1::academic_T1_S009,T1,academic,2003,0,0,21946,0.0,18,0.0
academic_T1::academic_T1_S009,T1,academic,2004,0,0,21946,0.0,24,0.0
academic_T1::academic_T1_S009,T1,academic,2005,0,0,21946,0.0,38,0.0
academic_T1::academic_T1_S009,T1,academic,2006,0,0,21946,0.0,50,0.0
academic_T1::academic_T1_S009,T1,academic,2007,0,0,21946,0.0,50,0.0
academic_T1::academic_T1_S009,T1,academic,2008,0,0,21946,0.0,75,0.0
academic_T1::academic_T1_S009,T1,academic,2009,0,0,21946,0.0,73,0.0
academic_T1::academic_T1_S009,T1,academic,2010,0,0,21946,0.0,119,0.0
academic_T1::academic_T1_S009,T1,academic,2011,1,1,21946,4.5566390230565937e-05,136,0.007352941176470588
academic_T1::academic_T1_S009,T1,academic,2012,0,0,21946,0.0,181,0.0
academic_T1::academic_T1_S009,T1,academic,2013,1,1,21946,4.5566390230565937e-05,215,0.004651162790697674
academic_T1::academic_T1_S009,T1,academic,2014,2,2,21946,9.113278046113187e-05,272,0.007352941176470588
academic_T1::academic_T1_S009,T1,academic,2015,1,1,21946,4.5566390230565937e-05,357,0.0028011204481792717
academic_T1::academic_T1_S009,T1,academic,2016,4,4,21946,0.00018226556092226375,372,0.010752688172043012
academic_T1::academic_T1_S009,T1,academic,2017,3,3,21946,0.0001366991706916978,441,0.006802721088435374
academic_T1::academic_T1_S009,T1,academic,2018,11,11,21946,0.0005012302925362252,870,0.01264367816091954
academic_T1::academic_T1_S009,T1,academic,2019,16,16,21946,0.000729062243689055,1308,0.012232415902140673
academic_T1::academic_T1_S009,T1,academic,2020,20,20,21946,0.0009113278046113187,1524,0.013123359580052493
academic_T1::academic_T1_S009,T1,academic,2021,34,34,21946,0.0015492572678392417,1700,0.02
academic_T1::academic_T1_S009,T1,academic,2022,47,47,21946,0.002141620340836599,2007,0.023418036870951668
academic_T1::academic_T1_S009,T1,academic,2023,67,67,21946,0.003052948145447918,3278,0.02043929225137279
academic_T1::academic_T1_S009,T1,academic,2024,106,106,21946,0.004830037364439989,6026,0.017590441420511117
academic_T1::academic_T1_S009,T1,academic,2025,68,68,21946,0.0030985145356784835,2759,0.02464661109097499
academic_T1::academic_T1_S017,T1,academic,2000,0,0,21946,0.0,9,0.0
academic_T1::academic_T1_S017,T1,academic,2001,0,0,21946,0.0,23,0.0
academic_T1::academic_T1_S017,T1,academic,2002,0,0,21946,0.0,21,0.0
academic_T1::academic_T1_S017,T1,academic,2003,0,0,21946,0.0,18,0.0
academic_T1::academic_T1_S017,T1,academic,2004,1,1,21946,4.5566390230565937e-05,24,0.041666666666666664
academic_T1::academic_T1_S017,T1,academic,2005,0,0,21946,0.0,38,0.0
academic_T1::academic_T1_S017,T1,academic,2006,0,0,21946,0.0,50,0.0
academic_T1::academic_T1_S017,T1,academic,2007,2,2,21946,9.113278046113187e-05,50,0.04
academic_T1::academic_T1_S017,T1,academic,2008,1,1,21946,4.5566390230565937e-05,75,0.013333333333333334
academic_T1::academic_T1_S017,T1,academic,2009,3,3,21946,0.0001366991706916978,73,0.0410958904109589
academic_T1::academic_T1_S017,T1,academic,2010,5,5,21946,0.00022783195115282968,119,0.04201680672268908
academic_T1::academic_T1_S017,T1,academic,2011,2,2,21946,9.113278046113187e-05,136,0.014705882352941176
academic_T1::academic_T1_S017,T1,academic,2012,2,2,21946,9.113278046113187e-05,181,0.011049723756906077
academic_T1::academic_T1_S017,T1,academic,2013,9,9,21946,0.00041009751207509343,215,0.04186046511627907
academic_T1::academic_T1_S017,T1,academic,2014,3,3,21946,0.0001366991706916978,272,0.011029411764705883
academic_T1::academic_T1_S017,T1,academic,2015,9,9,21946,0.00041009751207509343,357,0.025210084033613446
academic_T1::academic_T1_S017,T1,academic,2016,11,11,21946,0.0005012302925362252,372,0.02956989247311828
academic_T1::academic_T1_S017,T1,academic,2017,3,3,21946,0.0001366991706916978,441,0.006802721088435374
academic_T1::academic_T1_S017,T1,academic,2018,7,7,21946,0.00031896473161396156,870,0.008045977011494253
academic_T1::academic_T1_S017,T1,academic,2019,30,30,21946,0.001366991706916978,1308,0.022935779816513763
academic_T1::academic_T1_S017,T1,academic,2020,22,22,21946,0.0010024605850724505,1524,0.014435695538057743
academic_T1::academic_T1_S017,T1,academic,2021,20,20,21946,0.0009113278046113187,1700,0.011764705882352941
academic_T1::academic_T1_S017,T1,academic,2022,20,20,21946,0.0009113278046113187,2007,0.009965122072745391
academic_T1::academic_T1_S017,T1,academic,2023,32,32,21946,0.00145812448737811,3278,0.009762050030506406
academic_T1::academic_T1_S017,T1,academic,2024,57,57,21946,0.002597284243142258,6026,0.009459010952538998
academic_T1::academic_T1_S017,T1,academic,2025,35,35,21946,0.0015948236580698076,2759,0.012685755708590069
academic_T1::academic_T1_S019,T1,academic,2000,0,0,21946,0.0,9,0.0
academic_T1::academic_T1_S019,T1,academic,2001,1,1,21946,4.5566390230565937e-05,23,0.043478260869565216
academic_T1::academic_T1_S019,T1,academic,2002,0,0,21946,0.0,21,0.0
academic_T1::academic_T1_S019,T1,academic,2003,0,0,21946,0.0,18,0.0
academic_T1::academic_T1_S019,T1,academic,2004,0,0,21946,0.0,24,0.0
academic_T1::academic_T1_S019,T1,academic,2005,0,0,21946,0.0,38,0.0
academic_T1::academic_T1_S019,T1,academic,2006,0,0,21946,0.0,50,0.0
academic_T1::academic_T1_S019,T1,academic,2007,0,0,21946,0.0,50,0.0
academic_T1::academic_T1_S019,T1,academic,2008,0,0,21946,0.0,75,0.0
academic_T1::academic_T1_S019,T1,academic,2009,0,0,21946,0.0,73,0.0
academic_T1::academic_T1_S019,T1,academic,2010,0,0,21946,0.0,119,0.0
academic_T1::academic_T1_S019,T1,academic,2011,0,0,21946,0.0,136,0.0
academic_T1::academic_T1_S019,T1,academic,2012,0,0,21946,0.0,181,0.0
academic_T1::academic_T1_S019,T1,academic,2013,0,0,21946,0.0,215,0.0
academic_T1::academic_T1_S019,T1,academic,2014,1,1,21946,4.5566390230565937e-05,272,0.003676470588235294
academic_T1::academic_T1_S019,T1,academic,2015,2,2,21946,9.113278046113187e-05,357,0.0056022408963585435
academic_T1::academic_T1_S019,T1,academic,2016,3,3,21946,0.0001366991706916978,372,0.008064516129032258
academic_T1::academic_T1_S019,T1,academic,2017,6,6,21946,0.0002733983413833956,441,0.013605442176870748
academic_T1::academic_T1_S019,T1,academic,2018,16,16,21946,0.000729062243689055,870,0.01839080459770115
academic_T1::academic_T1_S019,T1,academic,2019,16,16,21946,0.000729062243689055,1308,0.012232415902140673
academic_T1::academic_T1_S019,T1,academic,2020,18,18,21946,0.0008201950241501869,1524,0.011811023622047244
academic_T1::academic_T1_S019,T1,academic,2021,20,20,21946,0.0009113278046113187,1700,0.011764705882352941
academic_T1::academic_T1_S019,T1,academic,2022,24,24,21946,0.0010935933655335825,2007,0.01195814648729447
academic_T1::academic_T1_S019,T1,academic,2023,42,42,21946,0.0019137883896837692,3278,0.012812690665039659
academic_T1::academic_T1_S019,T1,academic,2024,60,60,21946,0.002733983413833956,6026,0.009956853634251576
academic_T1::academic_T1_S019,T1,academic,2025,28,28,21946,0.0012758589264558462,2759,0.010148604566872055
academic_T1::academic_T1_S031,T1,academic,2000,0,0,21946,0.0,9,0.0
academic_T1::academic_T1_S031,T1,academic,2001,0,0,21946,0.0,23,0.0
academic_T1::academic_T1_S031,T1,academic,2002,0,0,21946,0.0,21,0.0
academic_T1::academic_T1_S031,T1,academic,2003,0,0,21946,0.0,18,0.0
academic_T1::academic_T1_S031,T1,academic,2004,0,0,21946,0.0,24,0.0
academic_T1::academic_T1_S031,T1,academic,2005,0,0,21946,0.0,38,0.0
academic_T1::academic_T1_S031,T1,academic,2006,1,1,21946,4.5566390230565937e-05,50,0.02
academic_T1::academic_T1_S031,T1,academic,2007,1,1,21946,4.5566390230565937e-05,50,0.02
academic_T1::academic_T1_S031,T1,academic,2008,2,2,21946,9.113278046113187e-05,75,0.02666666666666667
academic_T1::academic_T1_S031,T1,academic,2009,0,0,21946,0.0,73,0.0
academic_T1::academic_T1_S031,T1,academic,2010,2,2,21946,9.113278046113187e-05,119,0.01680672268907563
academic_T1::academic_T1_S031,T1,academic,2011,4,4,21946,0.00018226556092226375,136,0.029411764705882353
academic_T1::academic_T1_S031,T1,academic,2012,4,4,21946,0.00018226556092226375,181,0.022099447513812154
academic_T1::academic_T1_S031,T1,academic,2013,0,0,21946,0.0,215,0.0
academic_T1::academic_T1_S031,T1,academic,2014,4,4,21946,0.00018226556092226375,272,0.014705882352941176
academic_T1::academic_T1_S031,T1,academic,2015,1,1,21946,4.5566390230565937e-05,357,0.0028011204481792717
academic_T1::academic_T1_S031,T1,academic,2016,5,5,21946,0.00022783195115282968,372,0.013440860215053764
academic_T1::academic_T1_S031,T1,academic,2017,3,3,21946,0.0001366991706916978,441,0.006802721088435374
academic_T1::academic_T1_S031,T1,academic,2018,9,9,21946,0.00041009751207509343,870,0.010344827586206896
academic_T1::academic_T1_S031,T1,academic,2019,9,9,21946,0.00041009751207509343,1308,0.006880733944954129
academic_T1::academic_T1_S031,T1,academic,2020,11,11,21946,0.0005012302925362252,1524,0.007217847769028871
academic_T1::academic_T1_S031,T1,academic,2021,17,17,21946,0.0007746286339196209,1700,0.01
academic_T1::academic_T1_S031,T1,academic,2022,18,18,21946,0.0008201950241501869,2007,0.008968609865470852
academic_T1::academic_T1_S031,T1,academic,2023,25,25,21946,0.0011391597557641484,3278,0.00762660158633313
academic_T1::academic_T1_S031,T1,academic,2024,40,40,21946,0.0018226556092226375,6026,0.006637902422834384
academic_T1::academic_T1_S031,T1,academic,2025,22,22,21946,0.0010024605850724505,2759,0.007973903588256614
academic_T1::academic_T1_S034,T1,academic,2000,0,0,21946,0.0,9,0.0
academic_T1::academic_T1_S034,T1,academic,2001,0,0,21946,0.0,23,0.0
academic_T1::academic_T1_S034,T1,academic,2002,0,0,21946,0.0,21,0.0
academic_T1::academic_T1_S034,T1,academic,2003,1,1,21946,4.5566390230565937e-05,18,0.05555555555555555
academic_T1::academic_T1_S034,T1,academic,2004,0,0,21946,0.0,24,0.0
academic_T1::academic_T1_S034,T1,academic,2005,1,1,21946,4.5566390230565937e-05,38,0.02631578947368421
academic_T1::academic_T1_S034,T1,academic,2006,1,1,21946,4.5566390230565937e-05,50,0.02
academic_T1::academic_T1_S034,T1,academic,2007,1,1,21946,4.5566390230565937e-05,50,0.02
academic_T1::academic_T1_S034,T1,academic,2008,2,2,21946,9.113278046113187e-05,75,0.02666666666666667
academic_T1::academic_T1_S034,T1,academic,2009,0,0,21946,0.0,73,0.0
academic_T1::academic_T1_S034,T1,academic,2010,4,4,21946,0.00018226556092226375,119,0.03361344537815126
academic_T1::academic_T1_S034,T1,academic,2011,3,3,21946,0.0001366991706916978,136,0.022058823529411766
academic_T1::academic_T1_S034,T1,academic,2012,0,0,21946,0.0,181,0.0
academic_T1::academic_T1_S034,T1,academic,2013,2,2,21946,9.113278046113187e-05,215,0.009302325581395349
academic_T1::academic_T1_S034,T1,academic,2014,3,3,21946,0.0001366991706916978,272,0.011029411764705883
academic_T1::academic_T1_S034,T1,academic,2015,5,5,21946,0.00022783195115282968,357,0.014005602240896359
academic_T1::academic_T1_S034,T1,academic,2016,5,5,21946,0.00022783195115282968,372,0.013440860215053764
academic_T1::academic_T1_S034,T1,academic,2017,2,2,21946,9.113278046113187e-05,441,0.0045351473922902496
academic_T1::academic_T1_S034,T1,academic,2018,9,9,21946,0.00041009751207509343,870,0.010344827586206896
academic_T1::academic_T1_S034,T1,academic,2019,12,12,21946,0.0005467966827667912,1308,0.009174311926605505
academic_T1::academic_T1_S034,T1,academic,2020,10,10,21946,0.00045566390230565937,1524,0.006561679790026247
academic_T1::academic_T1_S034,T1,academic,2021,25,25,21946,0.0011391597557641484,1700,0.014705882352941176
academic_T1::academic_T1_S034,T1,academic,2022,11,11,21946,0.0005012302925362252,2007,0.005480817140009965
academic_T1::academic_T1_S034,T1,academic,2023,22,22,21946,0.0010024605850724505,3278,0.006711409395973154
academic_T1::academic_T1_S034,T1,academic,2024,35,35,21946,0.0015948236580698076,6026,0.005808164619980087
academic_T1::academic_T1_S034,T1,academic,2025,16,16,21946,0.000729062243689055,2759,0.005799202609641174
academic_T1::academic_T1_S038,T1,academic,2000,0,0,21946,0.0,9,0.0
academic_T1::academic_T1_S038,T1,academic,2001,0,0,21946,0.0,23,0.0
academic_T1::academic_T1_S038,T1,academic,2002,0,0,21946,0.0,21,0.0
academic_T1::academic_T1_S038,T1,academic,2003,0,0,21946,0.0,18,0.0
academic_T1::academic_T1_S038,T1,academic,2004,0,0,21946,0.0,24,0.0
academic_T1::academic_T1_S038,T1,academic,2005,0,0,21946,0.0,38,0.0
academic_T1::academic_T1_S038,T1,academic,2006,0,0,21946,0.0,50,0.0
academic_T1::academic_T1_S038,T1,academic,2007,0,0,21946,0.0,50,0.0
academic_T1::academic_T1_S038,T1,academic,2008,0,0,21946,0.0,75,0.0
academic_T1::academic_T1_S038,T1,academic,2009,0,0,21946,0.0,73,0.0
academic_T1::academic_T1_S038,T1,academic,2010,1,1,21946,4.5566390230565937e-05,119,0.008403361344537815
academic_T1::academic_T1_S038,T1,academic,2011,1,1,21946,4.5566390230565937e-05,136,0.007352941176470588
academic_T1::academic_T1_S038,T1,academic,2012,0,0,21946,0.0,181,0.0
academic_T1::academic_T1_S038,T1,academic,2013,0,0,21946,0.0,215,0.0
academic_T1::academic_T1_S038,T1,academic,2014,0,0,21946,0.0,272,0.0
academic_T1::academic_T1_S038,T1,academic,2015,0,0,21946,0.0,357,0.0
academic_T1::academic_T1_S038,T1,academic,2016,1,1,21946,4.5566390230565937e-05,372,0.002688172043010753
academic_T1::academic_T1_S038,T1,academic,2017,1,1,21946,4.5566390230565937e-05,441,0.0022675736961451248
academic_T1::academic_T1_S038,T1,academic,2018,8,8,21946,0.0003645311218445275,870,0.009195402298850575
academic_T1::academic_T1_S038,T1,academic,2019,9,9,21946,0.00041009751207509343,1308,0.006880733944954129
academic_T1::academic_T1_S038,T1,academic,2020,16,16,21946,0.000729062243689055,1524,0.010498687664041995
academic_T1::academic_T1_S038,T1,academic,2021,7,7,21946,0.00031896473161396156,1700,0.00411764705882353
academic_T1::academic_T1_S038,T1,academic,2022,20,20,21946,0.0009113278046113187,2007,0.009965122072745391
academic_T1::academic_T1_S038,T1,academic,2023,22,22,21946,0.0010024605850724505,3278,0.006711409395973154
academic_T1::academic_T1_S038,T1,academic,2024,53,53,21946,0.0024150186822199946,6026,0.008795220710255559
academic_T1::academic_T1_S038,T1,academic,2025,27,27,21946,0.0012302925362252801,2759,0.009786154403769481
academic_T1::academic_T1_S041,T1,academic,2000,0,0,21946,0.0,9,0.0
academic_T1::academic_T1_S041,T1,academic,2001,0,0,21946,0.0,23,0.0
academic_T1::academic_T1_S041,T1,academic,2002,0,0,21946,0.0,21,0.0
academic_T1::academic_T1_S041,T1,academic,2003,0,0,21946,0.0,18,0.0
academic_T1::academic_T1_S041,T1,academic,2004,0,0,21946,0.0,24,0.0
academic_T1::academic_T1_S041,T1,academic,2005,0,0,21946,0.0,38,0.0
academic_T1::academic_T1_S041,T1,academic,2006,0,0,21946,0.0,50,0.0
academic_T1::academic_T1_S041,T1,academic,2007,0,0,21946,0.0,50,0.0
academic_T1::academic_T1_S041,T1,academic,2008,0,0,21946,0.0,75,0.0
academic_T1::academic_T1_S041,T1,academic,2009,0,0,21946,0.0,73,0.0
academic_T1::academic_T1_S041,T1,academic,2010,0,0,21946,0.0,119,0.0
academic_T1::academic_T1_S041,T1,academic,2011,0,0,21946,0.0,136,0.0
academic_T1::academic_T1_S041,T1,academic,2012,0,0,21946,0.0,181,0.0
academic_T1::academic_T1_S041,T1,academic,2013,0,0,21946,0.0,215,0.0
academic_T1::academic_T1_S041,T1,academic,2014,0,0,21946,0.0,272,0.0
academic_T1::academic_T1_S041,T1,academic,2015,0,0,21946,0.0,357,0.0
academic_T1::academic_T1_S041,T1,academic,2016,1,1,21946,4.5566390230565937e-05,372,0.002688172043010753
academic_T1::academic_T1_S041,T1,academic,2017,2,2,21946,9.113278046113187e-05,441,0.0045351473922902496
academic_T1::academic_T1_S041,T1,academic,2018,1,1,21946,4.5566390230565937e-05,870,0.0011494252873563218
academic_T1::academic_T1_S041,T1,academic,2019,4,4,21946,0.00018226556092226375,1308,0.0030581039755351682
academic_T1::academic_T1_S041,T1,academic,2020,3,3,21946,0.0001366991706916978,1524,0.001968503937007874
academic_T1::academic_T1_S041,T1,academic,2021,4,4,21946,0.00018226556092226375,1700,0.002352941176470588
academic_T1::academic_T1_S041,T1,academic,2022,5,5,21946,0.00022783195115282968,2007,0.002491280518186348
academic_T1::academic_T1_S041,T1,academic,2023,30,30,21946,0.001366991706916978,3278,0.009151921903599756
academic_T1::academic_T1_S041,T1,academic,2024,73,73,21946,0.003326346486831313,6026,0.012114171921672752
academic_T1::academic_T1_S041,T1,academic,2025,37,37,21946,0.0016859564385309396,2759,0.013410656034795215
academic_T1::academic_T1_S058,T1,academic,2000,0,0,21946,0.0,9,0.0
academic_T1::academic_T1_S058,T1,academic,2001,1,1,21946,4.5566390230565937e-05,23,0.043478260869565216
academic_T1::academic_T1_S058,T1,academic,2002,0,0,21946,0.0,21,0.0
academic_T1::academic_T1_S058,T1,academic,2003,0,0,21946,0.0,18,0.0
academic_T1::academic_T1_S058,T1,academic,2004,3,3,21946,0.0001366991706916978,24,0.125
academic_T1::academic_T1_S058,T1,academic,2005,2,2,21946,9.113278046113187e-05,38,0.05263157894736842
academic_T1::academic_T1_S058,T1,academic,2006,1,1,21946,4.5566390230565937e-05,50,0.02
academic_T1::academic_T1_S058,T1,academic,2007,2,2,21946,9.113278046113187e-05,50,0.04
academic_T1::academic_T1_S058,T1,academic,2008,4,4,21946,0.00018226556092226375,75,0.05333333333333334
academic_T1::academic_T1_S058,T1,academic,2009,2,2,21946,9.113278046113187e-05,73,0.0273972602739726
academic_T1::academic_T1_S058,T1,academic,2010,3,3,21946,0.0001366991706916978,119,0.025210084033613446
academic_T1::academic_T1_S058,T1,academic,2011,0,0,21946,0.0,136,0.0
academic_T1::academic_T1_S058,T1,academic,2012,4,4,21946,0.00018226556092226375,181,0.022099447513812154
academic_T1::academic_T1_S058,T1,academic,2013,2,2,21946,9.113278046113187e-05,215,0.009302325581395349
academic_T1::academic_T1_S058,T1,academic,2014,0,0,21946,0.0,272,0.0
academic_T1::academic_T1_S058,T1,academic,2015,3,3,21946,0.0001366991706916978,357,0.008403361344537815
academic_T1::academic_T1_S058,T1,academic,2016,5,5,21946,0.00022783195115282968,372,0.013440860215053764
academic_T1::academic_T1_S058,T1,academic,2017,1,1,21946,4.5566390230565937e-05,441,0.0022675736961451248
academic_T1::academic_T1_S058,T1,academic,2018,5,5,21946,0.00022783195115282968,870,0.005747126436781609
academic_T1::academic_T1_S058,T1,academic,2019,4,4,21946,0.00018226556092226375,1308,0.0030581039755351682
academic_T1::academic_T1_S058,T1,academic,2020,12,12,21946,0.0005467966827667912,1524,0.007874015748031496
academic_T1::academic_T1_S058,T1,academic,2021,7,7,21946,0.00031896473161396156,1700,0.00411764705882353
academic_T1::academic_T1_S058,T1,academic,2022,11,11,21946,0.0005012302925362252,2007,0.005480817140009965
academic_T1::academic_T1_S058,T1,academic,2023,15,15,21946,0.000683495853458489,3278,0.004575960951799878
academic_T1::academic_T1_S058,T1,academic,2024,23,23,21946,0.0010480269753030166,6026,0.003816793893129771
academic_T1::academic_T1_S058,T1,academic,2025,9,9,21946,0.00041009751207509343,2759,0.0032620514679231605
academic_T1::academic_T1_S063,T1,academic,2000,0,0,21946,0.0,9,0.0
academic_T1::academic_T1_S063,T1,academic,2001,0,0,21946,0.0,23,0.0
academic_T1::academic_T1_S063,T1,academic,2002,0,0,21946,0.0,21,0.0
academic_T1::academic_T1_S063,T1,academic,2003,0,0,21946,0.0,18,0.0
academic_T1::academic_T1_S063,T1,academic,2004,0,0,21946,0.0,24,0.0
academic_T1::academic_T1_S063,T1,academic,2005,0,0,21946,0.0,38,0.0
academic_T1::academic_T1_S063,T1,academic,2006,0,0,21946,0.0,50,0.0
academic_T1::academic_T1_S063,T1,academic,2007,0,0,21946,0.0,50,0.0
academic_T1::academic_T1_S063,T1,academic,2008,0,0,21946,0.0,75,0.0
academic_T1::academic_T1_S063,T1,academic,2009,0,0,21946,0.0,73,0.0
academic_T1::academic_T1_S063,T1,academic,2010,0,0,21946,0.0,119,0.0
academic_T1::academic_T1_S063,T1,academic,2011,0,0,21946,0.0,136,0.0
academic_T1::academic_T1_S063,T1,academic,2012,3,3,21946,0.0001366991706916978,181,0.016574585635359115
academic_T1::academic_T1_S063,T1,academic,2013,3,3,21946,0.0001366991706916978,215,0.013953488372093023
academic_T1::academic_T1_S063,T1,academic,2014,1,1,21946,4.5566390230565937e-05,272,0.003676470588235294
academic_T1::academic_T1_S063,T1,academic,2015,1,1,21946,4.5566390230565937e-05,357,0.0028011204481792717
academic_T1::academic_T1_S063,T1,academic,2016,0,0,21946,0.0,372,0.0
academic_T1::academic_T1_S063,T1,academic,2017,1,1,21946,4.5566390230565937e-05,441,0.0022675736961451248
academic_T1::academic_T1_S063,T1,academic,2018,3,3,21946,0.0001366991706916978,870,0.0034482758620689655
academic_T1::academic_T1_S063,T1,academic,2019,4,4,21946,0.00018226556092226375,1308,0.0030581039755351682
academic_T1::academic_T1_S063,T1,academic,2020,11,11,21946,0.0005012302925362252,1524,0.007217847769028871
academic_T1::academic_T1_S063,T1,academic,2021,6,6,21946,0.0002733983413833956,1700,0.0035294117647058825
academic_T1::academic_T1_S063,T1,academic,2022,9,9,21946,0.00041009751207509343,2007,0.004484304932735426
academic_T1::academic_T1_S063,T1,academic,2023,13,13,21946,0.0005923630729973571,3278,0.003965832824893227
academic_T1::academic_T1_S063,T1,academic,2024,35,35,21946,0.0015948236580698076,6026,0.005808164619980087
academic_T1::academic_T1_S063,T1,academic,2025,26,26,21946,0.0011847261459947142,2759,0.009423704240666908
academic_T1::academic_T1_S072,T1,academic,2000,0,0,21946,0.0,9,0.0
academic_T1::academic_T1_S072,T1,academic,2001,0,0,21946,0.0,23,0.0
academic_T1::academic_T1_S072,T1,academic,2002,0,0,21946,0.0,21,0.0
academic_T1::academic_T1_S072,T1,academic,2003,0,0,21946,0.0,18,0.0
academic_T1::academic_T1_S072,T1,academic,2004,0,0,21946,0.0,24,0.0
academic_T1::academic_T1_S072,T1,academic,2005,1,1,21946,4.5566390230565937e-05,38,0.02631578947368421
academic_T1::academic_T1_S072,T1,academic,2006,0,0,21946,0.0,50,0.0
academic_T1::academic_T1_S072,T1,academic,2007,1,1,21946,4.5566390230565937e-05,50,0.02
academic_T1::academic_T1_S072,T1,academic,2008,0,0,21946,0.0,75,0.0
academic_T1::academic_T1_S072,T1,academic,2009,1,1,21946,4.5566390230565937e-05,73,0.0136986301369863
academic_T1::academic_T1_S072,T1,academic,2010,0,0,21946,0.0,119,0.0
academic_T1::academic_T1_S072,T1,academic,2011,1,1,21946,4.5566390230565937e-05,136,0.007352941176470588
academic_T1::academic_T1_S072,T1,academic,2012,0,0,21946,0.0,181,0.0
academic_T1::academic_T1_S072,T1,academic,2013,2,2,21946,9.113278046113187e-05,215,0.009302325581395349
academic_T1::academic_T1_S072,T1,academic,2014,3,3,21946,0.0001366991706916978,272,0.011029411764705883
academic_T1::academic_T1_S072,T1,academic,2015,3,3,21946,0.0001366991706916978,357,0.008403361344537815
academic_T1::academic_T1_S072,T1,academic,2016,1,1,21946,4.5566390230565937e-05,372,0.002688172043010753
academic_T1::academic_T1_S072,T1,academic,2017,3,3,21946,0.0001366991706916978,441,0.006802721088435374
academic_T1::academic_T1_S072,T1,academic,2018,3,3,21946,0.0001366991706916978,870,0.0034482758620689655
academic_T1::academic_T1_S072,T1,academic,2019,6,6,21946,0.0002733983413833956,1308,0.0045871559633027525
academic_T1::academic_T1_S072,T1,academic,2020,3,3,21946,0.0001366991706916978,1524,0.001968503937007874
academic_T1::academic_T1_S072,T1,academic,2021,12,12,21946,0.0005467966827667912,1700,0.007058823529411765
academic_T1::academic_T1_S072,T1,academic,2022,11,11,21946,0.0005012302925362252,2007,0.005480817140009965
academic_T1::academic_T1_S072,T1,academic,2023,10,10,21946,0.00045566390230565937,3278,0.003050640634533252
academic_T1::academic_T1_S072,T1,academic,2024,16,16,21946,0.000729062243689055,6026,0.002655160969133754
academic_T1::academic_T1_S072,T1,academic,2025,10,10,21946,0.00045566390230565937,2759,0.003624501631025734
academic_T1::academic_T1_S075,T1,academic,2000,0,0,21946,0.0,9,0.0
academic_T1::academic_T1_S075,T1,academic,2001,0,0,21946,0.0,23,0.0
academic_T1::academic_T1_S075,T1,academic,2002,0,0,21946,0.0,21,0.0
academic_T1::academic_T1_S075,T1,academic,2003,0,0,21946,0.0,18,0.0
academic_T1::academic_T1_S075,T1,academic,2004,1,1,21946,4.5566390230565937e-05,24,0.041666666666666664
academic_T1::academic_T1_S075,T1,academic,2005,0,0,21946,0.0,38,0.0
academic_T1::academic_T1_S075,T1,academic,2006,0,0,21946,0.0,50,0.0
academic_T1::academic_T1_S075,T1,academic,2007,0,0,21946,0.0,50,0.0
academic_T1::academic_T1_S075,T1,academic,2008,0,0,21946,0.0,75,0.0
academic_T1::academic_T1_S075,T1,academic,2009,0,0,21946,0.0,73,0.0
academic_T1::academic_T1_S075,T1,academic,2010,1,1,21946,4.5566390230565937e-05,119,0.008403361344537815
academic_T1::academic_T1_S075,T1,academic,2011,0,0,21946,0.0,136,0.0
academic_T1::academic_T1_S075,T1,academic,2012,2,2,21946,9.113278046113187e-05,181,0.011049723756906077
academic_T1::academic_T1_S075,T1,academic,2013,0,0,21946,0.0,215,0.0
academic_T1::academic_T1_S075,T1,academic,2014,2,2,21946,9.113278046113187e-05,272,0.007352941176470588
academic_T1::academic_T1_S075,T1,academic,2015,3,3,21946,0.0001366991706916978,357,0.008403361344537815
academic_T1::academic_T1_S075,T1,academic,2016,0,0,21946,0.0,372,0.0
academic_T1::academic_T1_S075,T1,academic,2017,2,2,21946,9.113278046113187e-05,441,0.0045351473922902496
academic_T1::academic_T1_S075,T1,academic,2018,3,3,21946,0.0001366991706916978,870,0.0034482758620689655
academic_T1::academic_T1_S075,T1,academic,2019,9,9,21946,0.00041009751207509343,1308,0.006880733944954129
academic_T1::academic_T1_S075,T1,academic,2020,12,12,21946,0.0005467966827667912,1524,0.007874015748031496
academic_T1::academic_T1_S075,T1,academic,2021,7,7,21946,0.00031896473161396156,1700,0.00411764705882353
academic_T1::academic_T1_S075,T1,academic,2022,3,3,21946,0.0001366991706916978,2007,0.0014947683109118087
academic_T1::academic_T1_S075,T1,academic,2023,12,12,21946,0.0005467966827667912,3278,0.0036607687614399025
academic_T1::academic_T1_S075,T1,academic,2024,24,24,21946,0.0010935933655335825,6026,0.003982741453700631
academic_T1::academic_T1_S075,T1,academic,2025,6,6,21946,0.0002733983413833956,2759,0.0021747009786154403
academic_T1::academic_T1_S077,T1,academic,2000,0,0,21946,0.0,9,0.0
academic_T1::academic_T1_S077,T1,academic,2001,0,0,21946,0.0,23,0.0
academic_T1::academic_T1_S077,T1,academic,2002,0,0,21946,0.0,21,0.0
academic_T1::academic_T1_S077,T1,academic,2003,0,0,21946,0.0,18,0.0
academic_T1::academic_T1_S077,T1,academic,2004,0,0,21946,0.0,24,0.0
academic_T1::academic_T1_S077,T1,academic,2005,0,0,21946,0.0,38,0.0
academic_T1::academic_T1_S077,T1,academic,2006,1,1,21946,4.5566390230565937e-05,50,0.02
academic_T1::academic_T1_S077,T1,academic,2007,1,1,21946,4.5566390230565937e-05,50,0.02
academic_T1::academic_T1_S077,T1,academic,2008,0,0,21946,0.0,75,0.0
academic_T1::academic_T1_S077,T1,academic,2009,0,0,21946,0.0,73,0.0
academic_T1::academic_T1_S077,T1,academic,2010,2,2,21946,9.113278046113187e-05,119,0.01680672268907563
academic_T1::academic_T1_S077,T1,academic,2011,0,0,21946,0.0,136,0.0
academic_T1::academic_T1_S077,T1,academic,2012,1,1,21946,4.5566390230565937e-05,181,0.0055248618784530384
academic_T1::academic_T1_S077,T1,academic,2013,0,0,21946,0.0,215,0.0
academic_T1::academic_T1_S077,T1,academic,2014,3,3,21946,0.0001366991706916978,272,0.011029411764705883
academic_T1::academic_T1_S077,T1,academic,2015,2,2,21946,9.113278046113187e-05,357,0.0056022408963585435
academic_T1::academic_T1_S077,T1,academic,2016,1,1,21946,4.5566390230565937e-05,372,0.002688172043010753
academic_T1::academic_T1_S077,T1,academic,2017,1,1,21946,4.5566390230565937e-05,441,0.0022675736961451248
academic_T1::academic_T1_S077,T1,academic,2018,6,6,21946,0.0002733983413833956,870,0.006896551724137931
academic_T1::academic_T1_S077,T1,academic,2019,10,10,21946,0.00045566390230565937,1308,0.00764525993883792
academic_T1::academic_T1_S077,T1,academic,2020,7,7,21946,0.00031896473161396156,1524,0.004593175853018373
academic_T1::academic_T1_S077,T1,academic,2021,6,6,21946,0.0002733983413833956,1700,0.0035294117647058825
academic_T1::academic_T1_S077,T1,academic,2022,8,8,21946,0.0003645311218445275,2007,0.003986048829098156
academic_T1::academic_T1_S077,T1,academic,2023,11,11,21946,0.0005012302925362252,3278,0.003355704697986577
academic_T1::academic_T1_S077,T1,academic,2024,11,11,21946,0.0005012302925362252,6026,0.0018254231662794558
academic_T1::academic_T1_S077,T1,academic,2025,3,3,21946,0.0001366991706916978,2759,0.0010873504893077202
academic_T1::academic_T1_S080,T1,academic,2000,0,0,21946,0.0,9,0.0
academic_T1::academic_T1_S080,T1,academic,2001,0,0,21946,0.0,23,0.0
academic_T1::academic_T1_S080,T1,academic,2002,0,0,21946,0.0,21,0.0
academic_T1::academic_T1_S080,T1,academic,2003,0,0,21946,0.0,18,0.0
academic_T1::academic_T1_S080,T1,academic,2004,0,0,21946,0.0,24,0.0
academic_T1::academic_T1_S080,T1,academic,2005,0,0,21946,0.0,38,0.0
academic_T1::academic_T1_S080,T1,academic,2006,0,0,21946,0.0,50,0.0
academic_T1::academic_T1_S080,T1,academic,2007,0,0,21946,0.0,50,0.0
academic_T1::academic_T1_S080,T1,academic,2008,0,0,21946,0.0,75,0.0
academic_T1::academic_T1_S080,T1,academic,2009,0,0,21946,0.0,73,0.0
academic_T1::academic_T1_S080,T1,academic,2010,1,1,21946,4.5566390230565937e-05,119,0.008403361344537815
academic_T1::academic_T1_S080,T1,academic,2011,1,1,21946,4.5566390230565937e-05,136,0.007352941176470588
academic_T1::academic_T1_S080,T1,academic,2012,0,0,21946,0.0,181,0.0
academic_T1::academic_T1_S080,T1,academic,2013,0,0,21946,0.0,215,0.0
academic_T1::academic_T1_S080,T1,academic,2014,0,0,21946,0.0,272,0.0
academic_T1::academic_T1_S080,T1,academic,2015,0,0,21946,0.0,357,0.0
academic_T1::academic_T1_S080,T1,academic,2016,3,3,21946,0.0001366991706916978,372,0.008064516129032258
academic_T1::academic_T1_S080,T1,academic,2017,0,0,21946,0.0,441,0.0
academic_T1::academic_T1_S080,T1,academic,2018,3,3,21946,0.0001366991706916978,870,0.0034482758620689655
academic_T1::academic_T1_S080,T1,academic,2019,1,1,21946,4.5566390230565937e-05,1308,0.0007645259938837921
academic_T1::academic_T1_S080,T1,academic,2020,3,3,21946,0.0001366991706916978,1524,0.001968503937007874
academic_T1::academic_T1_S080,T1,academic,2021,4,4,21946,0.00018226556092226375,1700,0.002352941176470588
academic_T1::academic_T1_S080,T1,academic,2022,4,4,21946,0.00018226556092226375,2007,0.001993024414549078
academic_T1::academic_T1_S080,T1,academic,2023,13,13,21946,0.0005923630729973571,3278,0.003965832824893227
academic_T1::academic_T1_S080,T1,academic,2024,28,28,21946,0.0012758589264558462,6026,0.004646531695984069
academic_T1::academic_T1_S080,T1,academic,2025,13,13,21946,0.0005923630729973571,2759,0.004711852120333454
academic_T1::academic_T1_S084,T1,academic,2000,0,0,21946,0.0,9,0.0
academic_T1::academic_T1_S084,T1,academic,2001,0,0,21946,0.0,23,0.0
academic_T1::academic_T1_S084,T1,academic,2002,0,0,21946,0.0,21,0.0
academic_T1::academic_T1_S084,T1,academic,2003,0,0,21946,0.0,18,0.0
academic_T1::academic_T1_S084,T1,academic,2004,0,0,21946,0.0,24,0.0
academic_T1::academic_T1_S084,T1,academic,2005,0,0,21946,0.0,38,0.0
academic_T1::academic_T1_S084,T1,academic,2006,0,0,21946,0.0,50,0.0
academic_T1::academic_T1_S084,T1,academic,2007,0,0,21946,0.0,50,0.0
academic_T1::academic_T1_S084,T1,academic,2008,0,0,21946,0.0,75,0.0
academic_T1::academic_T1_S084,T1,academic,2009,0,0,21946,0.0,73,0.0
academic_T1::academic_T1_S084,T1,academic,2010,0,0,21946,0.0,119,0.0
academic_T1::academic_T1_S084,T1,academic,2011,0,0,21946,0.0,136,0.0
academic_T1::academic_T1_S084,T1,academic,2012,0,0,21946,0.0,181,0.0
academic_T1::academic_T1_S084,T1,academic,2013,0,0,21946,0.0,215,0.0
academic_T1::academic_T1_S084,T1,academic,2014,1,1,21946,4.5566390230565937e-05,272,0.003676470588235294
academic_T1::academic_T1_S084,T1,academic,2015,0,0,21946,0.0,357,0.0
academic_T1::academic_T1_S084,T1,academic,2016,1,1,21946,4.5566390230565937e-05,372,0.002688172043010753
academic_T1::academic_T1_S084,T1,academic,2017,0,0,21946,0.0,441,0.0
academic_T1::academic_T1_S084,T1,academic,2018,3,3,21946,0.0001366991706916978,870,0.0034482758620689655
academic_T1::academic_T1_S084,T1,academic,2019,0,0,21946,0.0,1308,0.0
academic_T1::academic_T1_S084,T1,academic,2020,5,5,21946,0.00022783195115282968,1524,0.0032808398950131233
academic_T1::academic_T1_S084,T1,academic,2021,4,4,21946,0.00018226556092226375,1700,0.002352941176470588
academic_T1::academic_T1_S084,T1,academic,2022,8,8,21946,0.0003645311218445275,2007,0.003986048829098156
academic_T1::academic_T1_S084,T1,academic,2023,12,12,21946,0.0005467966827667912,3278,0.0036607687614399025
academic_T1::academic_T1_S084,T1,academic,2024,19,19,21946,0.0008657614143807527,6026,0.0031530036508463327
academic_T1::academic_T1_S084,T1,academic,2025,12,12,21946,0.0005467966827667912,2759,0.004349401957230881
academic_T1::academic_T1_S090,T1,academic,2000,0,0,21946,0.0,9,0.0
academic_T1::academic_T1_S090,T1,academic,2001,0,0,21946,0.0,23,0.0
academic_T1::academic_T1_S090,T1,academic,2002,0,0,21946,0.0,21,0.0
academic_T1::academic_T1_S090,T1,academic,2003,0,0,21946,0.0,18,0.0
academic_T1::academic_T1_S090,T1,academic,2004,0,0,21946,0.0,24,0.0
academic_T1::academic_T1_S090,T1,academic,2005,0,0,21946,0.0,38,0.0
academic_T1::academic_T1_S090,T1,academic,2006,0,0,21946,0.0,50,0.0
academic_T1::academic_T1_S090,T1,academic,2007,0,0,21946,0.0,50,0.0
academic_T1::academic_T1_S090,T1,academic,2008,0,0,21946,0.0,75,0.0
academic_T1::academic_T1_S090,T1,academic,2009,0,0,21946,0.0,73,0.0
academic_T1::academic_T1_S090,T1,academic,2010,1,1,21946,4.5566390230565937e-05,119,0.008403361344537815
academic_T1::academic_T1_S090,T1,academic,2011,1,1,21946,4.5566390230565937e-05,136,0.007352941176470588
academic_T1::academic_T1_S090,T1,academic,2012,0,0,21946,0.0,181,0.0
academic_T1::academic_T1_S090,T1,academic,2013,0,0,21946,0.0,215,0.0
academic_T1::academic_T1_S090,T1,academic,2014,1,1,21946,4.5566390230565937e-05,272,0.003676470588235294
academic_T1::academic_T1_S090,T1,academic,2015,1,1,21946,4.5566390230565937e-05,357,0.0028011204481792717
academic_T1::academic_T1_S090,T1,academic,2016,1,1,21946,4.5566390230565937e-05,372,0.002688172043010753
academic_T1::academic_T1_S090,T1,academic,2017,2,2,21946,9.113278046113187e-05,441,0.0045351473922902496
academic_T1::academic_T1_S090,T1,academic,2018,1,1,21946,4.5566390230565937e-05,870,0.0011494252873563218
academic_T1::academic_T1_S090,T1,academic,2019,3,3,21946,0.0001366991706916978,1308,0.0022935779816513763
academic_T1::academic_T1_S090,T1,academic,2020,2,2,21946,9.113278046113187e-05,1524,0.0013123359580052493
academic_T1::academic_T1_S090,T1,academic,2021,3,3,21946,0.0001366991706916978,1700,0.0017647058823529412
academic_T1::academic_T1_S090,T1,academic,2022,3,3,21946,0.0001366991706916978,2007,0.0014947683109118087
academic_T1::academic_T1_S090,T1,academic,2023,8,8,21946,0.0003645311218445275,3278,0.0024405125076266015
academic_T1::academic_T1_S090,T1,academic,2024,19,19,21946,0.0008657614143807527,6026,0.0031530036508463327
academic_T1::academic_T1_S090,T1,academic,2025,10,10,21946,0.00045566390230565937,2759,0.003624501631025734
academic_T2::academic_T2_PG01,T2,academic,2000,3,3,16747,0.00017913656177225771,23,0.13043478260869565
academic_T2::academic_T2_PG01,T2,academic,2001,2,2,16747,0.00011942437451483848,31,0.06451612903225806
academic_T2::academic_T2_PG01,T2,academic,2002,7,7,16747,0.00041798531080193465,39,0.1794871794871795
academic_T2::academic_T2_PG01,T2,academic,2003,6,6,16747,0.00035827312354451543,48,0.125
academic_T2::academic_T2_PG01,T2,academic,2004,8,8,16747,0.0004776974980593539,55,0.14545454545454545
academic_T2::academic_T2_PG01,T2,academic,2005,8,8,16747,0.0004776974980593539,48,0.16666666666666666
academic_T2::academic_T2_PG01,T2,academic,2006,4,4,16747,0.00023884874902967696,62,0.06451612903225806
academic_T2::academic_T2_PG01,T2,academic,2007,11,11,16747,0.0006568340598316116,74,0.14864864864864866
academic_T2::academic_T2_PG01,T2,academic,2008,9,9,16747,0.0005374096853167731,96,0.09375
academic_T2::academic_T2_PG01,T2,academic,2009,17,17,16747,0.0010151071833761271,92,0.18478260869565216
academic_T2::academic_T2_PG01,T2,academic,2010,20,20,16747,0.0011942437451483848,126,0.15873015873015872
academic_T2::academic_T2_PG01,T2,academic,2011,29,29,16747,0.001731653430465158,135,0.21481481481481482
academic_T2::academic_T2_PG01,T2,academic,2012,30,30,16747,0.0017913656177225771,193,0.15544041450777202
academic_T2::academic_T2_PG01,T2,academic,2013,48,48,16747,0.0028661849883561234,228,0.21052631578947367
academic_T2::academic_T2_PG01,T2,academic,2014,60,60,16747,0.0035827312354451543,253,0.23715415019762845
academic_T2::academic_T2_PG01,T2,academic,2015,54,54,16747,0.003224458111900639,290,0.18620689655172415
academic_T2::academic_T2_PG01,T2,academic,2016,65,65,16747,0.0038812921717322505,331,0.19637462235649547
academic_T2::academic_T2_PG01,T2,academic,2017,76,76,16747,0.004538126231563862,411,0.18491484184914841
academic_T2::academic_T2_PG01,T2,academic,2018,122,122,16747,0.007284886845405147,664,0.18373493975903615
academic_T2::academic_T2_PG01,T2,academic,2019,200,200,16747,0.011942437451483847,1035,0.1932367149758454
academic_T2::academic_T2_PG01,T2,academic,2020,203,203,16747,0.012121574013256106,1211,0.1676300578034682
academic_T2::academic_T2_PG01,T2,academic,2021,226,226,16747,0.013494954320176748,1523,0.14839133289560077
academic_T2::academic_T2_PG01,T2,academic,2022,249,249,16747,0.01486833462709739,1672,0.14892344497607657
academic_T2::academic_T2_PG01,T2,academic,2023,277,277,16747,0.01654027587030513,2345,0.11812366737739873
academic_T2::academic_T2_PG01,T2,academic,2024,343,343,16747,0.0204812802292948,3810,0.09002624671916011
academic_T2::academic_T2_PG01,T2,academic,2025,175,175,16747,0.010449632770048367,1952,0.08965163934426229
academic_T2::academic_T2_PG02,T2,academic,2000,0,0,16747,0.0,23,0.0
academic_T2::academic_T2_PG02,T2,academic,2001,4,4,16747,0.00023884874902967696,31,0.12903225806451613
academic_T2::academic_T2_PG02,T2,academic,2002,0,0,16747,0.0,39,0.0
academic_T2::academic_T2_PG02,T2,academic,2003,3,3,16747,0.00017913656177225771,48,0.0625
academic_T2::academic_T2_PG02,T2,academic,2004,3,3,16747,0.00017913656177225771,55,0.05454545454545454
academic_T2::academic_T2_PG02,T2,academic,2005,2,2,16747,0.00011942437451483848,48,0.041666666666666664
academic_T2::academic_T2_PG02,T2,academic,2006,7,7,16747,0.00041798531080193465,62,0.11290322580645161
academic_T2::academic_T2_PG02,T2,academic,2007,5,5,16747,0.0002985609362870962,74,0.06756756756756757
academic_T2::academic_T2_PG02,T2,academic,2008,7,7,16747,0.00041798531080193465,96,0.07291666666666667
academic_T2::academic_T2_PG02,T2,academic,2009,5,5,16747,0.0002985609362870962,92,0.05434782608695652
academic_T2::academic_T2_PG02,T2,academic,2010,9,9,16747,0.0005374096853167731,126,0.07142857142857142
academic_T2::academic_T2_PG02,T2,academic,2011,11,11,16747,0.0006568340598316116,135,0.08148148148148149
academic_T2::academic_T2_PG02,T2,academic,2012,14,14,16747,0.0008359706216038693,193,0.07253886010362694
academic_T2::academic_T2_PG02,T2,academic,2013,15,15,16747,0.0008956828088612886,228,0.06578947368421052
academic_T2::academic_T2_PG02,T2,academic,2014,16,16,16747,0.0009553949961187078,253,0.06324110671936758
academic_T2::academic_T2_PG02,T2,academic,2015,20,20,16747,0.0011942437451483848,290,0.06896551724137931
academic_T2::academic_T2_PG02,T2,academic,2016,23,23,16747,0.0013733803069206425,331,0.06948640483383686
academic_T2::academic_T2_PG02,T2,academic,2017,35,35,16747,0.0020899265540096734,411,0.0851581508515815
academic_T2::academic_T2_PG02,T2,academic,2018,62,62,16747,0.003702155609959993,664,0.09337349397590361
academic_T2::academic_T2_PG02,T2,academic,2019,118,118,16747,0.00704603809637547,1035,0.11400966183574879
academic_T2::academic_T2_PG02,T2,academic,2020,122,122,16747,0.007284886845405147,1211,0.10074318744838975
academic_T2::academic_T2_PG02,T2,academic,2021,188,188,16747,0.011225891204394817,1523,0.12344057780695995
academic_T2::academic_T2_PG02,T2,academic,2022,223,223,16747,0.013315817758404491,1672,0.13337320574162678
academic_T2::academic_T2_PG02,T2,academic,2023,283,283,16747,0.016898548993849644,2345,0.12068230277185502
academic_T2::academic_T2_PG02,T2,academic,2024,494,494,16747,0.029497820505165105,3810,0.12965879265091865
academic_T2::academic_T2_PG02,T2,academic,2025,257,257,16747,0.015346032125156745,1952,0.13165983606557377
academic_T2::academic_T2_PG03,T2,academic,2000,3,3,16747,0.00017913656177225771,23,0.13043478260869565
academic_T2::academic_T2_PG03,T2,academic,2001,4,4,16747,0.00023884874902967696,31,0.12903225806451613
academic_T2::academic_T2_PG03,T2,academic,2002,9,9,16747,0.0005374096853167731,39,0.23076923076923078
academic_T2::academic_T2_PG03,T2,academic,2003,10,10,16747,0.0005971218725741924,48,0.20833333333333334
academic_T2::academic_T2_PG03,T2,academic,2004,11,11,16747,0.0006568340598316116,55,0.2
academic_T2::academic_T2_PG03,T2,academic,2005,6,6,16747,0.00035827312354451543,48,0.125
academic_T2::academic_T2_PG03,T2,academic,2006,5,5,16747,0.0002985609362870962,62,0.08064516129032258
academic_T2::academic_T2_PG03,T2,academic,2007,13,13,16747,0.0007762584343464501,74,0.17567567567567569
academic_T2::academic_T2_PG03,T2,academic,2008,20,20,16747,0.0011942437451483848,96,0.20833333333333334
academic_T2::academic_T2_PG03,T2,academic,2009,9,9,16747,0.0005374096853167731,92,0.09782608695652174
academic_T2::academic_T2_PG03,T2,academic,2010,20,20,16747,0.0011942437451483848,126,0.15873015873015872
academic_T2::academic_T2_PG03,T2,academic,2011,19,19,16747,0.0011345315578909655,135,0.14074074074074075
academic_T2::academic_T2_PG03,T2,academic,2012,29,29,16747,0.001731653430465158,193,0.15025906735751296
academic_T2::academic_T2_PG03,T2,academic,2013,41,41,16747,0.002448199677554189,228,0.17982456140350878
academic_T2::academic_T2_PG03,T2,academic,2014,26,26,16747,0.0015525168686929003,253,0.10276679841897234
academic_T2::academic_T2_PG03,T2,academic,2015,46,46,16747,0.002746760613841285,290,0.15862068965517243
academic_T2::academic_T2_PG03,T2,academic,2016,68,68,16747,0.0040604287335045085,331,0.2054380664652568
academic_T2::academic_T2_PG03,T2,academic,2017,78,78,16747,0.004657550606078701,411,0.1897810218978102
academic_T2::academic_T2_PG03,T2,academic,2018,113,113,16747,0.006747477160088374,664,0.17018072289156627
academic_T2::academic_T2_PG03,T2,academic,2019,208,208,16747,0.012420134949543202,1035,0.20096618357487922
academic_T2::academic_T2_PG03,T2,academic,2020,237,237,16747,0.01415178838000836,1211,0.19570602807597026
academic_T2::academic_T2_PG03,T2,academic,2021,347,347,16747,0.020720128978324474,1523,0.2278397898883782
academic_T2::academic_T2_PG03,T2,academic,2022,346,346,16747,0.020660416791067057,1672,0.2069377990430622
academic_T2::academic_T2_PG03,T2,academic,2023,533,533,16747,0.031826595808204454,2345,0.22729211087420043
academic_T2::academic_T2_PG03,T2,academic,2024,849,849,16747,0.050695646981548936,3810,0.22283464566929134
academic_T2::academic_T2_PG03,T2,academic,2025,422,422,16747,0.02519854302263092,1952,0.21618852459016394
academic_T2::academic_T2_PG04,T2,academic,2000,2,2,16747,0.00011942437451483848,23,0.08695652173913043
academic_T2::academic_T2_PG04,T2,academic,2001,3,3,16747,0.00017913656177225771,31,0.0967741935483871
academic_T2::academic_T2_PG04,T2,academic,2002,2,2,16747,0.00011942437451483848,39,0.05128205128205128
academic_T2::academic_T2_PG04,T2,academic,2003,3,3,16747,0.00017913656177225771,48,0.0625
academic_T2::academic_T2_PG04,T2,academic,2004,1,1,16747,5.971218725741924e-05,55,0.01818181818181818
academic_T2::academic_T2_PG04,T2,academic,2005,2,2,16747,0.00011942437451483848,48,0.041666666666666664
academic_T2::academic_T2_PG04,T2,academic,2006,5,5,16747,0.0002985609362870962,62,0.08064516129032258
academic_T2::academic_T2_PG04,T2,academic,2007,8,8,16747,0.0004776974980593539,74,0.10810810810810811
academic_T2::academic_T2_PG04,T2,academic,2008,13,13,16747,0.0007762584343464501,96,0.13541666666666666
academic_T2::academic_T2_PG04,T2,academic,2009,13,13,16747,0.0007762584343464501,92,0.14130434782608695
academic_T2::academic_T2_PG04,T2,academic,2010,14,14,16747,0.0008359706216038693,126,0.1111111111111111
academic_T2::academic_T2_PG04,T2,academic,2011,12,12,16747,0.0007165462470890309,135,0.08888888888888889
academic_T2::academic_T2_PG04,T2,academic,2012,13,13,16747,0.0007762584343464501,193,0.06735751295336788
academic_T2::academic_T2_PG04,T2,academic,2013,15,15,16747,0.0008956828088612886,228,0.06578947368421052
academic_T2::academic_T2_PG04,T2,academic,2014,18,18,16747,0.0010748193706335463,253,0.07114624505928854
academic_T2::academic_T2_PG04,T2,academic,2015,19,19,16747,0.0011345315578909655,290,0.06551724137931035
academic_T2::academic_T2_PG04,T2,academic,2016,23,23,16747,0.0013733803069206425,331,0.06948640483383686
academic_T2::academic_T2_PG04,T2,academic,2017,20,20,16747,0.0011942437451483848,411,0.04866180048661801
academic_T2::academic_T2_PG04,T2,academic,2018,35,35,16747,0.0020899265540096734,664,0.05271084337349398
academic_T2::academic_T2_PG04,T2,academic,2019,56,56,16747,0.003343882486415477,1035,0.05410628019323672
academic_T2::academic_T2_PG04,T2,academic,2020,68,68,16747,0.0040604287335045085,1211,0.05615194054500413
academic_T2::academic_T2_PG04,T2,academic,2021,74,74,16747,0.0044187018570490235,1523,0.048588312541037425
academic_T2::academic_T2_PG04,T2,academic,2022,101,101,16747,0.006030930912999343,1672,0.060406698564593304
academic_T2::academic_T2_PG04,T2,academic,2023,129,129,16747,0.0077028721562070815,2345,0.055010660980810235
academic_T2::academic_T2_PG04,T2,academic,2024,245,245,16747,0.014629485878067713,3810,0.06430446194225722
academic_T2::academic_T2_PG04,T2,academic,2025,147,147,16747,0.008777691526840627,1952,0.07530737704918032
academic_T2::academic_T2_PG06,T2,academic,2000,1,1,16747,5.971218725741924e-05,23,0.043478260869565216
academic_T2::academic_T2_PG06,T2,academic,2001,1,1,16747,5.971218725741924e-05,31,0.03225806451612903
academic_T2::academic_T2_PG06,T2,academic,2002,1,1,16747,5.971218725741924e-05,39,0.02564102564102564
academic_T2::academic_T2_PG06,T2,academic,2003,0,0,16747,0.0,48,0.0
academic_T2::academic_T2_PG06,T2,academic,2004,1,1,16747,5.971218725741924e-05,55,0.01818181818181818
academic_T2::academic_T2_PG06,T2,academic,2005,0,0,16747,0.0,48,0.0
academic_T2::academic_T2_PG06,T2,academic,2006,2,2,16747,0.00011942437451483848,62,0.03225806451612903
academic_T2::academic_T2_PG06,T2,academic,2007,1,1,16747,5.971218725741924e-05,74,0.013513513513513514
academic_T2::academic_T2_PG06,T2,academic,2008,2,2,16747,0.00011942437451483848,96,0.020833333333333332
academic_T2::academic_T2_PG06,T2,academic,2009,1,1,16747,5.971218725741924e-05,92,0.010869565217391304
academic_T2::academic_T2_PG06,T2,academic,2010,7,7,16747,0.00041798531080193465,126,0.05555555555555555
academic_T2::academic_T2_PG06,T2,academic,2011,4,4,16747,0.00023884874902967696,135,0.02962962962962963
academic_T2::academic_T2_PG06,T2,academic,2012,8,8,16747,0.0004776974980593539,193,0.04145077720207254
academic_T2::academic_T2_PG06,T2,academic,2013,6,6,16747,0.00035827312354451543,228,0.02631578947368421
academic_T2::academic_T2_PG06,T2,academic,2014,6,6,16747,0.00035827312354451543,253,0.023715415019762844
academic_T2::academic_T2_PG06,T2,academic,2015,13,13,16747,0.0007762584343464501,290,0.04482758620689655
academic_T2::academic_T2_PG06,T2,academic,2016,13,13,16747,0.0007762584343464501,331,0.03927492447129909
academic_T2::academic_T2_PG06,T2,academic,2017,24,24,16747,0.0014330924941780617,411,0.058394160583941604
academic_T2::academic_T2_PG06,T2,academic,2018,43,43,16747,0.002567624052069027,664,0.06475903614457831
academic_T2::academic_T2_PG06,T2,academic,2019,71,71,16747,0.004239565295276766,1035,0.06859903381642513
academic_T2::academic_T2_PG06,T2,academic,2020,105,105,16747,0.00626977966202902,1211,0.08670520231213873
academic_T2::academic_T2_PG06,T2,academic,2021,127,127,16747,0.007583447781692243,1523,0.08338804990151018
academic_T2::academic_T2_PG06,T2,academic,2022,139,139,16747,0.008299994028781274,1672,0.08313397129186603
academic_T2::academic_T2_PG06,T2,academic,2023,216,216,16747,0.012897832447602555,2345,0.09211087420042643
academic_T2::academic_T2_PG06,T2,academic,2024,364,364,16747,0.021735236161700602,3810,0.09553805774278215
academic_T2::academic_T2_PG06,T2,academic,2025,206,206,16747,0.012300710575028363,1952,0.10553278688524591
academic_T2::academic_T2_PG08,T2,academic,2000,0,0,16747,0.0,23,0.0
academic_T2::academic_T2_PG08,T2,academic,2001,0,0,16747,0.0,31,0.0
academic_T2::academic_T2_PG08,T2,academic,2002,0,0,16747,0.0,39,0.0
academic_T2::academic_T2_PG08,T2,academic,2003,1,1,16747,5.971218725741924e-05,48,0.020833333333333332
academic_T2::academic_T2_PG08,T2,academic,2004,0,0,16747,0.0,55,0.0
academic_T2::academic_T2_PG08,T2,academic,2005,0,0,16747,0.0,48,0.0
academic_T2::academic_T2_PG08,T2,academic,2006,2,2,16747,0.00011942437451483848,62,0.03225806451612903
academic_T2::academic_T2_PG08,T2,academic,2007,0,0,16747,0.0,74,0.0
academic_T2::academic_T2_PG08,T2,academic,2008,1,1,16747,5.971218725741924e-05,96,0.010416666666666666
academic_T2::academic_T2_PG08,T2,academic,2009,0,0,16747,0.0,92,0.0
academic_T2::academic_T2_PG08,T2,academic,2010,1,1,16747,5.971218725741924e-05,126,0.007936507936507936
academic_T2::academic_T2_PG08,T2,academic,2011,2,2,16747,0.00011942437451483848,135,0.014814814814814815
academic_T2::academic_T2_PG08,T2,academic,2012,3,3,16747,0.00017913656177225771,193,0.015544041450777202
academic_T2::academic_T2_PG08,T2,academic,2013,4,4,16747,0.00023884874902967696,228,0.017543859649122806
academic_T2::academic_T2_PG08,T2,academic,2014,2,2,16747,0.00011942437451483848,253,0.007905138339920948
academic_T2::academic_T2_PG08,T2,academic,2015,6,6,16747,0.00035827312354451543,290,0.020689655172413793
academic_T2::academic_T2_PG08,T2,academic,2016,3,3,16747,0.00017913656177225771,331,0.00906344410876133
academic_T2::academic_T2_PG08,T2,academic,2017,7,7,16747,0.00041798531080193465,411,0.0170316301703163
academic_T2::academic_T2_PG08,T2,academic,2018,15,15,16747,0.0008956828088612886,664,0.022590361445783132
academic_T2::academic_T2_PG08,T2,academic,2019,16,16,16747,0.0009553949961187078,1035,0.015458937198067632
academic_T2::academic_T2_PG08,T2,academic,2020,21,21,16747,0.001253955932405804,1211,0.017341040462427744
academic_T2::academic_T2_PG08,T2,academic,2021,26,26,16747,0.0015525168686929003,1523,0.017071569271175313
academic_T2::academic_T2_PG08,T2,academic,2022,32,32,16747,0.0019107899922374157,1672,0.019138755980861243
academic_T2::academic_T2_PG08,T2,academic,2023,53,53,16747,0.0031647459246432197,2345,0.022601279317697228
academic_T2::academic_T2_PG08,T2,academic,2024,98,98,16747,0.005851794351227085,3810,0.025721784776902887
academic_T2::academic_T2_PG08,T2,academic,2025,50,50,16747,0.0029856093628709618,1952,0.025614754098360656
academic_T2::academic_T2_PG09,T2,academic,2000,0,0,16747,0.0,23,0.0
academic_T2::academic_T2_PG09,T2,academic,2001,1,1,16747,5.971218725741924e-05,31,0.03225806451612903
academic_T2::academic_T2_PG09,T2,academic,2002,7,7,16747,0.00041798531080193465,39,0.1794871794871795
academic_T2::academic_T2_PG09,T2,academic,2003,4,4,16747,0.00023884874902967696,48,0.08333333333333333
academic_T2::academic_T2_PG09,T2,academic,2004,3,3,16747,0.00017913656177225771,55,0.05454545454545454
academic_T2::academic_T2_PG09,T2,academic,2005,3,3,16747,0.00017913656177225771,48,0.0625
academic_T2::academic_T2_PG09,T2,academic,2006,5,5,16747,0.0002985609362870962,62,0.08064516129032258
academic_T2::academic_T2_PG09,T2,academic,2007,5,5,16747,0.0002985609362870962,74,0.06756756756756757
academic_T2::academic_T2_PG09,T2,academic,2008,5,5,16747,0.0002985609362870962,96,0.052083333333333336
academic_T2::academic_T2_PG09,T2,academic,2009,7,7,16747,0.00041798531080193465,92,0.07608695652173914
academic_T2::academic_T2_PG09,T2,academic,2010,9,9,16747,0.0005374096853167731,126,0.07142857142857142
academic_T2::academic_T2_PG09,T2,academic,2011,7,7,16747,0.00041798531080193465,135,0.05185185185185185
academic_T2::academic_T2_PG09,T2,academic,2012,16,16,16747,0.0009553949961187078,193,0.08290155440414508
academic_T2::academic_T2_PG09,T2,academic,2013,5,5,16747,0.0002985609362870962,228,0.021929824561403508
academic_T2::academic_T2_PG09,T2,academic,2014,15,15,16747,0.0008956828088612886,253,0.05928853754940711
academic_T2::academic_T2_PG09,T2,academic,2015,9,9,16747,0.0005374096853167731,290,0.03103448275862069
academic_T2::academic_T2_PG09,T2,academic,2016,8,8,16747,0.0004776974980593539,331,0.02416918429003021
academic_T2::academic_T2_PG09,T2,academic,2017,10,10,16747,0.0005971218725741924,411,0.024330900243309004
academic_T2::academic_T2_PG09,T2,academic,2018,16,16,16747,0.0009553949961187078,664,0.024096385542168676
academic_T2::academic_T2_PG09,T2,academic,2019,20,20,16747,0.0011942437451483848,1035,0.01932367149758454
academic_T2::academic_T2_PG09,T2,academic,2020,22,22,16747,0.0013136681196632232,1211,0.018166804293971925
academic_T2::academic_T2_PG09,T2,academic,2021,23,23,16747,0.0013733803069206425,1523,0.015101772816808929
academic_T2::academic_T2_PG09,T2,academic,2022,16,16,16747,0.0009553949961187078,1672,0.009569377990430622
academic_T2::academic_T2_PG09,T2,academic,2023,18,18,16747,0.0010748193706335463,2345,0.00767590618336887
academic_T2::academic_T2_PG09,T2,academic,2024,44,44,16747,0.0026273362393264463,3810,0.011548556430446194
academic_T2::academic_T2_PG09,T2,academic,2025,17,17,16747,0.0010151071833761271,1952,0.008709016393442622
academic_T2::academic_T2_PG10,T2,academic,2000,2,2,16747,0.00011942437451483848,23,0.08695652173913043
academic_T2::academic_T2_PG10,T2,academic,2001,1,1,16747,5.971218725741924e-05,31,0.03225806451612903
academic_T2::academic_T2_PG10,T2,academic,2002,3,3,16747,0.00017913656177225771,39,0.07692307692307693
academic_T2::academic_T2_PG10,T2,academic,2003,1,1,16747,5.971218725741924e-05,48,0.020833333333333332
academic_T2::academic_T2_PG10,T2,academic,2004,10,10,16747,0.0005971218725741924,55,0.18181818181818182
academic_T2::academic_T2_PG10,T2,academic,2005,4,4,16747,0.00023884874902967696,48,0.08333333333333333
academic_T2::academic_T2_PG10,T2,academic,2006,5,5,16747,0.0002985609362870962,62,0.08064516129032258
academic_T2::academic_T2_PG10,T2,academic,2007,6,6,16747,0.00035827312354451543,74,0.08108108108108109
academic_T2::academic_T2_PG10,T2,academic,2008,9,9,16747,0.0005374096853167731,96,0.09375
academic_T2::academic_T2_PG10,T2,academic,2009,7,7,16747,0.00041798531080193465,92,0.07608695652173914
academic_T2::academic_T2_PG10,T2,academic,2010,6,6,16747,0.00035827312354451543,126,0.047619047619047616
academic_T2::academic_T2_PG10,T2,academic,2011,13,13,16747,0.0007762584343464501,135,0.0962962962962963
academic_T2::academic_T2_PG10,T2,academic,2012,10,10,16747,0.0005971218725741924,193,0.05181347150259067
academic_T2::academic_T2_PG10,T2,academic,2013,17,17,16747,0.0010151071833761271,228,0.07456140350877193
academic_T2::academic_T2_PG10,T2,academic,2014,17,17,16747,0.0010151071833761271,253,0.06719367588932806
academic_T2::academic_T2_PG10,T2,academic,2015,15,15,16747,0.0008956828088612886,290,0.05172413793103448
academic_T2::academic_T2_PG10,T2,academic,2016,21,21,16747,0.001253955932405804,331,0.0634441087613293
academic_T2::academic_T2_PG10,T2,academic,2017,23,23,16747,0.0013733803069206425,411,0.05596107055961071
academic_T2::academic_T2_PG10,T2,academic,2018,36,36,16747,0.0021496387412670926,664,0.05421686746987952
academic_T2::academic_T2_PG10,T2,academic,2019,52,52,16747,0.0031050337373858005,1035,0.050241545893719805
academic_T2::academic_T2_PG10,T2,academic,2020,78,78,16747,0.004657550606078701,1211,0.06440957886044592
academic_T2::academic_T2_PG10,T2,academic,2021,103,103,16747,0.0061503552875141814,1523,0.06762967826657912
academic_T2::academic_T2_PG10,T2,academic,2022,112,112,16747,0.006687764972830954,1672,0.06698564593301436
academic_T2::academic_T2_PG10,T2,academic,2023,185,185,16747,0.01104675464262256,2345,0.07889125799573561
academic_T2::academic_T2_PG10,T2,academic,2024,412,412,16747,0.024601421150056726,3810,0.10813648293963254
academic_T2::academic_T2_PG10,T2,academic,2025,200,200,16747,0.011942437451483847,1952,0.10245901639344263
academic_T2::academic_T2_S002,T2,academic,2000,3,3,16747,0.00017913656177225771,23,0.13043478260869565
academic_T2::academic_T2_S002,T2,academic,2001,0,0,16747,0.0,31,0.0
academic_T2::academic_T2_S002,T2,academic,2002,0,0,16747,0.0,39,0.0
academic_T2::academic_T2_S002,T2,academic,2003,5,5,16747,0.0002985609362870962,48,0.10416666666666667
academic_T2::academic_T2_S002,T2,academic,2004,3,3,16747,0.00017913656177225771,55,0.05454545454545454
academic_T2::academic_T2_S002,T2,academic,2005,3,3,16747,0.00017913656177225771,48,0.0625
academic_T2::academic_T2_S002,T2,academic,2006,4,4,16747,0.00023884874902967696,62,0.06451612903225806
academic_T2::academic_T2_S002,T2,academic,2007,3,3,16747,0.00017913656177225771,74,0.04054054054054054
academic_T2::academic_T2_S002,T2,academic,2008,4,4,16747,0.00023884874902967696,96,0.041666666666666664
academic_T2::academic_T2_S002,T2,academic,2009,4,4,16747,0.00023884874902967696,92,0.043478260869565216
academic_T2::academic_T2_S002,T2,academic,2010,6,6,16747,0.00035827312354451543,126,0.047619047619047616
academic_T2::academic_T2_S002,T2,academic,2011,4,4,16747,0.00023884874902967696,135,0.02962962962962963
academic_T2::academic_T2_S002,T2,academic,2012,17,17,16747,0.0010151071833761271,193,0.08808290155440414
academic_T2::academic_T2_S002,T2,academic,2013,5,5,16747,0.0002985609362870962,228,0.021929824561403508
academic_T2::academic_T2_S002,T2,academic,2014,16,16,16747,0.0009553949961187078,253,0.06324110671936758
academic_T2::academic_T2_S002,T2,academic,2015,20,20,16747,0.0011942437451483848,290,0.06896551724137931
academic_T2::academic_T2_S002,T2,academic,2016,24,24,16747,0.0014330924941780617,331,0.07250755287009064
academic_T2::academic_T2_S002,T2,academic,2017,28,28,16747,0.0016719412432077386,411,0.0681265206812652
academic_T2::academic_T2_S002,T2,academic,2018,48,48,16747,0.0028661849883561234,664,0.07228915662650602
academic_T2::academic_T2_S002,T2,academic,2019,43,43,16747,0.002567624052069027,1035,0.04154589371980676
academic_T2::academic_T2_S002,T2,academic,2020,61,61,16747,0.0036424434227025734,1211,0.05037159372419488
academic_T2::academic_T2_S002,T2,academic,2021,51,51,16747,0.0030453215501283814,1523,0.0334865397242285
academic_T2::academic_T2_S002,T2,academic,2022,56,56,16747,0.003343882486415477,1672,0.03349282296650718
academic_T2::academic_T2_S002,T2,academic,2023,71,71,16747,0.004239565295276766,2345,0.030277185501066096
academic_T2::academic_T2_S002,T2,academic,2024,84,84,16747,0.005015823729623216,3810,0.02204724409448819
academic_T2::academic_T2_S002,T2,academic,2025,36,36,16747,0.0021496387412670926,1952,0.018442622950819672
academic_T2::academic_T2_S010,T2,academic,2000,0,0,16747,0.0,23,0.0
academic_T2::academic_T2_S010,T2,academic,2001,0,0,16747,0.0,31,0.0
academic_T2::academic_T2_S010,T2,academic,2002,0,0,16747,0.0,39,0.0
academic_T2::academic_T2_S010,T2,academic,2003,1,1,16747,5.971218725741924e-05,48,0.020833333333333332
academic_T2::academic_T2_S010,T2,academic,2004,0,0,16747,0.0,55,0.0
academic_T2::academic_T2_S010,T2,academic,2005,1,1,16747,5.971218725741924e-05,48,0.020833333333333332
academic_T2::academic_T2_S010,T2,academic,2006,1,1,16747,5.971218725741924e-05,62,0.016129032258064516
academic_T2::academic_T2_S010,T2,academic,2007,3,3,16747,0.00017913656177225771,74,0.04054054054054054
academic_T2::academic_T2_S010,T2,academic,2008,3,3,16747,0.00017913656177225771,96,0.03125
academic_T2::academic_T2_S010,T2,academic,2009,5,5,16747,0.0002985609362870962,92,0.05434782608695652
academic_T2::academic_T2_S010,T2,academic,2010,7,7,16747,0.00041798531080193465,126,0.05555555555555555
academic_T2::academic_T2_S010,T2,academic,2011,12,12,16747,0.0007165462470890309,135,0.08888888888888889
academic_T2::academic_T2_S010,T2,academic,2012,15,15,16747,0.0008956828088612886,193,0.07772020725388601
academic_T2::academic_T2_S010,T2,academic,2013,7,7,16747,0.00041798531080193465,228,0.03070175438596491
academic_T2::academic_T2_S010,T2,academic,2014,13,13,16747,0.0007762584343464501,253,0.05138339920948617
academic_T2::academic_T2_S010,T2,academic,2015,14,14,16747,0.0008359706216038693,290,0.04827586206896552
academic_T2::academic_T2_S010,T2,academic,2016,13,13,16747,0.0007762584343464501,331,0.03927492447129909
academic_T2::academic_T2_S010,T2,academic,2017,17,17,16747,0.0010151071833761271,411,0.0413625304136253
academic_T2::academic_T2_S010,T2,academic,2018,26,26,16747,0.0015525168686929003,664,0.0391566265060241
academic_T2::academic_T2_S010,T2,academic,2019,27,27,16747,0.0016122290559503194,1035,0.02608695652173913
academic_T2::academic_T2_S010,T2,academic,2020,44,44,16747,0.0026273362393264463,1211,0.03633360858794385
academic_T2::academic_T2_S010,T2,academic,2021,30,30,16747,0.0017913656177225771,1523,0.01969796454366382
academic_T2::academic_T2_S010,T2,academic,2022,40,40,16747,0.0023884874902967697,1672,0.023923444976076555
academic_T2::academic_T2_S010,T2,academic,2023,37,37,16747,0.0022093509285245117,2345,0.01577825159914712
academic_T2::academic_T2_S010,T2,academic,2024,42,42,16747,0.002507911864811608,3810,0.011023622047244094
academic_T2::academic_T2_S010,T2,academic,2025,21,21,16747,0.001253955932405804,1952,0.010758196721311475
academic_T2::academic_T2_S021,T2,academic,2000,2,2,16747,0.00011942437451483848,23,0.08695652173913043
academic_T2::academic_T2_S021,T2,academic,2001,2,2,16747,0.00011942437451483848,31,0.06451612903225806
academic_T2::academic_T2_S021,T2,academic,2002,2,2,16747,0.00011942437451483848,39,0.05128205128205128
academic_T2::academic_T2_S021,T2,academic,2003,5,5,16747,0.0002985609362870962,48,0.10416666666666667
academic_T2::academic_T2_S021,T2,academic,2004,1,1,16747,5.971218725741924e-05,55,0.01818181818181818
academic_T2::academic_T2_S021,T2,academic,2005,3,3,16747,0.00017913656177225771,48,0.0625
academic_T2::academic_T2_S021,T2,academic,2006,6,6,16747,0.00035827312354451543,62,0.0967741935483871
academic_T2::academic_T2_S021,T2,academic,2007,2,2,16747,0.00011942437451483848,74,0.02702702702702703
academic_T2::academic_T2_S021,T2,academic,2008,3,3,16747,0.00017913656177225771,96,0.03125
academic_T2::academic_T2_S021,T2,academic,2009,4,4,16747,0.00023884874902967696,92,0.043478260869565216
academic_T2::academic_T2_S021,T2,academic,2010,1,1,16747,5.971218725741924e-05,126,0.007936507936507936
academic_T2::academic_T2_S021,T2,academic,2011,3,3,16747,0.00017913656177225771,135,0.022222222222222223
academic_T2::academic_T2_S021,T2,academic,2012,5,5,16747,0.0002985609362870962,193,0.025906735751295335
academic_T2::academic_T2_S021,T2,academic,2013,7,7,16747,0.00041798531080193465,228,0.03070175438596491
academic_T2::academic_T2_S021,T2,academic,2014,2,2,16747,0.00011942437451483848,253,0.007905138339920948
academic_T2::academic_T2_S021,T2,academic,2015,4,4,16747,0.00023884874902967696,290,0.013793103448275862
academic_T2::academic_T2_S021,T2,academic,2016,6,6,16747,0.00035827312354451543,331,0.01812688821752266
academic_T2::academic_T2_S021,T2,academic,2017,10,10,16747,0.0005971218725741924,411,0.024330900243309004
academic_T2::academic_T2_S021,T2,academic,2018,7,7,16747,0.00041798531080193465,664,0.010542168674698794
academic_T2::academic_T2_S021,T2,academic,2019,11,11,16747,0.0006568340598316116,1035,0.010628019323671498
academic_T2::academic_T2_S021,T2,academic,2020,15,15,16747,0.0008956828088612886,1211,0.012386457473162676
academic_T2::academic_T2_S021,T2,academic,2021,27,27,16747,0.0016122290559503194,1523,0.01772816808929744
academic_T2::academic_T2_S021,T2,academic,2022,23,23,16747,0.0013733803069206425,1672,0.01375598086124402
academic_T2::academic_T2_S021,T2,academic,2023,26,26,16747,0.0015525168686929003,2345,0.011087420042643924
academic_T2::academic_T2_S021,T2,academic,2024,42,42,16747,0.002507911864811608,3810,0.011023622047244094
academic_T2::academic_T2_S021,T2,academic,2025,26,26,16747,0.0015525168686929003,1952,0.01331967213114754
academic_T2::academic_T2_S024,T2,academic,2000,1,1,16747,5.971218725741924e-05,23,0.043478260869565216
academic_T2::academic_T2_S024,T2,academic,2001,0,0,16747,0.0,31,0.0
academic_T2::academic_T2_S024,T2,academic,2002,0,0,16747,0.0,39,0.0
academic_T2::academic_T2_S024,T2,academic,2003,1,1,16747,5.971218725741924e-05,48,0.020833333333333332
academic_T2::academic_T2_S024,T2,academic,2004,1,1,16747,5.971218725741924e-05,55,0.01818181818181818
academic_T2::academic_T2_S024,T2,academic,2005,0,0,16747,0.0,48,0.0
academic_T2::academic_T2_S024,T2,academic,2006,1,1,16747,5.971218725741924e-05,62,0.016129032258064516
academic_T2::academic_T2_S024,T2,academic,2007,0,0,16747,0.0,74,0.0
academic_T2::academic_T2_S024,T2,academic,2008,0,0,16747,0.0,96,0.0
academic_T2::academic_T2_S024,T2,academic,2009,0,0,16747,0.0,92,0.0
academic_T2::academic_T2_S024,T2,academic,2010,0,0,16747,0.0,126,0.0
academic_T2::academic_T2_S024,T2,academic,2011,0,0,16747,0.0,135,0.0
academic_T2::academic_T2_S024,T2,academic,2012,3,3,16747,0.00017913656177225771,193,0.015544041450777202
academic_T2::academic_T2_S024,T2,academic,2013,3,3,16747,0.00017913656177225771,228,0.013157894736842105
academic_T2::academic_T2_S024,T2,academic,2014,2,2,16747,0.00011942437451483848,253,0.007905138339920948
academic_T2::academic_T2_S024,T2,academic,2015,6,6,16747,0.00035827312354451543,290,0.020689655172413793
academic_T2::academic_T2_S024,T2,academic,2016,2,2,16747,0.00011942437451483848,331,0.006042296072507553
academic_T2::academic_T2_S024,T2,academic,2017,4,4,16747,0.00023884874902967696,411,0.009732360097323601
academic_T2::academic_T2_S024,T2,academic,2018,6,6,16747,0.00035827312354451543,664,0.009036144578313253
academic_T2::academic_T2_S024,T2,academic,2019,13,13,16747,0.0007762584343464501,1035,0.012560386473429951
academic_T2::academic_T2_S024,T2,academic,2020,8,8,16747,0.0004776974980593539,1211,0.006606110652353427
academic_T2::academic_T2_S024,T2,academic,2021,23,23,16747,0.0013733803069206425,1523,0.015101772816808929
academic_T2::academic_T2_S024,T2,academic,2022,27,27,16747,0.0016122290559503194,1672,0.016148325358851676
academic_T2::academic_T2_S024,T2,academic,2023,28,28,16747,0.0016719412432077386,2345,0.011940298507462687
academic_T2::academic_T2_S024,T2,academic,2024,64,64,16747,0.0038215799844748314,3810,0.01679790026246719
academic_T2::academic_T2_S024,T2,academic,2025,18,18,16747,0.0010748193706335463,1952,0.009221311475409836
academic_T2::academic_T2_S031,T2,academic,2000,0,0,16747,0.0,23,0.0
academic_T2::academic_T2_S031,T2,academic,2001,0,0,16747,0.0,31,0.0
academic_T2::academic_T2_S031,T2,academic,2002,0,0,16747,0.0,39,0.0
academic_T2::academic_T2_S031,T2,academic,2003,0,0,16747,0.0,48,0.0
academic_T2::academic_T2_S031,T2,academic,2004,0,0,16747,0.0,55,0.0
academic_T2::academic_T2_S031,T2,academic,2005,1,1,16747,5.971218725741924e-05,48,0.020833333333333332
academic_T2::academic_T2_S031,T2,academic,2006,0,0,16747,0.0,62,0.0
academic_T2::academic_T2_S031,T2,academic,2007,1,1,16747,5.971218725741924e-05,74,0.013513513513513514
academic_T2::academic_T2_S031,T2,academic,2008,2,2,16747,0.00011942437451483848,96,0.020833333333333332
academic_T2::academic_T2_S031,T2,academic,2009,0,0,16747,0.0,92,0.0
academic_T2::academic_T2_S031,T2,academic,2010,0,0,16747,0.0,126,0.0
academic_T2::academic_T2_S031,T2,academic,2011,0,0,16747,0.0,135,0.0
academic_T2::academic_T2_S031,T2,academic,2012,2,2,16747,0.00011942437451483848,193,0.010362694300518135
academic_T2::academic_T2_S031,T2,academic,2013,1,1,16747,5.971218725741924e-05,228,0.0043859649122807015
academic_T2::academic_T2_S031,T2,academic,2014,4,4,16747,0.00023884874902967696,253,0.015810276679841896
academic_T2::academic_T2_S031,T2,academic,2015,6,6,16747,0.00035827312354451543,290,0.020689655172413793
academic_T2::academic_T2_S031,T2,academic,2016,4,4,16747,0.00023884874902967696,331,0.012084592145015106
academic_T2::academic_T2_S031,T2,academic,2017,3,3,16747,0.00017913656177225771,411,0.0072992700729927005
academic_T2::academic_T2_S031,T2,academic,2018,4,4,16747,0.00023884874902967696,664,0.006024096385542169
academic_T2::academic_T2_S031,T2,academic,2019,15,15,16747,0.0008956828088612886,1035,0.014492753623188406
academic_T2::academic_T2_S031,T2,academic,2020,16,16,16747,0.0009553949961187078,1211,0.013212221304706853
academic_T2::academic_T2_S031,T2,academic,2021,24,24,16747,0.0014330924941780617,1523,0.015758371634931056
academic_T2::academic_T2_S031,T2,academic,2022,21,21,16747,0.001253955932405804,1672,0.012559808612440191
academic_T2::academic_T2_S031,T2,academic,2023,28,28,16747,0.0016719412432077386,2345,0.011940298507462687
academic_T2::academic_T2_S031,T2,academic,2024,33,33,16747,0.001970502179494835,3810,0.008661417322834646
academic_T2::academic_T2_S031,T2,academic,2025,15,15,16747,0.0008956828088612886,1952,0.007684426229508197
academic_T2::academic_T2_S054,T2,academic,2000,0,0,16747,0.0,23,0.0
academic_T2::academic_T2_S054,T2,academic,2001,0,0,16747,0.0,31,0.0
academic_T2::academic_T2_S054,T2,academic,2002,0,0,16747,0.0,39,0.0
academic_T2::academic_T2_S054,T2,academic,2003,1,1,16747,5.971218725741924e-05,48,0.020833333333333332
academic_T2::academic_T2_S054,T2,academic,2004,0,0,16747,0.0,55,0.0
academic_T2::academic_T2_S054,T2,academic,2005,0,0,16747,0.0,48,0.0
academic_T2::academic_T2_S054,T2,academic,2006,0,0,16747,0.0,62,0.0
academic_T2::academic_T2_S054,T2,academic,2007,0,0,16747,0.0,74,0.0
academic_T2::academic_T2_S054,T2,academic,2008,0,0,16747,0.0,96,0.0
academic_T2::academic_T2_S054,T2,academic,2009,0,0,16747,0.0,92,0.0
academic_T2::academic_T2_S054,T2,academic,2010,0,0,16747,0.0,126,0.0
academic_T2::academic_T2_S054,T2,academic,2011,0,0,16747,0.0,135,0.0
academic_T2::academic_T2_S054,T2,academic,2012,0,0,16747,0.0,193,0.0
academic_T2::academic_T2_S054,T2,academic,2013,1,1,16747,5.971218725741924e-05,228,0.0043859649122807015
academic_T2::academic_T2_S054,T2,academic,2014,1,1,16747,5.971218725741924e-05,253,0.003952569169960474
academic_T2::academic_T2_S054,T2,academic,2015,3,3,16747,0.00017913656177225771,290,0.010344827586206896
academic_T2::academic_T2_S054,T2,academic,2016,2,2,16747,0.00011942437451483848,331,0.006042296072507553
academic_T2::academic_T2_S054,T2,academic,2017,5,5,16747,0.0002985609362870962,411,0.012165450121654502
academic_T2::academic_T2_S054,T2,academic,2018,9,9,16747,0.0005374096853167731,664,0.01355421686746988
academic_T2::academic_T2_S054,T2,academic,2019,5,5,16747,0.0002985609362870962,1035,0.004830917874396135
academic_T2::academic_T2_S054,T2,academic,2020,5,5,16747,0.0002985609362870962,1211,0.004128819157720892
academic_T2::academic_T2_S054,T2,academic,2021,6,6,16747,0.00035827312354451543,1523,0.003939592908732764
academic_T2::academic_T2_S054,T2,academic,2022,15,15,16747,0.0008956828088612886,1672,0.008971291866028708
academic_T2::academic_T2_S054,T2,academic,2023,13,13,16747,0.0007762584343464501,2345,0.005543710021321962
academic_T2::academic_T2_S054,T2,academic,2024,30,30,16747,0.0017913656177225771,3810,0.007874015748031496
academic_T2::academic_T2_S054,T2,academic,2025,13,13,16747,0.0007762584343464501,1952,0.00665983606557377
academic_T2::academic_T2_S056,T2,academic,2000,1,1,16747,5.971218725741924e-05,23,0.043478260869565216
academic_T2::academic_T2_S056,T2,academic,2001,3,3,16747,0.00017913656177225771,31,0.0967741935483871
academic_T2::academic_T2_S056,T2,academic,2002,1,1,16747,5.971218725741924e-05,39,0.02564102564102564
academic_T2::academic_T2_S056,T2,academic,2003,1,1,16747,5.971218725741924e-05,48,0.020833333333333332
academic_T2::academic_T2_S056,T2,academic,2004,4,4,16747,0.00023884874902967696,55,0.07272727272727272
academic_T2::academic_T2_S056,T2,academic,2005,0,0,16747,0.0,48,0.0
academic_T2::academic_T2_S056,T2,academic,2006,7,7,16747,0.00041798531080193465,62,0.11290322580645161
academic_T2::academic_T2_S056,T2,academic,2007,2,2,16747,0.00011942437451483848,74,0.02702702702702703
academic_T2::academic_T2_S056,T2,academic,2008,1,1,16747,5.971218725741924e-05,96,0.010416666666666666
academic_T2::academic_T2_S056,T2,academic,2009,5,5,16747,0.0002985609362870962,92,0.05434782608695652
academic_T2::academic_T2_S056,T2,academic,2010,1,1,16747,5.971218725741924e-05,126,0.007936507936507936
academic_T2::academic_T2_S056,T2,academic,2011,2,2,16747,0.00011942437451483848,135,0.014814814814814815
academic_T2::academic_T2_S056,T2,academic,2012,3,3,16747,0.00017913656177225771,193,0.015544041450777202
academic_T2::academic_T2_S056,T2,academic,2013,5,5,16747,0.0002985609362870962,228,0.021929824561403508
academic_T2::academic_T2_S056,T2,academic,2014,3,3,16747,0.00017913656177225771,253,0.011857707509881422
academic_T2::academic_T2_S056,T2,academic,2015,7,7,16747,0.00041798531080193465,290,0.02413793103448276
academic_T2::academic_T2_S056,T2,academic,2016,3,3,16747,0.00017913656177225771,331,0.00906344410876133
academic_T2::academic_T2_S056,T2,academic,2017,8,8,16747,0.0004776974980593539,411,0.019464720194647202
academic_T2::academic_T2_S056,T2,academic,2018,4,4,16747,0.00023884874902967696,664,0.006024096385542169
academic_T2::academic_T2_S056,T2,academic,2019,11,11,16747,0.0006568340598316116,1035,0.010628019323671498
academic_T2::academic_T2_S056,T2,academic,2020,8,8,16747,0.0004776974980593539,1211,0.006606110652353427
academic_T2::academic_T2_S056,T2,academic,2021,9,9,16747,0.0005374096853167731,1523,0.005909389363099146
academic_T2::academic_T2_S056,T2,academic,2022,1,1,16747,5.971218725741924e-05,1672,0.0005980861244019139
academic_T2::academic_T2_S056,T2,academic,2023,9,9,16747,0.0005374096853167731,2345,0.003837953091684435
academic_T2::academic_T2_S056,T2,academic,2024,3,3,16747,0.00017913656177225771,3810,0.0007874015748031496
academic_T2::academic_T2_S056,T2,academic,2025,4,4,16747,0.00023884874902967696,1952,0.0020491803278688526
academic_T2::academic_T2_S075,T2,academic,2000,1,1,16747,5.971218725741924e-05,23,0.043478260869565216
academic_T2::academic_T2_S075,T2,academic,2001,0,0,16747,0.0,31,0.0
academic_T2::academic_T2_S075,T2,academic,2002,0,0,16747,0.0,39,0.0
academic_T2::academic_T2_S075,T2,academic,2003,0,0,16747,0.0,48,0.0
academic_T2::academic_T2_S075,T2,academic,2004,0,0,16747,0.0,55,0.0
academic_T2::academic_T2_S075,T2,academic,2005,1,1,16747,5.971218725741924e-05,48,0.020833333333333332
academic_T2::academic_T2_S075,T2,academic,2006,0,0,16747,0.0,62,0.0
academic_T2::academic_T2_S075,T2,academic,2007,0,0,16747,0.0,74,0.0
academic_T2::academic_T2_S075,T2,academic,2008,0,0,16747,0.0,96,0.0
academic_T2::academic_T2_S075,T2,academic,2009,0,0,16747,0.0,92,0.0
academic_T2::academic_T2_S075,T2,academic,2010,0,0,16747,0.0,126,0.0
academic_T2::academic_T2_S075,T2,academic,2011,0,0,16747,0.0,135,0.0
academic_T2::academic_T2_S075,T2,academic,2012,1,1,16747,5.971218725741924e-05,193,0.0051813471502590676
academic_T2::academic_T2_S075,T2,academic,2013,1,1,16747,5.971218725741924e-05,228,0.0043859649122807015
academic_T2::academic_T2_S075,T2,academic,2014,1,1,16747,5.971218725741924e-05,253,0.003952569169960474
academic_T2::academic_T2_S075,T2,academic,2015,2,2,16747,0.00011942437451483848,290,0.006896551724137931
academic_T2::academic_T2_S075,T2,academic,2016,5,5,16747,0.0002985609362870962,331,0.015105740181268883
academic_T2::academic_T2_S075,T2,academic,2017,6,6,16747,0.00035827312354451543,411,0.014598540145985401
academic_T2::academic_T2_S075,T2,academic,2018,8,8,16747,0.0004776974980593539,664,0.012048192771084338
academic_T2::academic_T2_S075,T2,academic,2019,8,8,16747,0.0004776974980593539,1035,0.007729468599033816
academic_T2::academic_T2_S075,T2,academic,2020,10,10,16747,0.0005971218725741924,1211,0.008257638315441783
academic_T2::academic_T2_S075,T2,academic,2021,7,7,16747,0.00041798531080193465,1523,0.004596191726854892
academic_T2::academic_T2_S075,T2,academic,2022,4,4,16747,0.00023884874902967696,1672,0.0023923444976076554
academic_T2::academic_T2_S075,T2,academic,2023,4,4,16747,0.00023884874902967696,2345,0.0017057569296375266
academic_T2::academic_T2_S075,T2,academic,2024,7,7,16747,0.00041798531080193465,3810,0.001837270341207349
academic_T2::academic_T2_S075,T2,academic,2025,3,3,16747,0.00017913656177225771,1952,0.0015368852459016393
academic_T2::academic_T2_S076,T2,academic,2000,0,0,16747,0.0,23,0.0
academic_T2::academic_T2_S076,T2,academic,2001,0,0,16747,0.0,31,0.0
academic_T2::academic_T2_S076,T2,academic,2002,0,0,16747,0.0,39,0.0
academic_T2::academic_T2_S076,T2,academic,2003,0,0,16747,0.0,48,0.0
academic_T2::academic_T2_S076,T2,academic,2004,0,0,16747,0.0,55,0.0
academic_T2::academic_T2_S076,T2,academic,2005,0,0,16747,0.0,48,0.0
academic_T2::academic_T2_S076,T2,academic,2006,0,0,16747,0.0,62,0.0
academic_T2::academic_T2_S076,T2,academic,2007,0,0,16747,0.0,74,0.0
academic_T2::academic_T2_S076,T2,academic,2008,1,1,16747,5.971218725741924e-05,96,0.010416666666666666
academic_T2::academic_T2_S076,T2,academic,2009,1,1,16747,5.971218725741924e-05,92,0.010869565217391304
academic_T2::academic_T2_S076,T2,academic,2010,2,2,16747,0.00011942437451483848,126,0.015873015873015872
academic_T2::academic_T2_S076,T2,academic,2011,1,1,16747,5.971218725741924e-05,135,0.007407407407407408
academic_T2::academic_T2_S076,T2,academic,2012,1,1,16747,5.971218725741924e-05,193,0.0051813471502590676
academic_T2::academic_T2_S076,T2,academic,2013,1,1,16747,5.971218725741924e-05,228,0.0043859649122807015
academic_T2::academic_T2_S076,T2,academic,2014,0,0,16747,0.0,253,0.0
academic_T2::academic_T2_S076,T2,academic,2015,0,0,16747,0.0,290,0.0
academic_T2::academic_T2_S076,T2,academic,2016,2,2,16747,0.00011942437451483848,331,0.006042296072507553
academic_T2::academic_T2_S076,T2,academic,2017,1,1,16747,5.971218725741924e-05,411,0.0024330900243309003
academic_T2::academic_T2_S076,T2,academic,2018,1,1,16747,5.971218725741924e-05,664,0.0015060240963855422
academic_T2::academic_T2_S076,T2,academic,2019,1,1,16747,5.971218725741924e-05,1035,0.000966183574879227
academic_T2::academic_T2_S076,T2,academic,2020,8,8,16747,0.0004776974980593539,1211,0.006606110652353427
academic_T2::academic_T2_S076,T2,academic,2021,4,4,16747,0.00023884874902967696,1523,0.0026263952724885093
academic_T2::academic_T2_S076,T2,academic,2022,8,8,16747,0.0004776974980593539,1672,0.004784688995215311
academic_T2::academic_T2_S076,T2,academic,2023,5,5,16747,0.0002985609362870962,2345,0.0021321961620469083
academic_T2::academic_T2_S076,T2,academic,2024,17,17,16747,0.0010151071833761271,3810,0.004461942257217848
academic_T2::academic_T2_S076,T2,academic,2025,13,13,16747,0.0007762584343464501,1952,0.00665983606557377
academic_T2::academic_T2_S088,T2,academic,2000,1,1,16747,5.971218725741924e-05,23,0.043478260869565216
academic_T2::academic_T2_S088,T2,academic,2001,1,1,16747,5.971218725741924e-05,31,0.03225806451612903
academic_T2::academic_T2_S088,T2,academic,2002,2,2,16747,0.00011942437451483848,39,0.05128205128205128
academic_T2::academic_T2_S088,T2,academic,2003,1,1,16747,5.971218725741924e-05,48,0.020833333333333332
academic_T2::academic_T2_S088,T2,academic,2004,0,0,16747,0.0,55,0.0
academic_T2::academic_T2_S088,T2,academic,2005,1,1,16747,5.971218725741924e-05,48,0.020833333333333332
academic_T2::academic_T2_S088,T2,academic,2006,2,2,16747,0.00011942437451483848,62,0.03225806451612903
academic_T2::academic_T2_S088,T2,academic,2007,0,0,16747,0.0,74,0.0
academic_T2::academic_T2_S088,T2,academic,2008,3,3,16747,0.00017913656177225771,96,0.03125
academic_T2::academic_T2_S088,T2,academic,2009,1,1,16747,5.971218725741924e-05,92,0.010869565217391304
academic_T2::academic_T2_S088,T2,academic,2010,1,1,16747,5.971218725741924e-05,126,0.007936507936507936
academic_T2::academic_T2_S088,T2,academic,2011,1,1,16747,5.971218725741924e-05,135,0.007407407407407408
academic_T2::academic_T2_S088,T2,academic,2012,3,3,16747,0.00017913656177225771,193,0.015544041450777202
academic_T2::academic_T2_S088,T2,academic,2013,2,2,16747,0.00011942437451483848,228,0.008771929824561403
academic_T2::academic_T2_S088,T2,academic,2014,1,1,16747,5.971218725741924e-05,253,0.003952569169960474
academic_T2::academic_T2_S088,T2,academic,2015,2,2,16747,0.00011942437451483848,290,0.006896551724137931
academic_T2::academic_T2_S088,T2,academic,2016,3,3,16747,0.00017913656177225771,331,0.00906344410876133
academic_T2::academic_T2_S088,T2,academic,2017,3,3,16747,0.00017913656177225771,411,0.0072992700729927005
academic_T2::academic_T2_S088,T2,academic,2018,1,1,16747,5.971218725741924e-05,664,0.0015060240963855422
academic_T2::academic_T2_S088,T2,academic,2019,8,8,16747,0.0004776974980593539,1035,0.007729468599033816
academic_T2::academic_T2_S088,T2,academic,2020,1,1,16747,5.971218725741924e-05,1211,0.0008257638315441783
academic_T2::academic_T2_S088,T2,academic,2021,4,4,16747,0.00023884874902967696,1523,0.0026263952724885093
academic_T2::academic_T2_S088,T2,academic,2022,5,5,16747,0.0002985609362870962,1672,0.0029904306220095694
academic_T2::academic_T2_S088,T2,academic,2023,4,4,16747,0.00023884874902967696,2345,0.0017057569296375266
academic_T2::academic_T2_S088,T2,academic,2024,3,3,16747,0.00017913656177225771,3810,0.0007874015748031496
academic_T2::academic_T2_S088,T2,academic,2025,0,0,16747,0.0,1952,0.0
academic_T3::academic_T3_PG01,T3,academic,2000,2,2,59261,3.37490086228717e-05,88,0.022727272727272728
academic_T3::academic_T3_PG01,T3,academic,2001,3,3,59261,5.0623512934307556e-05,88,0.03409090909090909
academic_T3::academic_T3_PG01,T3,academic,2002,4,4,59261,6.74980172457434e-05,115,0.034782608695652174
academic_T3::academic_T3_PG01,T3,academic,2003,3,3,59261,5.0623512934307556e-05,141,0.02127659574468085
academic_T3::academic_T3_PG01,T3,academic,2004,12,12,59261,0.00020249405173723023,141,0.0851063829787234
academic_T3::academic_T3_PG01,T3,academic,2005,3,3,59261,5.0623512934307556e-05,167,0.017964071856287425
academic_T3::academic_T3_PG01,T3,academic,2006,11,11,59261,0.00018561954742579438,203,0.054187192118226604
academic_T3::academic_T3_PG01,T3,academic,2007,17,17,59261,0.0002868665732944095,256,0.06640625
academic_T3::academic_T3_PG01,T3,academic,2008,12,12,59261,0.00020249405173723023,310,0.03870967741935484
academic_T3::academic_T3_PG01,T3,academic,2009,14,14,59261,0.00023624306036010192,366,0.03825136612021858
academic_T3::academic_T3_PG01,T3,academic,2010,18,18,59261,0.0003037410776058453,510,0.03529411764705882
academic_T3::academic_T3_PG01,T3,academic,2011,19,19,59261,0.0003206155819172812,559,0.03398926654740608
academic_T3::academic_T3_PG01,T3,academic,2012,21,21,59261,0.0003543645905401529,737,0.028493894165535955
academic_T3::academic_T3_PG01,T3,academic,2013,35,35,59261,0.0005906076509002549,848,0.041273584905660375
academic_T3::academic_T3_PG01,T3,academic,2014,35,35,59261,0.0005906076509002549,986,0.035496957403651115
academic_T3::academic_T3_PG01,T3,academic,2015,43,43,59261,0.0007256036853917416,1111,0.0387038703870387
academic_T3::academic_T3_PG01,T3,academic,2016,42,42,59261,0.0007087291810803058,1187,0.03538331929233361
academic_T3::academic_T3_PG01,T3,academic,2017,50,50,59261,0.0008437252155717925,1573,0.03178639542275906
academic_T3::academic_T3_PG01,T3,academic,2018,68,68,59261,0.001147466293177638,2404,0.028286189683860232
academic_T3::academic_T3_PG01,T3,academic,2019,85,85,59261,0.0014343328664720473,3687,0.023053973420124763
academic_T3::academic_T3_PG01,T3,academic,2020,137,137,59261,0.0023118070906667115,4362,0.031407611187528654
academic_T3::academic_T3_PG01,T3,academic,2021,122,122,59261,0.002058689525995174,5381,0.022672365731276713
academic_T3::academic_T3_PG01,T3,academic,2022,163,163,59261,0.002750544202764044,6028,0.02704047777040478
academic_T3::academic_T3_PG01,T3,academic,2023,232,232,59261,0.003914885000253118,8480,0.027358490566037737
academic_T3::academic_T3_PG01,T3,academic,2024,368,368,59261,0.006209817586608393,13117,0.028055195547762445
academic_T3::academic_T3_PG01,T3,academic,2025,185,185,59261,0.0031217832976156326,6416,0.02883416458852868
academic_T3::academic_T3_PG02,T3,academic,2000,1,1,59261,1.687450431143585e-05,88,0.011363636363636364
academic_T3::academic_T3_PG02,T3,academic,2001,2,2,59261,3.37490086228717e-05,88,0.022727272727272728
academic_T3::academic_T3_PG02,T3,academic,2002,0,0,59261,0.0,115,0.0
academic_T3::academic_T3_PG02,T3,academic,2003,2,2,59261,3.37490086228717e-05,141,0.014184397163120567
academic_T3::academic_T3_PG02,T3,academic,2004,4,4,59261,6.74980172457434e-05,141,0.028368794326241134
academic_T3::academic_T3_PG02,T3,academic,2005,5,5,59261,8.437252155717925e-05,167,0.029940119760479042
academic_T3::academic_T3_PG02,T3,academic,2006,3,3,59261,5.0623512934307556e-05,203,0.014778325123152709
academic_T3::academic_T3_PG02,T3,academic,2007,7,7,59261,0.00011812153018005096,256,0.02734375
academic_T3::academic_T3_PG02,T3,academic,2008,5,5,59261,8.437252155717925e-05,310,0.016129032258064516
academic_T3::academic_T3_PG02,T3,academic,2009,9,9,59261,0.00015187053880292266,366,0.02459016393442623
academic_T3::academic_T3_PG02,T3,academic,2010,5,5,59261,8.437252155717925e-05,510,0.00980392156862745
academic_T3::academic_T3_PG02,T3,academic,2011,12,12,59261,0.00020249405173723023,559,0.02146690518783542
academic_T3::academic_T3_PG02,T3,academic,2012,18,18,59261,0.0003037410776058453,737,0.024423337856173677
academic_T3::academic_T3_PG02,T3,academic,2013,19,19,59261,0.0003206155819172812,848,0.02240566037735849
academic_T3::academic_T3_PG02,T3,academic,2014,23,23,59261,0.0003881135991630246,986,0.02332657200811359
academic_T3::academic_T3_PG02,T3,academic,2015,40,40,59261,0.000674980172457434,1111,0.036003600360036005
academic_T3::academic_T3_PG02,T3,academic,2016,41,41,59261,0.0006918546767688699,1187,0.03454085930918281
academic_T3::academic_T3_PG02,T3,academic,2017,37,37,59261,0.0006243566595231265,1573,0.023521932612841703
academic_T3::academic_T3_PG02,T3,academic,2018,71,71,59261,0.0011980898061119455,2404,0.029534109816971715
academic_T3::academic_T3_PG02,T3,academic,2019,84,84,59261,0.0014174583621606115,3687,0.022782750203417412
academic_T3::academic_T3_PG02,T3,academic,2020,115,115,59261,0.0019405679958151229,4362,0.026364053186611645
academic_T3::academic_T3_PG02,T3,academic,2021,144,144,59261,0.0024299286208467625,5381,0.026760825125441368
academic_T3::academic_T3_PG02,T3,academic,2022,171,171,59261,0.0028855402372555306,6028,0.028367617783676177
academic_T3::academic_T3_PG02,T3,academic,2023,275,275,59261,0.004640488685644859,8480,0.03242924528301887
academic_T3::academic_T3_PG02,T3,academic,2024,472,472,59261,0.007964766034997722,13117,0.035983837767782266
academic_T3::academic_T3_PG02,T3,academic,2025,270,270,59261,0.00455611616408768,6416,0.042082294264339154
academic_T3::academic_T3_PG04,T3,academic,2000,6,6,59261,0.00010124702586861511,88,0.06818181818181818
academic_T3::academic_T3_PG04,T3,academic,2001,6,6,59261,0.00010124702586861511,88,0.06818181818181818
academic_T3::academic_T3_PG04,T3,academic,2002,4,4,59261,6.74980172457434e-05,115,0.034782608695652174
academic_T3::academic_T3_PG04,T3,academic,2003,15,15,59261,0.0002531175646715378,141,0.10638297872340426
academic_T3::academic_T3_PG04,T3,academic,2004,17,17,59261,0.0002868665732944095,141,0.12056737588652482
academic_T3::academic_T3_PG04,T3,academic,2005,20,20,59261,0.000337490086228717,167,0.11976047904191617
academic_T3::academic_T3_PG04,T3,academic,2006,26,26,59261,0.00043873711209733215,203,0.12807881773399016
academic_T3::academic_T3_PG04,T3,academic,2007,25,25,59261,0.00042186260778589627,256,0.09765625
academic_T3::academic_T3_PG04,T3,academic,2008,47,47,59261,0.000793101702637485,310,0.15161290322580645
academic_T3::academic_T3_PG04,T3,academic,2009,41,41,59261,0.0006918546767688699,366,0.11202185792349727
academic_T3::academic_T3_PG04,T3,academic,2010,61,61,59261,0.001029344762997587,510,0.11960784313725491
academic_T3::academic_T3_PG04,T3,academic,2011,73,73,59261,0.0012318388147348172,559,0.13059033989266547
academic_T3::academic_T3_PG04,T3,academic,2012,100,100,59261,0.001687450431143585,737,0.13568521031207598
academic_T3::academic_T3_PG04,T3,academic,2013,121,121,59261,0.002041815021683738,848,0.14268867924528303
academic_T3::academic_T3_PG04,T3,academic,2014,136,136,59261,0.002294932586355276,986,0.13793103448275862
academic_T3::academic_T3_PG04,T3,academic,2015,132,132,59261,0.0022274345691095324,1111,0.1188118811881188
academic_T3::academic_T3_PG04,T3,academic,2016,156,156,59261,0.002632422672583993,1187,0.13142375737152484
academic_T3::academic_T3_PG04,T3,academic,2017,199,199,59261,0.0033580263579757346,1573,0.12650985378258106
academic_T3::academic_T3_PG04,T3,academic,2018,293,293,59261,0.0049442297632507045,2404,0.1218801996672213
academic_T3::academic_T3_PG04,T3,academic,2019,407,407,59261,0.006867923254754392,3687,0.11038784919989152
academic_T3::academic_T3_PG04,T3,academic,2020,499,499,59261,0.00842037765140649,4362,0.11439706556625401
academic_T3::academic_T3_PG04,T3,academic,2021,609,609,59261,0.010276573125664434,5381,0.11317598959301245
academic_T3::academic_T3_PG04,T3,academic,2022,659,659,59261,0.011120298341236226,6028,0.10932315859323159
academic_T3::academic_T3_PG04,T3,academic,2023,941,941,59261,0.015878908557061137,8480,0.11096698113207547
academic_T3::academic_T3_PG04,T3,academic,2024,1524,1524,59261,0.02571674457062824,13117,0.11618510330105969
academic_T3::academic_T3_PG04,T3,academic,2025,822,822,59261,0.01387084254400027,6416,0.12811720698254364
academic_T3::academic_T3_PG05,T3,academic,2000,1,1,59261,1.687450431143585e-05,88,0.011363636363636364
academic_T3::academic_T3_PG05,T3,academic,2001,3,3,59261,5.0623512934307556e-05,88,0.03409090909090909
academic_T3::academic_T3_PG05,T3,academic,2002,3,3,59261,5.0623512934307556e-05,115,0.02608695652173913
academic_T3::academic_T3_PG05,T3,academic,2003,6,6,59261,0.00010124702586861511,141,0.0425531914893617
academic_T3::academic_T3_PG05,T3,academic,2004,6,6,59261,0.00010124702586861511,141,0.0425531914893617
academic_T3::academic_T3_PG05,T3,academic,2005,10,10,59261,0.0001687450431143585,167,0.059880239520958084
academic_T3::academic_T3_PG05,T3,academic,2006,4,4,59261,6.74980172457434e-05,203,0.019704433497536946
academic_T3::academic_T3_PG05,T3,academic,2007,13,13,59261,0.00021936855604866607,256,0.05078125
academic_T3::academic_T3_PG05,T3,academic,2008,19,19,59261,0.0003206155819172812,310,0.06129032258064516
academic_T3::academic_T3_PG05,T3,academic,2009,12,12,59261,0.00020249405173723023,366,0.03278688524590164
academic_T3::academic_T3_PG05,T3,academic,2010,34,34,59261,0.000573733146588819,510,0.06666666666666667
academic_T3::academic_T3_PG05,T3,academic,2011,28,28,59261,0.00047248612072020384,559,0.05008944543828265
academic_T3::academic_T3_PG05,T3,academic,2012,43,43,59261,0.0007256036853917416,737,0.05834464043419267
academic_T3::academic_T3_PG05,T3,academic,2013,40,40,59261,0.000674980172457434,848,0.04716981132075472
academic_T3::academic_T3_PG05,T3,academic,2014,53,53,59261,0.0008943487285061002,986,0.0537525354969574
academic_T3::academic_T3_PG05,T3,academic,2015,61,61,59261,0.001029344762997587,1111,0.05490549054905491
academic_T3::academic_T3_PG05,T3,academic,2016,79,79,59261,0.0013330858406034323,1187,0.06655433866891322
academic_T3::academic_T3_PG05,T3,academic,2017,92,92,59261,0.0015524543966520983,1573,0.05848696757787667
academic_T3::academic_T3_PG05,T3,academic,2018,131,131,59261,0.0022105600647980964,2404,0.05449251247920133
academic_T3::academic_T3_PG05,T3,academic,2019,174,174,59261,0.002936163750189838,3687,0.047192839707078924
academic_T3::academic_T3_PG05,T3,academic,2020,168,168,59261,0.002834916724321223,4362,0.03851444291609354
academic_T3::academic_T3_PG05,T3,academic,2021,205,205,59261,0.0034592733838443497,5381,0.03809700799107973
academic_T3::academic_T3_PG05,T3,academic,2022,209,209,59261,0.003526771401090093,6028,0.03467153284671533
academic_T3::academic_T3_PG05,T3,academic,2023,306,306,59261,0.005163598319299371,8480,0.03608490566037736
academic_T3::academic_T3_PG05,T3,academic,2024,387,387,59261,0.006530433168525675,13117,0.02950369749180453
academic_T3::academic_T3_PG05,T3,academic,2025,200,200,59261,0.00337490086228717,6416,0.03117206982543641
academic_T3::academic_T3_PG06,T3,academic,2000,0,0,59261,0.0,88,0.0
academic_T3::academic_T3_PG06,T3,academic,2001,2,2,59261,3.37490086228717e-05,88,0.022727272727272728
academic_T3::academic_T3_PG06,T3,academic,2002,0,0,59261,0.0,115,0.0
academic_T3::academic_T3_PG06,T3,academic,2003,3,3,59261,5.0623512934307556e-05,141,0.02127659574468085
academic_T3::academic_T3_PG06,T3,academic,2004,1,1,59261,1.687450431143585e-05,141,0.0070921985815602835
academic_T3::academic_T3_PG06,T3,academic,2005,1,1,59261,1.687450431143585e-05,167,0.005988023952095809
academic_T3::academic_T3_PG06,T3,academic,2006,2,2,59261,3.37490086228717e-05,203,0.009852216748768473
academic_T3::academic_T3_PG06,T3,academic,2007,4,4,59261,6.74980172457434e-05,256,0.015625
academic_T3::academic_T3_PG06,T3,academic,2008,3,3,59261,5.0623512934307556e-05,310,0.00967741935483871
academic_T3::academic_T3_PG06,T3,academic,2009,4,4,59261,6.74980172457434e-05,366,0.01092896174863388
academic_T3::academic_T3_PG06,T3,academic,2010,2,2,59261,3.37490086228717e-05,510,0.00392156862745098
academic_T3::academic_T3_PG06,T3,academic,2011,1,1,59261,1.687450431143585e-05,559,0.0017889087656529517
academic_T3::academic_T3_PG06,T3,academic,2012,2,2,59261,3.37490086228717e-05,737,0.0027137042062415195
academic_T3::academic_T3_PG06,T3,academic,2013,5,5,59261,8.437252155717925e-05,848,0.00589622641509434
academic_T3::academic_T3_PG06,T3,academic,2014,11,11,59261,0.00018561954742579438,986,0.011156186612576065
academic_T3::academic_T3_PG06,T3,academic,2015,7,7,59261,0.00011812153018005096,1111,0.0063006300630063005
academic_T3::academic_T3_PG06,T3,academic,2016,7,7,59261,0.00011812153018005096,1187,0.005897219882055603
academic_T3::academic_T3_PG06,T3,academic,2017,12,12,59261,0.00020249405173723023,1573,0.007628734901462174
academic_T3::academic_T3_PG06,T3,academic,2018,21,21,59261,0.0003543645905401529,2404,0.008735440931780365
academic_T3::academic_T3_PG06,T3,academic,2019,28,28,59261,0.00047248612072020384,3687,0.007594250067805804
academic_T3::academic_T3_PG06,T3,academic,2020,51,51,59261,0.0008605997198832284,4362,0.011691884456671253
academic_T3::academic_T3_PG06,T3,academic,2021,91,91,59261,0.0015355798923406625,5381,0.016911354766771976
academic_T3::academic_T3_PG06,T3,academic,2022,128,128,59261,0.002159936551863789,6028,0.021234240212342402
academic_T3::academic_T3_PG06,T3,academic,2023,184,184,59261,0.0031049087933041966,8480,0.02169811320754717
academic_T3::academic_T3_PG06,T3,academic,2024,314,314,59261,0.005298594353790857,13117,0.023938400548906
academic_T3::academic_T3_PG06,T3,academic,2025,161,161,59261,0.002716795194141172,6416,0.025093516209476308
academic_T3::academic_T3_PG07,T3,academic,2000,3,3,59261,5.0623512934307556e-05,88,0.03409090909090909
academic_T3::academic_T3_PG07,T3,academic,2001,2,2,59261,3.37490086228717e-05,88,0.022727272727272728
academic_T3::academic_T3_PG07,T3,academic,2002,6,6,59261,0.00010124702586861511,115,0.05217391304347826
academic_T3::academic_T3_PG07,T3,academic,2003,10,10,59261,0.0001687450431143585,141,0.07092198581560284
academic_T3::academic_T3_PG07,T3,academic,2004,6,6,59261,0.00010124702586861511,141,0.0425531914893617
academic_T3::academic_T3_PG07,T3,academic,2005,8,8,59261,0.0001349960344914868,167,0.04790419161676647
academic_T3::academic_T3_PG07,T3,academic,2006,4,4,59261,6.74980172457434e-05,203,0.019704433497536946
academic_T3::academic_T3_PG07,T3,academic,2007,8,8,59261,0.0001349960344914868,256,0.03125
academic_T3::academic_T3_PG07,T3,academic,2008,10,10,59261,0.0001687450431143585,310,0.03225806451612903
academic_T3::academic_T3_PG07,T3,academic,2009,19,19,59261,0.0003206155819172812,366,0.05191256830601093
academic_T3::academic_T3_PG07,T3,academic,2010,26,26,59261,0.00043873711209733215,510,0.050980392156862744
academic_T3::academic_T3_PG07,T3,academic,2011,19,19,59261,0.0003206155819172812,559,0.03398926654740608
academic_T3::academic_T3_PG07,T3,academic,2012,36,36,59261,0.0006074821552116906,737,0.048846675712347354
academic_T3::academic_T3_PG07,T3,academic,2013,31,31,59261,0.0005231096336545114,848,0.036556603773584904
academic_T3::academic_T3_PG07,T3,academic,2014,34,34,59261,0.000573733146588819,986,0.034482758620689655
academic_T3::academic_T3_PG07,T3,academic,2015,32,32,59261,0.0005399841379659472,1111,0.0288028802880288
academic_T3::academic_T3_PG07,T3,academic,2016,34,34,59261,0.000573733146588819,1187,0.02864363942712721
academic_T3::academic_T3_PG07,T3,academic,2017,42,42,59261,0.0007087291810803058,1573,0.02670057215511761
academic_T3::academic_T3_PG07,T3,academic,2018,46,46,59261,0.0007762271983260492,2404,0.01913477537437604
academic_T3::academic_T3_PG07,T3,academic,2019,89,89,59261,0.0015018308837177908,3687,0.024138866286954164
academic_T3::academic_T3_PG07,T3,academic,2020,77,77,59261,0.0012993368319805605,4362,0.017652453003209535
academic_T3::academic_T3_PG07,T3,academic,2021,84,84,59261,0.0014174583621606115,5381,0.01561048132317413
academic_T3::academic_T3_PG07,T3,academic,2022,122,122,59261,0.002058689525995174,6028,0.02023888520238885
academic_T3::academic_T3_PG07,T3,academic,2023,138,138,59261,0.0023286815949781475,8480,0.016273584905660377
academic_T3::academic_T3_PG07,T3,academic,2024,247,247,59261,0.004168002564924655,13117,0.018830525272547076
academic_T3::academic_T3_PG07,T3,academic,2025,103,103,59261,0.0017380739440778928,6416,0.01605361596009975
academic_T3::academic_T3_PG08,T3,academic,2000,10,10,59261,0.0001687450431143585,88,0.11363636363636363
academic_T3::academic_T3_PG08,T3,academic,2001,5,5,59261,8.437252155717925e-05,88,0.056818181818181816
academic_T3::academic_T3_PG08,T3,academic,2002,10,10,59261,0.0001687450431143585,115,0.08695652173913043
academic_T3::academic_T3_PG08,T3,academic,2003,6,6,59261,0.00010124702586861511,141,0.0425531914893617
academic_T3::academic_T3_PG08,T3,academic,2004,11,11,59261,0.00018561954742579438,141,0.07801418439716312
academic_T3::academic_T3_PG08,T3,academic,2005,8,8,59261,0.0001349960344914868,167,0.04790419161676647
academic_T3::academic_T3_PG08,T3,academic,2006,11,11,59261,0.00018561954742579438,203,0.054187192118226604
academic_T3::academic_T3_PG08,T3,academic,2007,22,22,59261,0.00037123909485158876,256,0.0859375
academic_T3::academic_T3_PG08,T3,academic,2008,18,18,59261,0.0003037410776058453,310,0.05806451612903226
academic_T3::academic_T3_PG08,T3,academic,2009,18,18,59261,0.0003037410776058453,366,0.04918032786885246
academic_T3::academic_T3_PG08,T3,academic,2010,35,35,59261,0.0005906076509002549,510,0.06862745098039216
academic_T3::academic_T3_PG08,T3,academic,2011,39,39,59261,0.0006581056681459982,559,0.06976744186046512
academic_T3::academic_T3_PG08,T3,academic,2012,48,48,59261,0.0008099762069489209,737,0.06512890094979647
academic_T3::academic_T3_PG08,T3,academic,2013,57,57,59261,0.0009618467457518436,848,0.06721698113207547
academic_T3::academic_T3_PG08,T3,academic,2014,70,70,59261,0.0011812153018005097,986,0.07099391480730223
academic_T3::academic_T3_PG08,T3,academic,2015,64,64,59261,0.0010799682759318945,1111,0.0576057605760576
academic_T3::academic_T3_PG08,T3,academic,2016,105,105,59261,0.0017718229527007644,1187,0.08845829823083404
academic_T3::academic_T3_PG08,T3,academic,2017,146,146,59261,0.0024636776294696345,1573,0.09281627463445645
academic_T3::academic_T3_PG08,T3,academic,2018,228,228,59261,0.0038473869830073742,2404,0.09484193011647254
academic_T3::academic_T3_PG08,T3,academic,2019,282,282,59261,0.00475861021582491,3687,0.07648494711147275
academic_T3::academic_T3_PG08,T3,academic,2020,389,389,59261,0.006564182177148546,4362,0.08917927556166896
academic_T3::academic_T3_PG08,T3,academic,2021,512,512,59261,0.008639746207455156,5381,0.09514960044601375
academic_T3::academic_T3_PG08,T3,academic,2022,523,523,59261,0.008825365754880951,6028,0.08676177836761778
academic_T3::academic_T3_PG08,T3,academic,2023,768,768,59261,0.012959619311182734,8480,0.09056603773584905
academic_T3::academic_T3_PG08,T3,academic,2024,1016,1016,59261,0.017144496380418824,13117,0.0774567355340398
academic_T3::academic_T3_PG08,T3,academic,2025,516,516,59261,0.0087072442247009,6416,0.08042394014962594
academic_T3::academic_T3_PG09,T3,academic,2000,0,0,59261,0.0,88,0.0
academic_T3::academic_T3_PG09,T3,academic,2001,0,0,59261,0.0,88,0.0
academic_T3::academic_T3_PG09,T3,academic,2002,3,3,59261,5.0623512934307556e-05,115,0.02608695652173913
academic_T3::academic_T3_PG09,T3,academic,2003,5,5,59261,8.437252155717925e-05,141,0.03546099290780142
academic_T3::academic_T3_PG09,T3,academic,2004,1,1,59261,1.687450431143585e-05,141,0.0070921985815602835
academic_T3::academic_T3_PG09,T3,academic,2005,3,3,59261,5.0623512934307556e-05,167,0.017964071856287425
academic_T3::academic_T3_PG09,T3,academic,2006,3,3,59261,5.0623512934307556e-05,203,0.014778325123152709
academic_T3::academic_T3_PG09,T3,academic,2007,1,1,59261,1.687450431143585e-05,256,0.00390625
academic_T3::academic_T3_PG09,T3,academic,2008,1,1,59261,1.687450431143585e-05,310,0.0032258064516129032
academic_T3::academic_T3_PG09,T3,academic,2009,7,7,59261,0.00011812153018005096,366,0.01912568306010929
academic_T3::academic_T3_PG09,T3,academic,2010,7,7,59261,0.00011812153018005096,510,0.013725490196078431
academic_T3::academic_T3_PG09,T3,academic,2011,17,17,59261,0.0002868665732944095,559,0.03041144901610018
academic_T3::academic_T3_PG09,T3,academic,2012,29,29,59261,0.0004893606250316397,737,0.03934871099050204
academic_T3::academic_T3_PG09,T3,academic,2013,33,33,59261,0.0005568586422773831,848,0.03891509433962264
academic_T3::academic_T3_PG09,T3,academic,2014,27,27,59261,0.00045561161640876797,986,0.02738336713995943
academic_T3::academic_T3_PG09,T3,academic,2015,36,36,59261,0.0006074821552116906,1111,0.032403240324032405
academic_T3::academic_T3_PG09,T3,academic,2016,42,42,59261,0.0007087291810803058,1187,0.03538331929233361
academic_T3::academic_T3_PG09,T3,academic,2017,43,43,59261,0.0007256036853917416,1573,0.02733630006357279
academic_T3::academic_T3_PG09,T3,academic,2018,61,61,59261,0.001029344762997587,2404,0.025374376039933443
academic_T3::academic_T3_PG09,T3,academic,2019,111,111,59261,0.0018730699785693796,3687,0.030105777054515868
academic_T3::academic_T3_PG09,T3,academic,2020,138,138,59261,0.0023286815949781475,4362,0.03163686382393398
academic_T3::academic_T3_PG09,T3,academic,2021,188,188,59261,0.00317240681054994,5381,0.03493774391377068
academic_T3::academic_T3_PG09,T3,academic,2022,199,199,59261,0.0033580263579757346,6028,0.03301260783012608
academic_T3::academic_T3_PG09,T3,academic,2023,323,323,59261,0.0054504648925937805,8480,0.03808962264150943
academic_T3::academic_T3_PG09,T3,academic,2024,507,507,59261,0.008555373685897977,13117,0.03865213082259663
academic_T3::academic_T3_PG09,T3,academic,2025,251,251,59261,0.004235500582170398,6416,0.03912094763092269
academic_T3::academic_T3_PG10,T3,academic,2000,3,3,59261,5.0623512934307556e-05,88,0.03409090909090909
academic_T3::academic_T3_PG10,T3,academic,2001,2,2,59261,3.37490086228717e-05,88,0.022727272727272728
academic_T3::academic_T3_PG10,T3,academic,2002,2,2,59261,3.37490086228717e-05,115,0.017391304347826087
academic_T3::academic_T3_PG10,T3,academic,2003,3,3,59261,5.0623512934307556e-05,141,0.02127659574468085
academic_T3::academic_T3_PG10,T3,academic,2004,1,1,59261,1.687450431143585e-05,141,0.0070921985815602835
academic_T3::academic_T3_PG10,T3,academic,2005,7,7,59261,0.00011812153018005096,167,0.041916167664670656
academic_T3::academic_T3_PG10,T3,academic,2006,1,1,59261,1.687450431143585e-05,203,0.0049261083743842365
academic_T3::academic_T3_PG10,T3,academic,2007,3,3,59261,5.0623512934307556e-05,256,0.01171875
academic_T3::academic_T3_PG10,T3,academic,2008,3,3,59261,5.0623512934307556e-05,310,0.00967741935483871
academic_T3::academic_T3_PG10,T3,academic,2009,14,14,59261,0.00023624306036010192,366,0.03825136612021858
academic_T3::academic_T3_PG10,T3,academic,2010,11,11,59261,0.00018561954742579438,510,0.021568627450980392
academic_T3::academic_T3_PG10,T3,academic,2011,13,13,59261,0.00021936855604866607,559,0.023255813953488372
academic_T3::academic_T3_PG10,T3,academic,2012,26,26,59261,0.00043873711209733215,737,0.035278154681139755
academic_T3::academic_T3_PG10,T3,academic,2013,24,24,59261,0.00040498810347446045,848,0.02830188679245283
academic_T3::academic_T3_PG10,T3,academic,2014,30,30,59261,0.0005062351293430756,986,0.030425963488843813
academic_T3::academic_T3_PG10,T3,academic,2015,29,29,59261,0.0004893606250316397,1111,0.026102610261026102
academic_T3::academic_T3_PG10,T3,academic,2016,27,27,59261,0.00045561161640876797,1187,0.02274641954507161
academic_T3::academic_T3_PG10,T3,academic,2017,44,44,59261,0.0007424781897031775,1573,0.027972027972027972
academic_T3::academic_T3_PG10,T3,academic,2018,52,52,59261,0.0008774742241946643,2404,0.021630615640599003
academic_T3::academic_T3_PG10,T3,academic,2019,90,90,59261,0.0015187053880292266,3687,0.024410089503661515
academic_T3::academic_T3_PG10,T3,academic,2020,92,92,59261,0.0015524543966520983,4362,0.02109124254928932
academic_T3::academic_T3_PG10,T3,academic,2021,124,124,59261,0.0020924385346180454,5381,0.023044043858018955
academic_T3::academic_T3_PG10,T3,academic,2022,131,131,59261,0.0022105600647980964,6028,0.021731917717319176
academic_T3::academic_T3_PG10,T3,academic,2023,188,188,59261,0.00317240681054994,8480,0.022169811320754716
academic_T3::academic_T3_PG10,T3,academic,2024,283,283,59261,0.004775484720136346,13117,0.02157505527178471
academic_T3::academic_T3_PG10,T3,academic,2025,138,138,59261,0.0023286815949781475,6416,0.021508728179551122
academic_T3::academic_T3_PG11,T3,academic,2000,2,2,59261,3.37490086228717e-05,88,0.022727272727272728
academic_T3::academic_T3_PG11,T3,academic,2001,1,1,59261,1.687450431143585e-05,88,0.011363636363636364
academic_T3::academic_T3_PG11,T3,academic,2002,1,1,59261,1.687450431143585e-05,115,0.008695652173913044
academic_T3::academic_T3_PG11,T3,academic,2003,1,1,59261,1.687450431143585e-05,141,0.0070921985815602835
academic_T3::academic_T3_PG11,T3,academic,2004,0,0,59261,0.0,141,0.0
academic_T3::academic_T3_PG11,T3,academic,2005,1,1,59261,1.687450431143585e-05,167,0.005988023952095809
academic_T3::academic_T3_PG11,T3,academic,2006,2,2,59261,3.37490086228717e-05,203,0.009852216748768473
academic_T3::academic_T3_PG11,T3,academic,2007,6,6,59261,0.00010124702586861511,256,0.0234375
academic_T3::academic_T3_PG11,T3,academic,2008,10,10,59261,0.0001687450431143585,310,0.03225806451612903
academic_T3::academic_T3_PG11,T3,academic,2009,6,6,59261,0.00010124702586861511,366,0.01639344262295082
academic_T3::academic_T3_PG11,T3,academic,2010,8,8,59261,0.0001349960344914868,510,0.01568627450980392
academic_T3::academic_T3_PG11,T3,academic,2011,9,9,59261,0.00015187053880292266,559,0.016100178890876567
academic_T3::academic_T3_PG11,T3,academic,2012,14,14,59261,0.00023624306036010192,737,0.018995929443690638
academic_T3::academic_T3_PG11,T3,academic,2013,20,20,59261,0.000337490086228717,848,0.02358490566037736
academic_T3::academic_T3_PG11,T3,academic,2014,18,18,59261,0.0003037410776058453,986,0.018255578093306288
academic_T3::academic_T3_PG11,T3,academic,2015,13,13,59261,0.00021936855604866607,1111,0.011701170117011701
academic_T3::academic_T3_PG11,T3,academic,2016,14,14,59261,0.00023624306036010192,1187,0.011794439764111205
academic_T3::academic_T3_PG11,T3,academic,2017,16,16,59261,0.0002699920689829736,1573,0.010171646535282899
academic_T3::academic_T3_PG11,T3,academic,2018,44,44,59261,0.0007424781897031775,2404,0.018302828618968387
academic_T3::academic_T3_PG11,T3,academic,2019,82,82,59261,0.0013837093535377398,3687,0.022240303770002714
academic_T3::academic_T3_PG11,T3,academic,2020,71,71,59261,0.0011980898061119455,4362,0.016276937184777625
academic_T3::academic_T3_PG11,T3,academic,2021,79,79,59261,0.0013330858406034323,5381,0.014681286006318527
academic_T3::academic_T3_PG11,T3,academic,2022,96,96,59261,0.0016199524138978418,6028,0.015925680159256803
academic_T3::academic_T3_PG11,T3,academic,2023,110,110,59261,0.0018561954742579436,8480,0.012971698113207548
academic_T3::academic_T3_PG11,T3,academic,2024,135,135,59261,0.00227805808204384,13117,0.010291987497141115
academic_T3::academic_T3_PG11,T3,academic,2025,64,64,59261,0.0010799682759318945,6416,0.00997506234413965
academic_T3::academic_T3_PG12,T3,academic,2000,2,2,59261,3.37490086228717e-05,88,0.022727272727272728
academic_T3::academic_T3_PG12,T3,academic,2001,4,4,59261,6.74980172457434e-05,88,0.045454545454545456
academic_T3::academic_T3_PG12,T3,academic,2002,10,10,59261,0.0001687450431143585,115,0.08695652173913043
academic_T3::academic_T3_PG12,T3,academic,2003,5,5,59261,8.437252155717925e-05,141,0.03546099290780142
academic_T3::academic_T3_PG12,T3,academic,2004,6,6,59261,0.00010124702586861511,141,0.0425531914893617
academic_T3::academic_T3_PG12,T3,academic,2005,5,5,59261,8.437252155717925e-05,167,0.029940119760479042
academic_T3::academic_T3_PG12,T3,academic,2006,9,9,59261,0.00015187053880292266,203,0.04433497536945813
academic_T3::academic_T3_PG12,T3,academic,2007,13,13,59261,0.00021936855604866607,256,0.05078125
academic_T3::academic_T3_PG12,T3,academic,2008,15,15,59261,0.0002531175646715378,310,0.04838709677419355
academic_T3::academic_T3_PG12,T3,academic,2009,12,12,59261,0.00020249405173723023,366,0.03278688524590164
academic_T3::academic_T3_PG12,T3,academic,2010,15,15,59261,0.0002531175646715378,510,0.029411764705882353
academic_T3::academic_T3_PG12,T3,academic,2011,26,26,59261,0.00043873711209733215,559,0.046511627906976744
academic_T3::academic_T3_PG12,T3,academic,2012,25,25,59261,0.00042186260778589627,737,0.033921302578018994
academic_T3::academic_T3_PG12,T3,academic,2013,31,31,59261,0.0005231096336545114,848,0.036556603773584904
academic_T3::academic_T3_PG12,T3,academic,2014,36,36,59261,0.0006074821552116906,986,0.036511156186612576
academic_T3::academic_T3_PG12,T3,academic,2015,35,35,59261,0.0005906076509002549,1111,0.0315031503150315
academic_T3::academic_T3_PG12,T3,academic,2016,28,28,59261,0.00047248612072020384,1187,0.02358887952822241
academic_T3::academic_T3_PG12,T3,academic,2017,58,58,59261,0.0009787212500632794,1573,0.036872218690400506
academic_T3::academic_T3_PG12,T3,academic,2018,82,82,59261,0.0013837093535377398,2404,0.03410981697171381
academic_T3::academic_T3_PG12,T3,academic,2019,111,111,59261,0.0018730699785693796,3687,0.030105777054515868
academic_T3::academic_T3_PG12,T3,academic,2020,107,107,59261,0.001805571961323636,4362,0.024530032095369098
academic_T3::academic_T3_PG12,T3,academic,2021,134,134,59261,0.002261183577732404,5381,0.02490243449173016
academic_T3::academic_T3_PG12,T3,academic,2022,117,117,59261,0.001974317004437995,6028,0.019409422694094226
academic_T3::academic_T3_PG12,T3,academic,2023,142,142,59261,0.002396179612223891,8480,0.016745283018867924
academic_T3::academic_T3_PG12,T3,academic,2024,203,203,59261,0.0034255243752214777,13117,0.015476099717923306
academic_T3::academic_T3_PG12,T3,academic,2025,77,77,59261,0.0012993368319805605,6416,0.012001246882793018
academic_T3::academic_T3_PG13,T3,academic,2000,2,2,59261,3.37490086228717e-05,88,0.022727272727272728
academic_T3::academic_T3_PG13,T3,academic,2001,1,1,59261,1.687450431143585e-05,88,0.011363636363636364
academic_T3::academic_T3_PG13,T3,academic,2002,3,3,59261,5.0623512934307556e-05,115,0.02608695652173913
academic_T3::academic_T3_PG13,T3,academic,2003,1,1,59261,1.687450431143585e-05,141,0.0070921985815602835
academic_T3::academic_T3_PG13,T3,academic,2004,4,4,59261,6.74980172457434e-05,141,0.028368794326241134
academic_T3::academic_T3_PG13,T3,academic,2005,5,5,59261,8.437252155717925e-05,167,0.029940119760479042
academic_T3::academic_T3_PG13,T3,academic,2006,5,5,59261,8.437252155717925e-05,203,0.024630541871921183
academic_T3::academic_T3_PG13,T3,academic,2007,10,10,59261,0.0001687450431143585,256,0.0390625
academic_T3::academic_T3_PG13,T3,academic,2008,11,11,59261,0.00018561954742579438,310,0.035483870967741936
academic_T3::academic_T3_PG13,T3,academic,2009,9,9,59261,0.00015187053880292266,366,0.02459016393442623
academic_T3::academic_T3_PG13,T3,academic,2010,20,20,59261,0.000337490086228717,510,0.0392156862745098
academic_T3::academic_T3_PG13,T3,academic,2011,21,21,59261,0.0003543645905401529,559,0.03756708407871199
academic_T3::academic_T3_PG13,T3,academic,2012,24,24,59261,0.00040498810347446045,737,0.032564450474898234
academic_T3::academic_T3_PG13,T3,academic,2013,33,33,59261,0.0005568586422773831,848,0.03891509433962264
academic_T3::academic_T3_PG13,T3,academic,2014,21,21,59261,0.0003543645905401529,986,0.02129817444219067
academic_T3::academic_T3_PG13,T3,academic,2015,37,37,59261,0.0006243566595231265,1111,0.0333033303330333
academic_T3::academic_T3_PG13,T3,academic,2016,26,26,59261,0.00043873711209733215,1187,0.02190395956192081
academic_T3::academic_T3_PG13,T3,academic,2017,50,50,59261,0.0008437252155717925,1573,0.03178639542275906
academic_T3::academic_T3_PG13,T3,academic,2018,65,65,59261,0.0010968427802433304,2404,0.027038269550748752
academic_T3::academic_T3_PG13,T3,academic,2019,120,120,59261,0.0020249405173723024,3687,0.03254678600488202
academic_T3::academic_T3_PG13,T3,academic,2020,111,111,59261,0.0018730699785693796,4362,0.02544704264099037
academic_T3::academic_T3_PG13,T3,academic,2021,149,149,59261,0.002514301142403942,5381,0.02769002044229697
academic_T3::academic_T3_PG13,T3,academic,2022,162,162,59261,0.002733669698452608,6028,0.02687458526874585
academic_T3::academic_T3_PG13,T3,academic,2023,186,186,59261,0.0031386578019270686,8480,0.021933962264150942
academic_T3::academic_T3_PG13,T3,academic,2024,266,266,59261,0.004488618146841937,13117,0.020279027216589158
academic_T3::academic_T3_PG13,T3,academic,2025,94,94,59261,0.00158620340527497,6416,0.014650872817955112
academic_T3::academic_T3_PG15,T3,academic,2000,4,4,59261,6.74980172457434e-05,88,0.045454545454545456
academic_T3::academic_T3_PG15,T3,academic,2001,2,2,59261,3.37490086228717e-05,88,0.022727272727272728
academic_T3::academic_T3_PG15,T3,academic,2002,3,3,59261,5.0623512934307556e-05,115,0.02608695652173913
academic_T3::academic_T3_PG15,T3,academic,2003,1,1,59261,1.687450431143585e-05,141,0.0070921985815602835
academic_T3::academic_T3_PG15,T3,academic,2004,8,8,59261,0.0001349960344914868,141,0.05673758865248227
academic_T3::academic_T3_PG15,T3,academic,2005,5,5,59261,8.437252155717925e-05,167,0.029940119760479042
academic_T3::academic_T3_PG15,T3,academic,2006,7,7,59261,0.00011812153018005096,203,0.034482758620689655
academic_T3::academic_T3_PG15,T3,academic,2007,12,12,59261,0.00020249405173723023,256,0.046875
academic_T3::academic_T3_PG15,T3,academic,2008,7,7,59261,0.00011812153018005096,310,0.02258064516129032
academic_T3::academic_T3_PG15,T3,academic,2009,9,9,59261,0.00015187053880292266,366,0.02459016393442623
academic_T3::academic_T3_PG15,T3,academic,2010,16,16,59261,0.0002699920689829736,510,0.03137254901960784
academic_T3::academic_T3_PG15,T3,academic,2011,12,12,59261,0.00020249405173723023,559,0.02146690518783542
academic_T3::academic_T3_PG15,T3,academic,2012,10,10,59261,0.0001687450431143585,737,0.013568521031207599
academic_T3::academic_T3_PG15,T3,academic,2013,19,19,59261,0.0003206155819172812,848,0.02240566037735849
academic_T3::academic_T3_PG15,T3,academic,2014,18,18,59261,0.0003037410776058453,986,0.018255578093306288
academic_T3::academic_T3_PG15,T3,academic,2015,21,21,59261,0.0003543645905401529,1111,0.018901890189018902
academic_T3::academic_T3_PG15,T3,academic,2016,21,21,59261,0.0003543645905401529,1187,0.017691659646166806
academic_T3::academic_T3_PG15,T3,academic,2017,30,30,59261,0.0005062351293430756,1573,0.019071837253655435
academic_T3::academic_T3_PG15,T3,academic,2018,53,53,59261,0.0008943487285061002,2404,0.02204658901830283
academic_T3::academic_T3_PG15,T3,academic,2019,60,60,59261,0.0010124702586861512,3687,0.01627339300244101
academic_T3::academic_T3_PG15,T3,academic,2020,85,85,59261,0.0014343328664720473,4362,0.019486474094452085
academic_T3::academic_T3_PG15,T3,academic,2021,89,89,59261,0.0015018308837177908,5381,0.016539676640029734
academic_T3::academic_T3_PG15,T3,academic,2022,81,81,59261,0.001366834849226304,6028,0.013437292634372926
academic_T3::academic_T3_PG15,T3,academic,2023,133,133,59261,0.0022443090734209684,8480,0.015683962264150943
academic_T3::academic_T3_PG15,T3,academic,2024,151,151,59261,0.0025480501510268135,13117,0.011511778607913395
academic_T3::academic_T3_PG15,T3,academic,2025,73,73,59261,0.0012318388147348172,6416,0.01137780548628429
academic_T3::academic_T3_PG16,T3,academic,2000,0,0,59261,0.0,88,0.0
academic_T3::academic_T3_PG16,T3,academic,2001,5,5,59261,8.437252155717925e-05,88,0.056818181818181816
academic_T3::academic_T3_PG16,T3,academic,2002,0,0,59261,0.0,115,0.0
academic_T3::academic_T3_PG16,T3,academic,2003,3,3,59261,5.0623512934307556e-05,141,0.02127659574468085
academic_T3::academic_T3_PG16,T3,academic,2004,0,0,59261,0.0,141,0.0
academic_T3::academic_T3_PG16,T3,academic,2005,1,1,59261,1.687450431143585e-05,167,0.005988023952095809
academic_T3::academic_T3_PG16,T3,academic,2006,1,1,59261,1.687450431143585e-05,203,0.0049261083743842365
academic_T3::academic_T3_PG16,T3,academic,2007,1,1,59261,1.687450431143585e-05,256,0.00390625
academic_T3::academic_T3_PG16,T3,academic,2008,1,1,59261,1.687450431143585e-05,310,0.0032258064516129032
academic_T3::academic_T3_PG16,T3,academic,2009,1,1,59261,1.687450431143585e-05,366,0.00273224043715847
academic_T3::academic_T3_PG16,T3,academic,2010,1,1,59261,1.687450431143585e-05,510,0.00196078431372549
academic_T3::academic_T3_PG16,T3,academic,2011,7,7,59261,0.00011812153018005096,559,0.012522361359570662
academic_T3::academic_T3_PG16,T3,academic,2012,1,1,59261,1.687450431143585e-05,737,0.0013568521031207597
academic_T3::academic_T3_PG16,T3,academic,2013,8,8,59261,0.0001349960344914868,848,0.009433962264150943
academic_T3::academic_T3_PG16,T3,academic,2014,9,9,59261,0.00015187053880292266,986,0.009127789046653144
academic_T3::academic_T3_PG16,T3,academic,2015,14,14,59261,0.00023624306036010192,1111,0.012601260126012601
academic_T3::academic_T3_PG16,T3,academic,2016,13,13,59261,0.00021936855604866607,1187,0.010951979780960405
academic_T3::academic_T3_PG16,T3,academic,2017,11,11,59261,0.00018561954742579438,1573,0.006993006993006993
academic_T3::academic_T3_PG16,T3,academic,2018,36,36,59261,0.0006074821552116906,2404,0.014975041597337771
academic_T3::academic_T3_PG16,T3,academic,2019,38,38,59261,0.0006412311638345624,3687,0.010306482234879306
academic_T3::academic_T3_PG16,T3,academic,2020,34,34,59261,0.000573733146588819,4362,0.007794589637780834
academic_T3::academic_T3_PG16,T3,academic,2021,63,63,59261,0.0010630937716204587,5381,0.011707860992380598
academic_T3::academic_T3_PG16,T3,academic,2022,62,62,59261,0.0010462192673090227,6028,0.01028533510285335
academic_T3::academic_T3_PG16,T3,academic,2023,61,61,59261,0.001029344762997587,8480,0.0071933962264150945
academic_T3::academic_T3_PG16,T3,academic,2024,116,116,59261,0.001957442500126559,13117,0.008843485553099032
academic_T3::academic_T3_PG16,T3,academic,2025,49,49,59261,0.0008268507112603568,6416,0.00763715710723192
academic_T3::academic_T3_PG17,T3,academic,2000,2,2,59261,3.37490086228717e-05,88,0.022727272727272728
academic_T3::academic_T3_PG17,T3,academic,2001,1,1,59261,1.687450431143585e-05,88,0.011363636363636364
academic_T3::academic_T3_PG17,T3,academic,2002,3,3,59261,5.0623512934307556e-05,115,0.02608695652173913
academic_T3::academic_T3_PG17,T3,academic,2003,1,1,59261,1.687450431143585e-05,141,0.0070921985815602835
academic_T3::academic_T3_PG17,T3,academic,2004,1,1,59261,1.687450431143585e-05,141,0.0070921985815602835
academic_T3::academic_T3_PG17,T3,academic,2005,9,9,59261,0.00015187053880292266,167,0.05389221556886228
academic_T3::academic_T3_PG17,T3,academic,2006,3,3,59261,5.0623512934307556e-05,203,0.014778325123152709
academic_T3::academic_T3_PG17,T3,academic,2007,7,7,59261,0.00011812153018005096,256,0.02734375
academic_T3::academic_T3_PG17,T3,academic,2008,5,5,59261,8.437252155717925e-05,310,0.016129032258064516
academic_T3::academic_T3_PG17,T3,academic,2009,6,6,59261,0.00010124702586861511,366,0.01639344262295082
academic_T3::academic_T3_PG17,T3,academic,2010,21,21,59261,0.0003543645905401529,510,0.041176470588235294
academic_T3::academic_T3_PG17,T3,academic,2011,18,18,59261,0.0003037410776058453,559,0.03220035778175313
academic_T3::academic_T3_PG17,T3,academic,2012,17,17,59261,0.0002868665732944095,737,0.023066485753052916
academic_T3::academic_T3_PG17,T3,academic,2013,23,23,59261,0.0003881135991630246,848,0.027122641509433963
academic_T3::academic_T3_PG17,T3,academic,2014,29,29,59261,0.0004893606250316397,986,0.029411764705882353
academic_T3::academic_T3_PG17,T3,academic,2015,24,24,59261,0.00040498810347446045,1111,0.021602160216021602
academic_T3::academic_T3_PG17,T3,academic,2016,24,24,59261,0.00040498810347446045,1187,0.020219039595619208
academic_T3::academic_T3_PG17,T3,academic,2017,34,34,59261,0.000573733146588819,1573,0.02161474888747616
academic_T3::academic_T3_PG17,T3,academic,2018,50,50,59261,0.0008437252155717925,2404,0.020798668885191347
academic_T3::academic_T3_PG17,T3,academic,2019,82,82,59261,0.0013837093535377398,3687,0.022240303770002714
academic_T3::academic_T3_PG17,T3,academic,2020,85,85,59261,0.0014343328664720473,4362,0.019486474094452085
academic_T3::academic_T3_PG17,T3,academic,2021,109,109,59261,0.0018393209699465079,5381,0.020256457907452147
academic_T3::academic_T3_PG17,T3,academic,2022,110,110,59261,0.0018561954742579436,6028,0.01824817518248175
academic_T3::academic_T3_PG17,T3,academic,2023,154,154,59261,0.002598673663961121,8480,0.018160377358490565
academic_T3::academic_T3_PG17,T3,academic,2024,222,222,59261,0.003746139957138759,13117,0.01692460166196539
academic_T3::academic_T3_PG17,T3,academic,2025,110,110,59261,0.0018561954742579436,6416,0.017144638403990026
academic_T3::academic_T3_PG18,T3,academic,2000,0,0,59261,0.0,88,0.0
academic_T3::academic_T3_PG18,T3,academic,2001,0,0,59261,0.0,88,0.0
academic_T3::academic_T3_PG18,T3,academic,2002,0,0,59261,0.0,115,0.0
academic_T3::academic_T3_PG18,T3,academic,2003,0,0,59261,0.0,141,0.0
academic_T3::academic_T3_PG18,T3,academic,2004,1,1,59261,1.687450431143585e-05,141,0.0070921985815602835
academic_T3::academic_T3_PG18,T3,academic,2005,1,1,59261,1.687450431143585e-05,167,0.005988023952095809
academic_T3::academic_T3_PG18,T3,academic,2006,0,0,59261,0.0,203,0.0
academic_T3::academic_T3_PG18,T3,academic,2007,0,0,59261,0.0,256,0.0
academic_T3::academic_T3_PG18,T3,academic,2008,1,1,59261,1.687450431143585e-05,310,0.0032258064516129032
academic_T3::academic_T3_PG18,T3,academic,2009,0,0,59261,0.0,366,0.0
academic_T3::academic_T3_PG18,T3,academic,2010,0,0,59261,0.0,510,0.0
academic_T3::academic_T3_PG18,T3,academic,2011,3,3,59261,5.0623512934307556e-05,559,0.005366726296958855
academic_T3::academic_T3_PG18,T3,academic,2012,3,3,59261,5.0623512934307556e-05,737,0.004070556309362279
academic_T3::academic_T3_PG18,T3,academic,2013,4,4,59261,6.74980172457434e-05,848,0.0047169811320754715
academic_T3::academic_T3_PG18,T3,academic,2014,7,7,59261,0.00011812153018005096,986,0.007099391480730223
academic_T3::academic_T3_PG18,T3,academic,2015,5,5,59261,8.437252155717925e-05,1111,0.004500450045004501
academic_T3::academic_T3_PG18,T3,academic,2016,16,16,59261,0.0002699920689829736,1187,0.013479359730412805
academic_T3::academic_T3_PG18,T3,academic,2017,17,17,59261,0.0002868665732944095,1573,0.01080737444373808
academic_T3::academic_T3_PG18,T3,academic,2018,15,15,59261,0.0002531175646715378,2404,0.006239600665557404
academic_T3::academic_T3_PG18,T3,academic,2019,38,38,59261,0.0006412311638345624,3687,0.010306482234879306
academic_T3::academic_T3_PG18,T3,academic,2020,41,41,59261,0.0006918546767688699,4362,0.009399358092618064
academic_T3::academic_T3_PG18,T3,academic,2021,58,58,59261,0.0009787212500632794,5381,0.010778665675524995
academic_T3::academic_T3_PG18,T3,academic,2022,62,62,59261,0.0010462192673090227,6028,0.01028533510285335
academic_T3::academic_T3_PG18,T3,academic,2023,96,96,59261,0.0016199524138978418,8480,0.011320754716981131
academic_T3::academic_T3_PG18,T3,academic,2024,161,161,59261,0.002716795194141172,13117,0.01227414805214607
academic_T3::academic_T3_PG18,T3,academic,2025,87,87,59261,0.001468081875094919,6416,0.013559850374064838
academic_T3::academic_T3_PG19,T3,academic,2000,0,0,59261,0.0,88,0.0
academic_T3::academic_T3_PG19,T3,academic,2001,0,0,59261,0.0,88,0.0
academic_T3::academic_T3_PG19,T3,academic,2002,0,0,59261,0.0,115,0.0
academic_T3::academic_T3_PG19,T3,academic,2003,0,0,59261,0.0,141,0.0
academic_T3::academic_T3_PG19,T3,academic,2004,0,0,59261,0.0,141,0.0
academic_T3::academic_T3_PG19,T3,academic,2005,0,0,59261,0.0,167,0.0
academic_T3::academic_T3_PG19,T3,academic,2006,0,0,59261,0.0,203,0.0
academic_T3::academic_T3_PG19,T3,academic,2007,0,0,59261,0.0,256,0.0
academic_T3::academic_T3_PG19,T3,academic,2008,0,0,59261,0.0,310,0.0
academic_T3::academic_T3_PG19,T3,academic,2009,0,0,59261,0.0,366,0.0
academic_T3::academic_T3_PG19,T3,academic,2010,0,0,59261,0.0,510,0.0
academic_T3::academic_T3_PG19,T3,academic,2011,0,0,59261,0.0,559,0.0
academic_T3::academic_T3_PG19,T3,academic,2012,0,0,59261,0.0,737,0.0
academic_T3::academic_T3_PG19,T3,academic,2013,1,1,59261,1.687450431143585e-05,848,0.0011792452830188679
academic_T3::academic_T3_PG19,T3,academic,2014,2,2,59261,3.37490086228717e-05,986,0.002028397565922921
academic_T3::academic_T3_PG19,T3,academic,2015,1,1,59261,1.687450431143585e-05,1111,0.0009000900090009
academic_T3::academic_T3_PG19,T3,academic,2016,0,0,59261,0.0,1187,0.0
academic_T3::academic_T3_PG19,T3,academic,2017,1,1,59261,1.687450431143585e-05,1573,0.0006357279084551812
academic_T3::academic_T3_PG19,T3,academic,2018,7,7,59261,0.00011812153018005096,2404,0.0029118136439267887
academic_T3::academic_T3_PG19,T3,academic,2019,13,13,59261,0.00021936855604866607,3687,0.003525901817195552
academic_T3::academic_T3_PG19,T3,academic,2020,18,18,59261,0.0003037410776058453,4362,0.0041265474552957355
academic_T3::academic_T3_PG19,T3,academic,2021,34,34,59261,0.000573733146588819,5381,0.006318528154618101
academic_T3::academic_T3_PG19,T3,academic,2022,49,49,59261,0.0008268507112603568,6028,0.008128732581287325
academic_T3::academic_T3_PG19,T3,academic,2023,79,79,59261,0.0013330858406034323,8480,0.009316037735849056
academic_T3::academic_T3_PG19,T3,academic,2024,233,233,59261,0.003931759504564553,13117,0.017763208050621333
academic_T3::academic_T3_PG19,T3,academic,2025,105,105,59261,0.0017718229527007644,6416,0.016365336658354115
academic_T3::academic_T3_PG20,T3,academic,2000,1,1,59261,1.687450431143585e-05,88,0.011363636363636364
academic_T3::academic_T3_PG20,T3,academic,2001,0,0,59261,0.0,88,0.0
academic_T3::academic_T3_PG20,T3,academic,2002,0,0,59261,0.0,115,0.0
academic_T3::academic_T3_PG20,T3,academic,2003,2,2,59261,3.37490086228717e-05,141,0.014184397163120567
academic_T3::academic_T3_PG20,T3,academic,2004,2,2,59261,3.37490086228717e-05,141,0.014184397163120567
academic_T3::academic_T3_PG20,T3,academic,2005,3,3,59261,5.0623512934307556e-05,167,0.017964071856287425
academic_T3::academic_T3_PG20,T3,academic,2006,1,1,59261,1.687450431143585e-05,203,0.0049261083743842365
academic_T3::academic_T3_PG20,T3,academic,2007,4,4,59261,6.74980172457434e-05,256,0.015625
academic_T3::academic_T3_PG20,T3,academic,2008,4,4,59261,6.74980172457434e-05,310,0.012903225806451613
academic_T3::academic_T3_PG20,T3,academic,2009,3,3,59261,5.0623512934307556e-05,366,0.00819672131147541
academic_T3::academic_T3_PG20,T3,academic,2010,5,5,59261,8.437252155717925e-05,510,0.00980392156862745
academic_T3::academic_T3_PG20,T3,academic,2011,3,3,59261,5.0623512934307556e-05,559,0.005366726296958855
academic_T3::academic_T3_PG20,T3,academic,2012,7,7,59261,0.00011812153018005096,737,0.009497964721845319
academic_T3::academic_T3_PG20,T3,academic,2013,11,11,59261,0.00018561954742579438,848,0.012971698113207548
academic_T3::academic_T3_PG20,T3,academic,2014,10,10,59261,0.0001687450431143585,986,0.010141987829614604
academic_T3::academic_T3_PG20,T3,academic,2015,8,8,59261,0.0001349960344914868,1111,0.0072007200720072
academic_T3::academic_T3_PG20,T3,academic,2016,14,14,59261,0.00023624306036010192,1187,0.011794439764111205
academic_T3::academic_T3_PG20,T3,academic,2017,12,12,59261,0.00020249405173723023,1573,0.007628734901462174
academic_T3::academic_T3_PG20,T3,academic,2018,37,37,59261,0.0006243566595231265,2404,0.015391014975041598
academic_T3::academic_T3_PG20,T3,academic,2019,44,44,59261,0.0007424781897031775,3687,0.011933821535123406
academic_T3::academic_T3_PG20,T3,academic,2020,64,64,59261,0.0010799682759318945,4362,0.014672168729940394
academic_T3::academic_T3_PG20,T3,academic,2021,69,69,59261,0.0011643407974890737,5381,0.012822895372607323
academic_T3::academic_T3_PG20,T3,academic,2022,78,78,59261,0.0013162113362919965,6028,0.012939615129396152
academic_T3::academic_T3_PG20,T3,academic,2023,150,150,59261,0.0025311756467153775,8480,0.01768867924528302
academic_T3::academic_T3_PG20,T3,academic,2024,240,240,59261,0.004049881034744605,13117,0.018296866661584203
academic_T3::academic_T3_PG20,T3,academic,2025,111,111,59261,0.0018730699785693796,6416,0.01730049875311721
academic_T3::academic_T3_PG23,T3,academic,2000,0,0,59261,0.0,88,0.0
academic_T3::academic_T3_PG23,T3,academic,2001,0,0,59261,0.0,88,0.0
academic_T3::academic_T3_PG23,T3,academic,2002,0,0,59261,0.0,115,0.0
academic_T3::academic_T3_PG23,T3,academic,2003,0,0,59261,0.0,141,0.0
academic_T3::academic_T3_PG23,T3,academic,2004,0,0,59261,0.0,141,0.0
academic_T3::academic_T3_PG23,T3,academic,2005,0,0,59261,0.0,167,0.0
academic_T3::academic_T3_PG23,T3,academic,2006,1,1,59261,1.687450431143585e-05,203,0.0049261083743842365
academic_T3::academic_T3_PG23,T3,academic,2007,1,1,59261,1.687450431143585e-05,256,0.00390625
academic_T3::academic_T3_PG23,T3,academic,2008,0,0,59261,0.0,310,0.0
academic_T3::academic_T3_PG23,T3,academic,2009,0,0,59261,0.0,366,0.0
academic_T3::academic_T3_PG23,T3,academic,2010,1,1,59261,1.687450431143585e-05,510,0.00196078431372549
academic_T3::academic_T3_PG23,T3,academic,2011,0,0,59261,0.0,559,0.0
academic_T3::academic_T3_PG23,T3,academic,2012,1,1,59261,1.687450431143585e-05,737,0.0013568521031207597
academic_T3::academic_T3_PG23,T3,academic,2013,1,1,59261,1.687450431143585e-05,848,0.0011792452830188679
academic_T3::academic_T3_PG23,T3,academic,2014,4,4,59261,6.74980172457434e-05,986,0.004056795131845842
academic_T3::academic_T3_PG23,T3,academic,2015,3,3,59261,5.0623512934307556e-05,1111,0.0027002700270027003
academic_T3::academic_T3_PG23,T3,academic,2016,1,1,59261,1.687450431143585e-05,1187,0.0008424599831508003
academic_T3::academic_T3_PG23,T3,academic,2017,5,5,59261,8.437252155717925e-05,1573,0.003178639542275906
academic_T3::academic_T3_PG23,T3,academic,2018,6,6,59261,0.00010124702586861511,2404,0.0024958402662229617
academic_T3::academic_T3_PG23,T3,academic,2019,19,19,59261,0.0003206155819172812,3687,0.005153241117439653
academic_T3::academic_T3_PG23,T3,academic,2020,27,27,59261,0.00045561161640876797,4362,0.006189821182943604
academic_T3::academic_T3_PG23,T3,academic,2021,20,20,59261,0.000337490086228717,5381,0.003716781267422412
academic_T3::academic_T3_PG23,T3,academic,2022,32,32,59261,0.0005399841379659472,6028,0.0053085600530856005
academic_T3::academic_T3_PG23,T3,academic,2023,75,75,59261,0.0012655878233576888,8480,0.00884433962264151
academic_T3::academic_T3_PG23,T3,academic,2024,98,98,59261,0.0016537014225207136,13117,0.007471220553480216
academic_T3::academic_T3_PG23,T3,academic,2025,44,44,59261,0.0007424781897031775,6416,0.00685785536159601
academic_T3::academic_T3_PG24,T3,academic,2000,0,0,59261,0.0,88,0.0
academic_T3::academic_T3_PG24,T3,academic,2001,0,0,59261,0.0,88,0.0
academic_T3::academic_T3_PG24,T3,academic,2002,0,0,59261,0.0,115,0.0
academic_T3::academic_T3_PG24,T3,academic,2003,0,0,59261,0.0,141,0.0
academic_T3::academic_T3_PG24,T3,academic,2004,0,0,59261,0.0,141,0.0
academic_T3::academic_T3_PG24,T3,academic,2005,2,2,59261,3.37490086228717e-05,167,0.011976047904191617
academic_T3::academic_T3_PG24,T3,academic,2006,1,1,59261,1.687450431143585e-05,203,0.0049261083743842365
academic_T3::academic_T3_PG24,T3,academic,2007,0,0,59261,0.0,256,0.0
academic_T3::academic_T3_PG24,T3,academic,2008,2,2,59261,3.37490086228717e-05,310,0.0064516129032258064
academic_T3::academic_T3_PG24,T3,academic,2009,2,2,59261,3.37490086228717e-05,366,0.00546448087431694
academic_T3::academic_T3_PG24,T3,academic,2010,4,4,59261,6.74980172457434e-05,510,0.00784313725490196
academic_T3::academic_T3_PG24,T3,academic,2011,2,2,59261,3.37490086228717e-05,559,0.0035778175313059034
academic_T3::academic_T3_PG24,T3,academic,2012,1,1,59261,1.687450431143585e-05,737,0.0013568521031207597
academic_T3::academic_T3_PG24,T3,academic,2013,6,6,59261,0.00010124702586861511,848,0.007075471698113208
academic_T3::academic_T3_PG24,T3,academic,2014,6,6,59261,0.00010124702586861511,986,0.006085192697768763
academic_T3::academic_T3_PG24,T3,academic,2015,8,8,59261,0.0001349960344914868,1111,0.0072007200720072
academic_T3::academic_T3_PG24,T3,academic,2016,6,6,59261,0.00010124702586861511,1187,0.005054759898904802
academic_T3::academic_T3_PG24,T3,academic,2017,23,23,59261,0.0003881135991630246,1573,0.014621741894469168
academic_T3::academic_T3_PG24,T3,academic,2018,26,26,59261,0.00043873711209733215,2404,0.010815307820299502
academic_T3::academic_T3_PG24,T3,academic,2019,30,30,59261,0.0005062351293430756,3687,0.008136696501220505
academic_T3::academic_T3_PG24,T3,academic,2020,55,55,59261,0.0009280977371289718,4362,0.012608895002292526
academic_T3::academic_T3_PG24,T3,academic,2021,54,54,59261,0.0009112232328175359,5381,0.010035309422040513
academic_T3::academic_T3_PG24,T3,academic,2022,67,67,59261,0.001130591788866202,6028,0.011114797611147977
academic_T3::academic_T3_PG24,T3,academic,2023,72,72,59261,0.0012149643104233812,8480,0.008490566037735849
academic_T3::academic_T3_PG24,T3,academic,2024,109,109,59261,0.0018393209699465079,13117,0.008309826942136158
academic_T3::academic_T3_PG24,T3,academic,2025,46,46,59261,0.0007762271983260492,6416,0.007169576059850374
academic_T3::academic_T3_PG26,T3,academic,2000,2,2,59261,3.37490086228717e-05,88,0.022727272727272728
academic_T3::academic_T3_PG26,T3,academic,2001,0,0,59261,0.0,88,0.0
academic_T3::academic_T3_PG26,T3,academic,2002,0,0,59261,0.0,115,0.0
academic_T3::academic_T3_PG26,T3,academic,2003,2,2,59261,3.37490086228717e-05,141,0.014184397163120567
academic_T3::academic_T3_PG26,T3,academic,2004,2,2,59261,3.37490086228717e-05,141,0.014184397163120567
academic_T3::academic_T3_PG26,T3,academic,2005,2,2,59261,3.37490086228717e-05,167,0.011976047904191617
academic_T3::academic_T3_PG26,T3,academic,2006,0,0,59261,0.0,203,0.0
academic_T3::academic_T3_PG26,T3,academic,2007,1,1,59261,1.687450431143585e-05,256,0.00390625
academic_T3::academic_T3_PG26,T3,academic,2008,2,2,59261,3.37490086228717e-05,310,0.0064516129032258064
academic_T3::academic_T3_PG26,T3,academic,2009,4,4,59261,6.74980172457434e-05,366,0.01092896174863388
academic_T3::academic_T3_PG26,T3,academic,2010,4,4,59261,6.74980172457434e-05,510,0.00784313725490196
academic_T3::academic_T3_PG26,T3,academic,2011,3,3,59261,5.0623512934307556e-05,559,0.005366726296958855
academic_T3::academic_T3_PG26,T3,academic,2012,9,9,59261,0.00015187053880292266,737,0.012211668928086838
academic_T3::academic_T3_PG26,T3,academic,2013,7,7,59261,0.00011812153018005096,848,0.008254716981132075
academic_T3::academic_T3_PG26,T3,academic,2014,8,8,59261,0.0001349960344914868,986,0.008113590263691683
academic_T3::academic_T3_PG26,T3,academic,2015,7,7,59261,0.00011812153018005096,1111,0.0063006300630063005
academic_T3::academic_T3_PG26,T3,academic,2016,13,13,59261,0.00021936855604866607,1187,0.010951979780960405
academic_T3::academic_T3_PG26,T3,academic,2017,13,13,59261,0.00021936855604866607,1573,0.008264462809917356
academic_T3::academic_T3_PG26,T3,academic,2018,18,18,59261,0.0003037410776058453,2404,0.0074875207986688855
academic_T3::academic_T3_PG26,T3,academic,2019,34,34,59261,0.000573733146588819,3687,0.009221589368049905
academic_T3::academic_T3_PG26,T3,academic,2020,28,28,59261,0.00047248612072020384,4362,0.006419073819348923
academic_T3::academic_T3_PG26,T3,academic,2021,41,41,59261,0.0006918546767688699,5381,0.007619401598215945
academic_T3::academic_T3_PG26,T3,academic,2022,32,32,59261,0.0005399841379659472,6028,0.0053085600530856005
academic_T3::academic_T3_PG26,T3,academic,2023,54,54,59261,0.0009112232328175359,8480,0.006367924528301887
academic_T3::academic_T3_PG26,T3,academic,2024,98,98,59261,0.0016537014225207136,13117,0.007471220553480216
academic_T3::academic_T3_PG26,T3,academic,2025,41,41,59261,0.0006918546767688699,6416,0.006390274314214464
academic_T3::academic_T3_PG29,T3,academic,2000,1,1,59261,1.687450431143585e-05,88,0.011363636363636364
academic_T3::academic_T3_PG29,T3,academic,2001,2,2,59261,3.37490086228717e-05,88,0.022727272727272728
academic_T3::academic_T3_PG29,T3,academic,2002,0,0,59261,0.0,115,0.0
academic_T3::academic_T3_PG29,T3,academic,2003,0,0,59261,0.0,141,0.0
academic_T3::academic_T3_PG29,T3,academic,2004,1,1,59261,1.687450431143585e-05,141,0.0070921985815602835
academic_T3::academic_T3_PG29,T3,academic,2005,0,0,59261,0.0,167,0.0
academic_T3::academic_T3_PG29,T3,academic,2006,1,1,59261,1.687450431143585e-05,203,0.0049261083743842365
academic_T3::academic_T3_PG29,T3,academic,2007,0,0,59261,0.0,256,0.0
academic_T3::academic_T3_PG29,T3,academic,2008,0,0,59261,0.0,310,0.0
academic_T3::academic_T3_PG29,T3,academic,2009,3,3,59261,5.0623512934307556e-05,366,0.00819672131147541
academic_T3::academic_T3_PG29,T3,academic,2010,4,4,59261,6.74980172457434e-05,510,0.00784313725490196
academic_T3::academic_T3_PG29,T3,academic,2011,1,1,59261,1.687450431143585e-05,559,0.0017889087656529517
academic_T3::academic_T3_PG29,T3,academic,2012,8,8,59261,0.0001349960344914868,737,0.010854816824966078
academic_T3::academic_T3_PG29,T3,academic,2013,2,2,59261,3.37490086228717e-05,848,0.0023584905660377358
academic_T3::academic_T3_PG29,T3,academic,2014,1,1,59261,1.687450431143585e-05,986,0.0010141987829614604
academic_T3::academic_T3_PG29,T3,academic,2015,5,5,59261,8.437252155717925e-05,1111,0.004500450045004501
academic_T3::academic_T3_PG29,T3,academic,2016,0,0,59261,0.0,1187,0.0
academic_T3::academic_T3_PG29,T3,academic,2017,4,4,59261,6.74980172457434e-05,1573,0.0025429116338207248
academic_T3::academic_T3_PG29,T3,academic,2018,4,4,59261,6.74980172457434e-05,2404,0.0016638935108153079
academic_T3::academic_T3_PG29,T3,academic,2019,7,7,59261,0.00011812153018005096,3687,0.001898562516951451
academic_T3::academic_T3_PG29,T3,academic,2020,10,10,59261,0.0001687450431143585,4362,0.0022925263640531865
academic_T3::academic_T3_PG29,T3,academic,2021,9,9,59261,0.00015187053880292266,5381,0.0016725515703400855
academic_T3::academic_T3_PG29,T3,academic,2022,19,19,59261,0.0003206155819172812,6028,0.0031519575315195753
academic_T3::academic_T3_PG29,T3,academic,2023,23,23,59261,0.0003881135991630246,8480,0.002712264150943396
academic_T3::academic_T3_PG29,T3,academic,2024,37,37,59261,0.0006243566595231265,13117,0.0028207669436608983
academic_T3::academic_T3_PG29,T3,academic,2025,23,23,59261,0.0003881135991630246,6416,0.003584788029925187
academic_T3::academic_T3_PG30,T3,academic,2000,0,0,59261,0.0,88,0.0
academic_T3::academic_T3_PG30,T3,academic,2001,0,0,59261,0.0,88,0.0
academic_T3::academic_T3_PG30,T3,academic,2002,0,0,59261,0.0,115,0.0
academic_T3::academic_T3_PG30,T3,academic,2003,0,0,59261,0.0,141,0.0
academic_T3::academic_T3_PG30,T3,academic,2004,0,0,59261,0.0,141,0.0
academic_T3::academic_T3_PG30,T3,academic,2005,0,0,59261,0.0,167,0.0
academic_T3::academic_T3_PG30,T3,academic,2006,0,0,59261,0.0,203,0.0
academic_T3::academic_T3_PG30,T3,academic,2007,1,1,59261,1.687450431143585e-05,256,0.00390625
academic_T3::academic_T3_PG30,T3,academic,2008,1,1,59261,1.687450431143585e-05,310,0.0032258064516129032
academic_T3::academic_T3_PG30,T3,academic,2009,0,0,59261,0.0,366,0.0
academic_T3::academic_T3_PG30,T3,academic,2010,0,0,59261,0.0,510,0.0
academic_T3::academic_T3_PG30,T3,academic,2011,0,0,59261,0.0,559,0.0
academic_T3::academic_T3_PG30,T3,academic,2012,0,0,59261,0.0,737,0.0
academic_T3::academic_T3_PG30,T3,academic,2013,0,0,59261,0.0,848,0.0
academic_T3::academic_T3_PG30,T3,academic,2014,0,0,59261,0.0,986,0.0
academic_T3::academic_T3_PG30,T3,academic,2015,3,3,59261,5.0623512934307556e-05,1111,0.0027002700270027003
academic_T3::academic_T3_PG30,T3,academic,2016,1,1,59261,1.687450431143585e-05,1187,0.0008424599831508003
academic_T3::academic_T3_PG30,T3,academic,2017,4,4,59261,6.74980172457434e-05,1573,0.0025429116338207248
academic_T3::academic_T3_PG30,T3,academic,2018,7,7,59261,0.00011812153018005096,2404,0.0029118136439267887
academic_T3::academic_T3_PG30,T3,academic,2019,12,12,59261,0.00020249405173723023,3687,0.0032546786004882017
academic_T3::academic_T3_PG30,T3,academic,2020,13,13,59261,0.00021936855604866607,4362,0.0029802842732691427
academic_T3::academic_T3_PG30,T3,academic,2021,11,11,59261,0.00018561954742579438,5381,0.0020442296970823266
academic_T3::academic_T3_PG30,T3,academic,2022,9,9,59261,0.00015187053880292266,6028,0.0014930325149303252
academic_T3::academic_T3_PG30,T3,academic,2023,30,30,59261,0.0005062351293430756,8480,0.003537735849056604
academic_T3::academic_T3_PG30,T3,academic,2024,34,34,59261,0.000573733146588819,13117,0.0025920561103910957
academic_T3::academic_T3_PG30,T3,academic,2025,16,16,59261,0.0002699920689829736,6416,0.0024937655860349127
academic_T3::academic_T3_PG31,T3,academic,2000,0,0,59261,0.0,88,0.0
academic_T3::academic_T3_PG31,T3,academic,2001,0,0,59261,0.0,88,0.0
academic_T3::academic_T3_PG31,T3,academic,2002,0,0,59261,0.0,115,0.0
academic_T3::academic_T3_PG31,T3,academic,2003,0,0,59261,0.0,141,0.0
academic_T3::academic_T3_PG31,T3,academic,2004,0,0,59261,0.0,141,0.0
academic_T3::academic_T3_PG31,T3,academic,2005,0,0,59261,0.0,167,0.0
academic_T3::academic_T3_PG31,T3,academic,2006,2,2,59261,3.37490086228717e-05,203,0.009852216748768473
academic_T3::academic_T3_PG31,T3,academic,2007,1,1,59261,1.687450431143585e-05,256,0.00390625
academic_T3::academic_T3_PG31,T3,academic,2008,3,3,59261,5.0623512934307556e-05,310,0.00967741935483871
academic_T3::academic_T3_PG31,T3,academic,2009,3,3,59261,5.0623512934307556e-05,366,0.00819672131147541
academic_T3::academic_T3_PG31,T3,academic,2010,1,1,59261,1.687450431143585e-05,510,0.00196078431372549
academic_T3::academic_T3_PG31,T3,academic,2011,3,3,59261,5.0623512934307556e-05,559,0.005366726296958855
academic_T3::academic_T3_PG31,T3,academic,2012,4,4,59261,6.74980172457434e-05,737,0.005427408412483039
academic_T3::academic_T3_PG31,T3,academic,2013,6,6,59261,0.00010124702586861511,848,0.007075471698113208
academic_T3::academic_T3_PG31,T3,academic,2014,5,5,59261,8.437252155717925e-05,986,0.005070993914807302
academic_T3::academic_T3_PG31,T3,academic,2015,7,7,59261,0.00011812153018005096,1111,0.0063006300630063005
academic_T3::academic_T3_PG31,T3,academic,2016,1,1,59261,1.687450431143585e-05,1187,0.0008424599831508003
academic_T3::academic_T3_PG31,T3,academic,2017,1,1,59261,1.687450431143585e-05,1573,0.0006357279084551812
academic_T3::academic_T3_PG31,T3,academic,2018,7,7,59261,0.00011812153018005096,2404,0.0029118136439267887
academic_T3::academic_T3_PG31,T3,academic,2019,13,13,59261,0.00021936855604866607,3687,0.003525901817195552
academic_T3::academic_T3_PG31,T3,academic,2020,10,10,59261,0.0001687450431143585,4362,0.0022925263640531865
academic_T3::academic_T3_PG31,T3,academic,2021,11,11,59261,0.00018561954742579438,5381,0.0020442296970823266
academic_T3::academic_T3_PG31,T3,academic,2022,8,8,59261,0.0001349960344914868,6028,0.0013271400132714001
academic_T3::academic_T3_PG31,T3,academic,2023,8,8,59261,0.0001349960344914868,8480,0.0009433962264150943
academic_T3::academic_T3_PG31,T3,academic,2024,13,13,59261,0.00021936855604866607,13117,0.0009910802775024777
academic_T3::academic_T3_PG31,T3,academic,2025,8,8,59261,0.0001349960344914868,6416,0.0012468827930174563
academic_T3::academic_T3_PG33,T3,academic,2000,0,0,59261,0.0,88,0.0
academic_T3::academic_T3_PG33,T3,academic,2001,1,1,59261,1.687450431143585e-05,88,0.011363636363636364
academic_T3::academic_T3_PG33,T3,academic,2002,0,0,59261,0.0,115,0.0
academic_T3::academic_T3_PG33,T3,academic,2003,0,0,59261,0.0,141,0.0
academic_T3::academic_T3_PG33,T3,academic,2004,1,1,59261,1.687450431143585e-05,141,0.0070921985815602835
academic_T3::academic_T3_PG33,T3,academic,2005,0,0,59261,0.0,167,0.0
academic_T3::academic_T3_PG33,T3,academic,2006,1,1,59261,1.687450431143585e-05,203,0.0049261083743842365
academic_T3::academic_T3_PG33,T3,academic,2007,2,2,59261,3.37490086228717e-05,256,0.0078125
academic_T3::academic_T3_PG33,T3,academic,2008,3,3,59261,5.0623512934307556e-05,310,0.00967741935483871
academic_T3::academic_T3_PG33,T3,academic,2009,0,0,59261,0.0,366,0.0
academic_T3::academic_T3_PG33,T3,academic,2010,3,3,59261,5.0623512934307556e-05,510,0.0058823529411764705
academic_T3::academic_T3_PG33,T3,academic,2011,3,3,59261,5.0623512934307556e-05,559,0.005366726296958855
academic_T3::academic_T3_PG33,T3,academic,2012,5,5,59261,8.437252155717925e-05,737,0.0067842605156037995
academic_T3::academic_T3_PG33,T3,academic,2013,4,4,59261,6.74980172457434e-05,848,0.0047169811320754715
academic_T3::academic_T3_PG33,T3,academic,2014,3,3,59261,5.0623512934307556e-05,986,0.0030425963488843813
academic_T3::academic_T3_PG33,T3,academic,2015,3,3,59261,5.0623512934307556e-05,1111,0.0027002700270027003
academic_T3::academic_T3_PG33,T3,academic,2016,4,4,59261,6.74980172457434e-05,1187,0.003369839932603201
academic_T3::academic_T3_PG33,T3,academic,2017,8,8,59261,0.0001349960344914868,1573,0.0050858232676414495
academic_T3::academic_T3_PG33,T3,academic,2018,19,19,59261,0.0003206155819172812,2404,0.007903494176372712
academic_T3::academic_T3_PG33,T3,academic,2019,15,15,59261,0.0002531175646715378,3687,0.0040683482506102524
academic_T3::academic_T3_PG33,T3,academic,2020,22,22,59261,0.00037123909485158876,4362,0.0050435580009170105
academic_T3::academic_T3_PG33,T3,academic,2021,19,19,59261,0.0003206155819172812,5381,0.0035309422040512915
academic_T3::academic_T3_PG33,T3,academic,2022,28,28,59261,0.00047248612072020384,6028,0.0046449900464499
academic_T3::academic_T3_PG33,T3,academic,2023,50,50,59261,0.0008437252155717925,8480,0.00589622641509434
academic_T3::academic_T3_PG33,T3,academic,2024,95,95,59261,0.0016030779095864058,13117,0.007242509720210414
academic_T3::academic_T3_PG33,T3,academic,2025,46,46,59261,0.0007762271983260492,6416,0.007169576059850374
academic_T3::academic_T3_PG34,T3,academic,2000,1,1,59261,1.687450431143585e-05,88,0.011363636363636364
academic_T3::academic_T3_PG34,T3,academic,2001,0,0,59261,0.0,88,0.0
academic_T3::academic_T3_PG34,T3,academic,2002,0,0,59261,0.0,115,0.0
academic_T3::academic_T3_PG34,T3,academic,2003,0,0,59261,0.0,141,0.0
academic_T3::academic_T3_PG34,T3,academic,2004,0,0,59261,0.0,141,0.0
academic_T3::academic_T3_PG34,T3,academic,2005,0,0,59261,0.0,167,0.0
academic_T3::academic_T3_PG34,T3,academic,2006,0,0,59261,0.0,203,0.0
academic_T3::academic_T3_PG34,T3,academic,2007,1,1,59261,1.687450431143585e-05,256,0.00390625
academic_T3::academic_T3_PG34,T3,academic,2008,0,0,59261,0.0,310,0.0
academic_T3::academic_T3_PG34,T3,academic,2009,4,4,59261,6.74980172457434e-05,366,0.01092896174863388
academic_T3::academic_T3_PG34,T3,academic,2010,2,2,59261,3.37490086228717e-05,510,0.00392156862745098
academic_T3::academic_T3_PG34,T3,academic,2011,5,5,59261,8.437252155717925e-05,559,0.008944543828264758
academic_T3::academic_T3_PG34,T3,academic,2012,3,3,59261,5.0623512934307556e-05,737,0.004070556309362279
academic_T3::academic_T3_PG34,T3,academic,2013,3,3,59261,5.0623512934307556e-05,848,0.003537735849056604
academic_T3::academic_T3_PG34,T3,academic,2014,4,4,59261,6.74980172457434e-05,986,0.004056795131845842
academic_T3::academic_T3_PG34,T3,academic,2015,0,0,59261,0.0,1111,0.0
academic_T3::academic_T3_PG34,T3,academic,2016,9,9,59261,0.00015187053880292266,1187,0.007582139848357203
academic_T3::academic_T3_PG34,T3,academic,2017,16,16,59261,0.0002699920689829736,1573,0.010171646535282899
academic_T3::academic_T3_PG34,T3,academic,2018,12,12,59261,0.00020249405173723023,2404,0.004991680532445923
academic_T3::academic_T3_PG34,T3,academic,2019,20,20,59261,0.000337490086228717,3687,0.005424464334147003
academic_T3::academic_T3_PG34,T3,academic,2020,27,27,59261,0.00045561161640876797,4362,0.006189821182943604
academic_T3::academic_T3_PG34,T3,academic,2021,34,34,59261,0.000573733146588819,5381,0.006318528154618101
academic_T3::academic_T3_PG34,T3,academic,2022,50,50,59261,0.0008437252155717925,6028,0.00829462508294625
academic_T3::academic_T3_PG34,T3,academic,2023,74,74,59261,0.001248713319046253,8480,0.008726415094339622
academic_T3::academic_T3_PG34,T3,academic,2024,95,95,59261,0.0016030779095864058,13117,0.007242509720210414
academic_T3::academic_T3_PG34,T3,academic,2025,49,49,59261,0.0008268507112603568,6416,0.00763715710723192
academic_T3::academic_T3_S000,T3,academic,2000,4,4,59261,6.74980172457434e-05,88,0.045454545454545456
academic_T3::academic_T3_S000,T3,academic,2001,7,7,59261,0.00011812153018005096,88,0.07954545454545454
academic_T3::academic_T3_S000,T3,academic,2002,8,8,59261,0.0001349960344914868,115,0.06956521739130435
academic_T3::academic_T3_S000,T3,academic,2003,15,15,59261,0.0002531175646715378,141,0.10638297872340426
academic_T3::academic_T3_S000,T3,academic,2004,11,11,59261,0.00018561954742579438,141,0.07801418439716312
academic_T3::academic_T3_S000,T3,academic,2005,5,5,59261,8.437252155717925e-05,167,0.029940119760479042
academic_T3::academic_T3_S000,T3,academic,2006,12,12,59261,0.00020249405173723023,203,0.059113300492610835
academic_T3::academic_T3_S000,T3,academic,2007,7,7,59261,0.00011812153018005096,256,0.02734375
academic_T3::academic_T3_S000,T3,academic,2008,19,19,59261,0.0003206155819172812,310,0.06129032258064516
academic_T3::academic_T3_S000,T3,academic,2009,23,23,59261,0.0003881135991630246,366,0.06284153005464481
academic_T3::academic_T3_S000,T3,academic,2010,29,29,59261,0.0004893606250316397,510,0.056862745098039215
academic_T3::academic_T3_S000,T3,academic,2011,29,29,59261,0.0004893606250316397,559,0.0518783542039356
academic_T3::academic_T3_S000,T3,academic,2012,23,23,59261,0.0003881135991630246,737,0.031207598371777476
academic_T3::academic_T3_S000,T3,academic,2013,24,24,59261,0.00040498810347446045,848,0.02830188679245283
academic_T3::academic_T3_S000,T3,academic,2014,37,37,59261,0.0006243566595231265,986,0.037525354969574036
academic_T3::academic_T3_S000,T3,academic,2015,46,46,59261,0.0007762271983260492,1111,0.041404140414041404
academic_T3::academic_T3_S000,T3,academic,2016,36,36,59261,0.0006074821552116906,1187,0.030328559393428812
academic_T3::academic_T3_S000,T3,academic,2017,57,57,59261,0.0009618467457518436,1573,0.036236490781945324
academic_T3::academic_T3_S000,T3,academic,2018,103,103,59261,0.0017380739440778928,2404,0.04284525790349417
academic_T3::academic_T3_S000,T3,academic,2019,169,169,59261,0.002851791228632659,3687,0.04583672362354217
academic_T3::academic_T3_S000,T3,academic,2020,197,197,59261,0.0033242773493528627,4362,0.04516276937184777
academic_T3::academic_T3_S000,T3,academic,2021,224,224,59261,0.0037798889657616307,5381,0.04162795019513102
academic_T3::academic_T3_S000,T3,academic,2022,231,231,59261,0.0038980104959416817,6028,0.03832116788321168
academic_T3::academic_T3_S000,T3,academic,2023,324,324,59261,0.005467339396905216,8480,0.03820754716981132
academic_T3::academic_T3_S000,T3,academic,2024,555,555,59261,0.009365349892846897,13117,0.04231150415491347
academic_T3::academic_T3_S000,T3,academic,2025,240,240,59261,0.004049881034744605,6416,0.03740648379052369
academic_T3::academic_T3_S001,T3,academic,2000,1,1,59261,1.687450431143585e-05,88,0.011363636363636364
academic_T3::academic_T3_S001,T3,academic,2001,0,0,59261,0.0,88,0.0
academic_T3::academic_T3_S001,T3,academic,2002,0,0,59261,0.0,115,0.0
academic_T3::academic_T3_S001,T3,academic,2003,0,0,59261,0.0,141,0.0
academic_T3::academic_T3_S001,T3,academic,2004,1,1,59261,1.687450431143585e-05,141,0.0070921985815602835
academic_T3::academic_T3_S001,T3,academic,2005,0,0,59261,0.0,167,0.0
academic_T3::academic_T3_S001,T3,academic,2006,0,0,59261,0.0,203,0.0
academic_T3::academic_T3_S001,T3,academic,2007,2,2,59261,3.37490086228717e-05,256,0.0078125
academic_T3::academic_T3_S001,T3,academic,2008,3,3,59261,5.0623512934307556e-05,310,0.00967741935483871
academic_T3::academic_T3_S001,T3,academic,2009,6,6,59261,0.00010124702586861511,366,0.01639344262295082
academic_T3::academic_T3_S001,T3,academic,2010,9,9,59261,0.00015187053880292266,510,0.01764705882352941
academic_T3::academic_T3_S001,T3,academic,2011,7,7,59261,0.00011812153018005096,559,0.012522361359570662
academic_T3::academic_T3_S001,T3,academic,2012,20,20,59261,0.000337490086228717,737,0.027137042062415198
academic_T3::academic_T3_S001,T3,academic,2013,30,30,59261,0.0005062351293430756,848,0.03537735849056604
academic_T3::academic_T3_S001,T3,academic,2014,22,22,59261,0.00037123909485158876,986,0.02231237322515213
academic_T3::academic_T3_S001,T3,academic,2015,36,36,59261,0.0006074821552116906,1111,0.032403240324032405
academic_T3::academic_T3_S001,T3,academic,2016,37,37,59261,0.0006243566595231265,1187,0.031171019376579612
academic_T3::academic_T3_S001,T3,academic,2017,49,49,59261,0.0008268507112603568,1573,0.031150667514303877
academic_T3::academic_T3_S001,T3,academic,2018,69,69,59261,0.0011643407974890737,2404,0.02870216306156406
academic_T3::academic_T3_S001,T3,academic,2019,117,117,59261,0.001974317004437995,3687,0.03173311635475997
academic_T3::academic_T3_S001,T3,academic,2020,164,164,59261,0.0027674187070754796,4362,0.03759743237047226
academic_T3::academic_T3_S001,T3,academic,2021,198,198,59261,0.0033411518536642986,5381,0.03679613454748188
academic_T3::academic_T3_S001,T3,academic,2022,270,270,59261,0.00455611616408768,6028,0.044790975447909755
academic_T3::academic_T3_S001,T3,academic,2023,348,348,59261,0.005872327500379676,8480,0.0410377358490566
academic_T3::academic_T3_S001,T3,academic,2024,540,540,59261,0.00911223232817536,13117,0.04116794998856446
academic_T3::academic_T3_S001,T3,academic,2025,237,237,59261,0.003999257521810297,6416,0.03693890274314215
academic_T3::academic_T3_S006,T3,academic,2000,17,17,59261,0.0002868665732944095,88,0.19318181818181818
academic_T3::academic_T3_S006,T3,academic,2001,23,23,59261,0.0003881135991630246,88,0.26136363636363635
academic_T3::academic_T3_S006,T3,academic,2002,26,26,59261,0.00043873711209733215,115,0.22608695652173913
academic_T3::academic_T3_S006,T3,academic,2003,27,27,59261,0.00045561161640876797,141,0.19148936170212766
academic_T3::academic_T3_S006,T3,academic,2004,21,21,59261,0.0003543645905401529,141,0.14893617021276595
academic_T3::academic_T3_S006,T3,academic,2005,23,23,59261,0.0003881135991630246,167,0.1377245508982036
academic_T3::academic_T3_S006,T3,academic,2006,36,36,59261,0.0006074821552116906,203,0.17733990147783252
academic_T3::academic_T3_S006,T3,academic,2007,30,30,59261,0.0005062351293430756,256,0.1171875
academic_T3::academic_T3_S006,T3,academic,2008,26,26,59261,0.00043873711209733215,310,0.08387096774193549
academic_T3::academic_T3_S006,T3,academic,2009,44,44,59261,0.0007424781897031775,366,0.12021857923497267
academic_T3::academic_T3_S006,T3,academic,2010,40,40,59261,0.000674980172457434,510,0.0784313725490196
academic_T3::academic_T3_S006,T3,academic,2011,38,38,59261,0.0006412311638345624,559,0.06797853309481217
academic_T3::academic_T3_S006,T3,academic,2012,59,59,59261,0.0009955957543747152,737,0.08005427408412483
academic_T3::academic_T3_S006,T3,academic,2013,44,44,59261,0.0007424781897031775,848,0.05188679245283019
academic_T3::academic_T3_S006,T3,academic,2014,48,48,59261,0.0008099762069489209,986,0.0486815415821501
academic_T3::academic_T3_S006,T3,academic,2015,42,42,59261,0.0007087291810803058,1111,0.037803780378037805
academic_T3::academic_T3_S006,T3,academic,2016,43,43,59261,0.0007256036853917416,1187,0.03622577927548441
academic_T3::academic_T3_S006,T3,academic,2017,53,53,59261,0.0008943487285061002,1573,0.033693579148124604
academic_T3::academic_T3_S006,T3,academic,2018,76,76,59261,0.0012824623276691247,2404,0.03161397670549085
academic_T3::academic_T3_S006,T3,academic,2019,124,124,59261,0.0020924385346180454,3687,0.033631678871711417
academic_T3::academic_T3_S006,T3,academic,2020,100,100,59261,0.001687450431143585,4362,0.022925263640531865
academic_T3::academic_T3_S006,T3,academic,2021,102,102,59261,0.0017211994397664568,5381,0.018955584463854303
academic_T3::academic_T3_S006,T3,academic,2022,111,111,59261,0.0018730699785693796,6028,0.018414067684140677
academic_T3::academic_T3_S006,T3,academic,2023,96,96,59261,0.0016199524138978418,8480,0.011320754716981131
academic_T3::academic_T3_S006,T3,academic,2024,120,120,59261,0.0020249405173723024,13117,0.009148433330792101
academic_T3::academic_T3_S006,T3,academic,2025,46,46,59261,0.0007762271983260492,6416,0.007169576059850374
academic_T3::academic_T3_S017,T3,academic,2000,0,0,59261,0.0,88,0.0
academic_T3::academic_T3_S017,T3,academic,2001,0,0,59261,0.0,88,0.0
academic_T3::academic_T3_S017,T3,academic,2002,0,0,59261,0.0,115,0.0
academic_T3::academic_T3_S017,T3,academic,2003,0,0,59261,0.0,141,0.0
academic_T3::academic_T3_S017,T3,academic,2004,0,0,59261,0.0,141,0.0
academic_T3::academic_T3_S017,T3,academic,2005,0,0,59261,0.0,167,0.0
academic_T3::academic_T3_S017,T3,academic,2006,0,0,59261,0.0,203,0.0
academic_T3::academic_T3_S017,T3,academic,2007,2,2,59261,3.37490086228717e-05,256,0.0078125
academic_T3::academic_T3_S017,T3,academic,2008,1,1,59261,1.687450431143585e-05,310,0.0032258064516129032
academic_T3::academic_T3_S017,T3,academic,2009,4,4,59261,6.74980172457434e-05,366,0.01092896174863388
academic_T3::academic_T3_S017,T3,academic,2010,3,3,59261,5.0623512934307556e-05,510,0.0058823529411764705
academic_T3::academic_T3_S017,T3,academic,2011,2,2,59261,3.37490086228717e-05,559,0.0035778175313059034
academic_T3::academic_T3_S017,T3,academic,2012,3,3,59261,5.0623512934307556e-05,737,0.004070556309362279
academic_T3::academic_T3_S017,T3,academic,2013,4,4,59261,6.74980172457434e-05,848,0.0047169811320754715
academic_T3::academic_T3_S017,T3,academic,2014,4,4,59261,6.74980172457434e-05,986,0.004056795131845842
academic_T3::academic_T3_S017,T3,academic,2015,9,9,59261,0.00015187053880292266,1111,0.008100810081008101
academic_T3::academic_T3_S017,T3,academic,2016,2,2,59261,3.37490086228717e-05,1187,0.0016849199663016006
academic_T3::academic_T3_S017,T3,academic,2017,9,9,59261,0.00015187053880292266,1573,0.00572155117609663
academic_T3::academic_T3_S017,T3,academic,2018,8,8,59261,0.0001349960344914868,2404,0.0033277870216306157
academic_T3::academic_T3_S017,T3,academic,2019,25,25,59261,0.00042186260778589627,3687,0.0067805804176837535
academic_T3::academic_T3_S017,T3,academic,2020,35,35,59261,0.0005906076509002549,4362,0.008023842274186153
academic_T3::academic_T3_S017,T3,academic,2021,43,43,59261,0.0007256036853917416,5381,0.007991079724958185
academic_T3::academic_T3_S017,T3,academic,2022,50,50,59261,0.0008437252155717925,6028,0.00829462508294625
academic_T3::academic_T3_S017,T3,academic,2023,103,103,59261,0.0017380739440778928,8480,0.01214622641509434
academic_T3::academic_T3_S017,T3,academic,2024,223,223,59261,0.0037630144614501948,13117,0.017000838606388655
academic_T3::academic_T3_S017,T3,academic,2025,109,109,59261,0.0018393209699465079,6416,0.016988778054862843
academic_T3::academic_T3_S027,T3,academic,2000,0,0,59261,0.0,88,0.0
academic_T3::academic_T3_S027,T3,academic,2001,0,0,59261,0.0,88,0.0
academic_T3::academic_T3_S027,T3,academic,2002,0,0,59261,0.0,115,0.0
academic_T3::academic_T3_S027,T3,academic,2003,0,0,59261,0.0,141,0.0
academic_T3::academic_T3_S027,T3,academic,2004,1,1,59261,1.687450431143585e-05,141,0.0070921985815602835
academic_T3::academic_T3_S027,T3,academic,2005,0,0,59261,0.0,167,0.0
academic_T3::academic_T3_S027,T3,academic,2006,0,0,59261,0.0,203,0.0
academic_T3::academic_T3_S027,T3,academic,2007,0,0,59261,0.0,256,0.0
academic_T3::academic_T3_S027,T3,academic,2008,1,1,59261,1.687450431143585e-05,310,0.0032258064516129032
academic_T3::academic_T3_S027,T3,academic,2009,0,0,59261,0.0,366,0.0
academic_T3::academic_T3_S027,T3,academic,2010,0,0,59261,0.0,510,0.0
academic_T3::academic_T3_S027,T3,academic,2011,1,1,59261,1.687450431143585e-05,559,0.0017889087656529517
academic_T3::academic_T3_S027,T3,academic,2012,2,2,59261,3.37490086228717e-05,737,0.0027137042062415195
academic_T3::academic_T3_S027,T3,academic,2013,0,0,59261,0.0,848,0.0
academic_T3::academic_T3_S027,T3,academic,2014,2,2,59261,3.37490086228717e-05,986,0.002028397565922921
academic_T3::academic_T3_S027,T3,academic,2015,1,1,59261,1.687450431143585e-05,1111,0.0009000900090009
academic_T3::academic_T3_S027,T3,academic,2016,1,1,59261,1.687450431143585e-05,1187,0.0008424599831508003
academic_T3::academic_T3_S027,T3,academic,2017,1,1,59261,1.687450431143585e-05,1573,0.0006357279084551812
academic_T3::academic_T3_S027,T3,academic,2018,16,16,59261,0.0002699920689829736,2404,0.0066555740432612314
academic_T3::academic_T3_S027,T3,academic,2019,20,20,59261,0.000337490086228717,3687,0.005424464334147003
academic_T3::academic_T3_S027,T3,academic,2020,18,18,59261,0.0003037410776058453,4362,0.0041265474552957355
academic_T3::academic_T3_S027,T3,academic,2021,37,37,59261,0.0006243566595231265,5381,0.006876045344731463
academic_T3::academic_T3_S027,T3,academic,2022,78,78,59261,0.0013162113362919965,6028,0.012939615129396152
academic_T3::academic_T3_S027,T3,academic,2023,100,100,59261,0.001687450431143585,8480,0.01179245283018868
academic_T3::academic_T3_S027,T3,academic,2024,123,123,59261,0.00207556403030661,13117,0.009377144164061905
academic_T3::academic_T3_S027,T3,academic,2025,49,49,59261,0.0008268507112603568,6416,0.00763715710723192
academic_T3::academic_T3_S028,T3,academic,2000,2,2,59261,3.37490086228717e-05,88,0.022727272727272728
academic_T3::academic_T3_S028,T3,academic,2001,2,2,59261,3.37490086228717e-05,88,0.022727272727272728
academic_T3::academic_T3_S028,T3,academic,2002,1,1,59261,1.687450431143585e-05,115,0.008695652173913044
academic_T3::academic_T3_S028,T3,academic,2003,2,2,59261,3.37490086228717e-05,141,0.014184397163120567
academic_T3::academic_T3_S028,T3,academic,2004,1,1,59261,1.687450431143585e-05,141,0.0070921985815602835
academic_T3::academic_T3_S028,T3,academic,2005,2,2,59261,3.37490086228717e-05,167,0.011976047904191617
academic_T3::academic_T3_S028,T3,academic,2006,0,0,59261,0.0,203,0.0
academic_T3::academic_T3_S028,T3,academic,2007,3,3,59261,5.0623512934307556e-05,256,0.01171875
academic_T3::academic_T3_S028,T3,academic,2008,6,6,59261,0.00010124702586861511,310,0.01935483870967742
academic_T3::academic_T3_S028,T3,academic,2009,8,8,59261,0.0001349960344914868,366,0.02185792349726776
academic_T3::academic_T3_S028,T3,academic,2010,4,4,59261,6.74980172457434e-05,510,0.00784313725490196
academic_T3::academic_T3_S028,T3,academic,2011,7,7,59261,0.00011812153018005096,559,0.012522361359570662
academic_T3::academic_T3_S028,T3,academic,2012,4,4,59261,6.74980172457434e-05,737,0.005427408412483039
academic_T3::academic_T3_S028,T3,academic,2013,7,7,59261,0.00011812153018005096,848,0.008254716981132075
academic_T3::academic_T3_S028,T3,academic,2014,9,9,59261,0.00015187053880292266,986,0.009127789046653144
academic_T3::academic_T3_S028,T3,academic,2015,6,6,59261,0.00010124702586861511,1111,0.0054005400540054005
academic_T3::academic_T3_S028,T3,academic,2016,10,10,59261,0.0001687450431143585,1187,0.008424599831508003
academic_T3::academic_T3_S028,T3,academic,2017,18,18,59261,0.0003037410776058453,1573,0.01144310235219326
academic_T3::academic_T3_S028,T3,academic,2018,23,23,59261,0.0003881135991630246,2404,0.00956738768718802
academic_T3::academic_T3_S028,T3,academic,2019,33,33,59261,0.0005568586422773831,3687,0.008950366151342554
academic_T3::academic_T3_S028,T3,academic,2020,50,50,59261,0.0008437252155717925,4362,0.011462631820265932
academic_T3::academic_T3_S028,T3,academic,2021,51,51,59261,0.0008605997198832284,5381,0.009477792231927152
academic_T3::academic_T3_S028,T3,academic,2022,40,40,59261,0.000674980172457434,6028,0.006635700066357001
academic_T3::academic_T3_S028,T3,academic,2023,72,72,59261,0.0012149643104233812,8480,0.008490566037735849
academic_T3::academic_T3_S028,T3,academic,2024,88,88,59261,0.001484956379406355,13117,0.006708851109247542
academic_T3::academic_T3_S028,T3,academic,2025,43,43,59261,0.0007256036853917416,6416,0.006701995012468828
academic_T3::academic_T3_S029,T3,academic,2000,0,0,59261,0.0,88,0.0
academic_T3::academic_T3_S029,T3,academic,2001,0,0,59261,0.0,88,0.0
academic_T3::academic_T3_S029,T3,academic,2002,0,0,59261,0.0,115,0.0
academic_T3::academic_T3_S029,T3,academic,2003,0,0,59261,0.0,141,0.0
academic_T3::academic_T3_S029,T3,academic,2004,0,0,59261,0.0,141,0.0
academic_T3::academic_T3_S029,T3,academic,2005,1,1,59261,1.687450431143585e-05,167,0.005988023952095809
academic_T3::academic_T3_S029,T3,academic,2006,1,1,59261,1.687450431143585e-05,203,0.0049261083743842365
academic_T3::academic_T3_S029,T3,academic,2007,1,1,59261,1.687450431143585e-05,256,0.00390625
academic_T3::academic_T3_S029,T3,academic,2008,1,1,59261,1.687450431143585e-05,310,0.0032258064516129032
academic_T3::academic_T3_S029,T3,academic,2009,1,1,59261,1.687450431143585e-05,366,0.00273224043715847
academic_T3::academic_T3_S029,T3,academic,2010,1,1,59261,1.687450431143585e-05,510,0.00196078431372549
academic_T3::academic_T3_S029,T3,academic,2011,1,1,59261,1.687450431143585e-05,559,0.0017889087656529517
academic_T3::academic_T3_S029,T3,academic,2012,3,3,59261,5.0623512934307556e-05,737,0.004070556309362279
academic_T3::academic_T3_S029,T3,academic,2013,2,2,59261,3.37490086228717e-05,848,0.0023584905660377358
academic_T3::academic_T3_S029,T3,academic,2014,3,3,59261,5.0623512934307556e-05,986,0.0030425963488843813
academic_T3::academic_T3_S029,T3,academic,2015,5,5,59261,8.437252155717925e-05,1111,0.004500450045004501
academic_T3::academic_T3_S029,T3,academic,2016,3,3,59261,5.0623512934307556e-05,1187,0.002527379949452401
academic_T3::academic_T3_S029,T3,academic,2017,14,14,59261,0.00023624306036010192,1573,0.008900190718372537
academic_T3::academic_T3_S029,T3,academic,2018,18,18,59261,0.0003037410776058453,2404,0.0074875207986688855
academic_T3::academic_T3_S029,T3,academic,2019,27,27,59261,0.00045561161640876797,3687,0.007323026851098454
academic_T3::academic_T3_S029,T3,academic,2020,20,20,59261,0.000337490086228717,4362,0.004585052728106373
academic_T3::academic_T3_S029,T3,academic,2021,43,43,59261,0.0007256036853917416,5381,0.007991079724958185
academic_T3::academic_T3_S029,T3,academic,2022,41,41,59261,0.0006918546767688699,6028,0.0068015925680159255
academic_T3::academic_T3_S029,T3,academic,2023,72,72,59261,0.0012149643104233812,8480,0.008490566037735849
academic_T3::academic_T3_S029,T3,academic,2024,165,165,59261,0.0027842932113869155,13117,0.01257909582983914
academic_T3::academic_T3_S029,T3,academic,2025,73,73,59261,0.0012318388147348172,6416,0.01137780548628429
academic_T3::academic_T3_S034,T3,academic,2000,0,0,59261,0.0,88,0.0
academic_T3::academic_T3_S034,T3,academic,2001,0,0,59261,0.0,88,0.0
academic_T3::academic_T3_S034,T3,academic,2002,0,0,59261,0.0,115,0.0
academic_T3::academic_T3_S034,T3,academic,2003,1,1,59261,1.687450431143585e-05,141,0.0070921985815602835
academic_T3::academic_T3_S034,T3,academic,2004,4,4,59261,6.74980172457434e-05,141,0.028368794326241134
academic_T3::academic_T3_S034,T3,academic,2005,2,2,59261,3.37490086228717e-05,167,0.011976047904191617
academic_T3::academic_T3_S034,T3,academic,2006,0,0,59261,0.0,203,0.0
academic_T3::academic_T3_S034,T3,academic,2007,2,2,59261,3.37490086228717e-05,256,0.0078125
academic_T3::academic_T3_S034,T3,academic,2008,4,4,59261,6.74980172457434e-05,310,0.012903225806451613
academic_T3::academic_T3_S034,T3,academic,2009,3,3,59261,5.0623512934307556e-05,366,0.00819672131147541
academic_T3::academic_T3_S034,T3,academic,2010,6,6,59261,0.00010124702586861511,510,0.011764705882352941
academic_T3::academic_T3_S034,T3,academic,2011,6,6,59261,0.00010124702586861511,559,0.01073345259391771
academic_T3::academic_T3_S034,T3,academic,2012,8,8,59261,0.0001349960344914868,737,0.010854816824966078
academic_T3::academic_T3_S034,T3,academic,2013,6,6,59261,0.00010124702586861511,848,0.007075471698113208
academic_T3::academic_T3_S034,T3,academic,2014,7,7,59261,0.00011812153018005096,986,0.007099391480730223
academic_T3::academic_T3_S034,T3,academic,2015,7,7,59261,0.00011812153018005096,1111,0.0063006300630063005
academic_T3::academic_T3_S034,T3,academic,2016,12,12,59261,0.00020249405173723023,1187,0.010109519797809604
academic_T3::academic_T3_S034,T3,academic,2017,13,13,59261,0.00021936855604866607,1573,0.008264462809917356
academic_T3::academic_T3_S034,T3,academic,2018,23,23,59261,0.0003881135991630246,2404,0.00956738768718802
academic_T3::academic_T3_S034,T3,academic,2019,33,33,59261,0.0005568586422773831,3687,0.008950366151342554
academic_T3::academic_T3_S034,T3,academic,2020,23,23,59261,0.0003881135991630246,4362,0.00527281063732233
academic_T3::academic_T3_S034,T3,academic,2021,37,37,59261,0.0006243566595231265,5381,0.006876045344731463
academic_T3::academic_T3_S034,T3,academic,2022,51,51,59261,0.0008605997198832284,6028,0.008460517584605176
academic_T3::academic_T3_S034,T3,academic,2023,67,67,59261,0.001130591788866202,8480,0.007900943396226415
academic_T3::academic_T3_S034,T3,academic,2024,90,90,59261,0.0015187053880292266,13117,0.006861324998094076
academic_T3::academic_T3_S034,T3,academic,2025,40,40,59261,0.000674980172457434,6416,0.006234413965087282
academic_T3::academic_T3_S036,T3,academic,2000,0,0,59261,0.0,88,0.0
academic_T3::academic_T3_S036,T3,academic,2001,1,1,59261,1.687450431143585e-05,88,0.011363636363636364
academic_T3::academic_T3_S036,T3,academic,2002,1,1,59261,1.687450431143585e-05,115,0.008695652173913044
academic_T3::academic_T3_S036,T3,academic,2003,0,0,59261,0.0,141,0.0
academic_T3::academic_T3_S036,T3,academic,2004,0,0,59261,0.0,141,0.0
academic_T3::academic_T3_S036,T3,academic,2005,0,0,59261,0.0,167,0.0
academic_T3::academic_T3_S036,T3,academic,2006,0,0,59261,0.0,203,0.0
academic_T3::academic_T3_S036,T3,academic,2007,1,1,59261,1.687450431143585e-05,256,0.00390625
academic_T3::academic_T3_S036,T3,academic,2008,3,3,59261,5.0623512934307556e-05,310,0.00967741935483871
academic_T3::academic_T3_S036,T3,academic,2009,3,3,59261,5.0623512934307556e-05,366,0.00819672131147541
academic_T3::academic_T3_S036,T3,academic,2010,3,3,59261,5.0623512934307556e-05,510,0.0058823529411764705
academic_T3::academic_T3_S036,T3,academic,2011,3,3,59261,5.0623512934307556e-05,559,0.005366726296958855
academic_T3::academic_T3_S036,T3,academic,2012,5,5,59261,8.437252155717925e-05,737,0.0067842605156037995
academic_T3::academic_T3_S036,T3,academic,2013,8,8,59261,0.0001349960344914868,848,0.009433962264150943
academic_T3::academic_T3_S036,T3,academic,2014,9,9,59261,0.00015187053880292266,986,0.009127789046653144
academic_T3::academic_T3_S036,T3,academic,2015,4,4,59261,6.74980172457434e-05,1111,0.0036003600360036
academic_T3::academic_T3_S036,T3,academic,2016,7,7,59261,0.00011812153018005096,1187,0.005897219882055603
academic_T3::academic_T3_S036,T3,academic,2017,14,14,59261,0.00023624306036010192,1573,0.008900190718372537
academic_T3::academic_T3_S036,T3,academic,2018,21,21,59261,0.0003543645905401529,2404,0.008735440931780365
academic_T3::academic_T3_S036,T3,academic,2019,35,35,59261,0.0005906076509002549,3687,0.009492812584757255
academic_T3::academic_T3_S036,T3,academic,2020,38,38,59261,0.0006412311638345624,4362,0.00871160018340211
academic_T3::academic_T3_S036,T3,academic,2021,50,50,59261,0.0008437252155717925,5381,0.00929195316855603
academic_T3::academic_T3_S036,T3,academic,2022,47,47,59261,0.000793101702637485,6028,0.0077969475779694755
academic_T3::academic_T3_S036,T3,academic,2023,51,51,59261,0.0008605997198832284,8480,0.006014150943396227
academic_T3::academic_T3_S036,T3,academic,2024,99,99,59261,0.0016705759268321493,13117,0.007547457497903484
academic_T3::academic_T3_S036,T3,academic,2025,43,43,59261,0.0007256036853917416,6416,0.006701995012468828
academic_T3::academic_T3_S038,T3,academic,2000,1,1,59261,1.687450431143585e-05,88,0.011363636363636364
academic_T3::academic_T3_S038,T3,academic,2001,0,0,59261,0.0,88,0.0
academic_T3::academic_T3_S038,T3,academic,2002,0,0,59261,0.0,115,0.0
academic_T3::academic_T3_S038,T3,academic,2003,1,1,59261,1.687450431143585e-05,141,0.0070921985815602835
academic_T3::academic_T3_S038,T3,academic,2004,0,0,59261,0.0,141,0.0
academic_T3::academic_T3_S038,T3,academic,2005,0,0,59261,0.0,167,0.0
academic_T3::academic_T3_S038,T3,academic,2006,0,0,59261,0.0,203,0.0
academic_T3::academic_T3_S038,T3,academic,2007,0,0,59261,0.0,256,0.0
academic_T3::academic_T3_S038,T3,academic,2008,0,0,59261,0.0,310,0.0
academic_T3::academic_T3_S038,T3,academic,2009,4,4,59261,6.74980172457434e-05,366,0.01092896174863388
academic_T3::academic_T3_S038,T3,academic,2010,2,2,59261,3.37490086228717e-05,510,0.00392156862745098
academic_T3::academic_T3_S038,T3,academic,2011,0,0,59261,0.0,559,0.0
academic_T3::academic_T3_S038,T3,academic,2012,4,4,59261,6.74980172457434e-05,737,0.005427408412483039
academic_T3::academic_T3_S038,T3,academic,2013,1,1,59261,1.687450431143585e-05,848,0.0011792452830188679
academic_T3::academic_T3_S038,T3,academic,2014,2,2,59261,3.37490086228717e-05,986,0.002028397565922921
academic_T3::academic_T3_S038,T3,academic,2015,6,6,59261,0.00010124702586861511,1111,0.0054005400540054005
academic_T3::academic_T3_S038,T3,academic,2016,4,4,59261,6.74980172457434e-05,1187,0.003369839932603201
academic_T3::academic_T3_S038,T3,academic,2017,8,8,59261,0.0001349960344914868,1573,0.0050858232676414495
academic_T3::academic_T3_S038,T3,academic,2018,11,11,59261,0.00018561954742579438,2404,0.004575707154742097
academic_T3::academic_T3_S038,T3,academic,2019,10,10,59261,0.0001687450431143585,3687,0.0027122321670735015
academic_T3::academic_T3_S038,T3,academic,2020,27,27,59261,0.00045561161640876797,4362,0.006189821182943604
academic_T3::academic_T3_S038,T3,academic,2021,31,31,59261,0.0005231096336545114,5381,0.005761010964504739
academic_T3::academic_T3_S038,T3,academic,2022,43,43,59261,0.0007256036853917416,6028,0.007133377571333776
academic_T3::academic_T3_S038,T3,academic,2023,64,64,59261,0.0010799682759318945,8480,0.007547169811320755
academic_T3::academic_T3_S038,T3,academic,2024,115,115,59261,0.0019405679958151229,13117,0.008767248608675764
academic_T3::academic_T3_S038,T3,academic,2025,75,75,59261,0.0012655878233576888,6416,0.011689526184538654
academic_T3::academic_T3_S048,T3,academic,2000,2,2,59261,3.37490086228717e-05,88,0.022727272727272728
academic_T3::academic_T3_S048,T3,academic,2001,1,1,59261,1.687450431143585e-05,88,0.011363636363636364
academic_T3::academic_T3_S048,T3,academic,2002,1,1,59261,1.687450431143585e-05,115,0.008695652173913044
academic_T3::academic_T3_S048,T3,academic,2003,0,0,59261,0.0,141,0.0
academic_T3::academic_T3_S048,T3,academic,2004,0,0,59261,0.0,141,0.0
academic_T3::academic_T3_S048,T3,academic,2005,0,0,59261,0.0,167,0.0
academic_T3::academic_T3_S048,T3,academic,2006,3,3,59261,5.0623512934307556e-05,203,0.014778325123152709
academic_T3::academic_T3_S048,T3,academic,2007,0,0,59261,0.0,256,0.0
academic_T3::academic_T3_S048,T3,academic,2008,2,2,59261,3.37490086228717e-05,310,0.0064516129032258064
academic_T3::academic_T3_S048,T3,academic,2009,2,2,59261,3.37490086228717e-05,366,0.00546448087431694
academic_T3::academic_T3_S048,T3,academic,2010,1,1,59261,1.687450431143585e-05,510,0.00196078431372549
academic_T3::academic_T3_S048,T3,academic,2011,3,3,59261,5.0623512934307556e-05,559,0.005366726296958855
academic_T3::academic_T3_S048,T3,academic,2012,4,4,59261,6.74980172457434e-05,737,0.005427408412483039
academic_T3::academic_T3_S048,T3,academic,2013,1,1,59261,1.687450431143585e-05,848,0.0011792452830188679
academic_T3::academic_T3_S048,T3,academic,2014,8,8,59261,0.0001349960344914868,986,0.008113590263691683
academic_T3::academic_T3_S048,T3,academic,2015,5,5,59261,8.437252155717925e-05,1111,0.004500450045004501
academic_T3::academic_T3_S048,T3,academic,2016,4,4,59261,6.74980172457434e-05,1187,0.003369839932603201
academic_T3::academic_T3_S048,T3,academic,2017,10,10,59261,0.0001687450431143585,1573,0.006357279084551812
academic_T3::academic_T3_S048,T3,academic,2018,16,16,59261,0.0002699920689829736,2404,0.0066555740432612314
academic_T3::academic_T3_S048,T3,academic,2019,23,23,59261,0.0003881135991630246,3687,0.006238133984269053
academic_T3::academic_T3_S048,T3,academic,2020,19,19,59261,0.0003206155819172812,4362,0.004355800091701055
academic_T3::academic_T3_S048,T3,academic,2021,12,12,59261,0.00020249405173723023,5381,0.002230068760453447
academic_T3::academic_T3_S048,T3,academic,2022,25,25,59261,0.00042186260778589627,6028,0.004147312541473125
academic_T3::academic_T3_S048,T3,academic,2023,40,40,59261,0.000674980172457434,8480,0.0047169811320754715
academic_T3::academic_T3_S048,T3,academic,2024,110,110,59261,0.0018561954742579436,13117,0.008386063886559427
academic_T3::academic_T3_S048,T3,academic,2025,43,43,59261,0.0007256036853917416,6416,0.006701995012468828
academic_T3::academic_T3_S050,T3,academic,2000,0,0,59261,0.0,88,0.0
academic_T3::academic_T3_S050,T3,academic,2001,0,0,59261,0.0,88,0.0
academic_T3::academic_T3_S050,T3,academic,2002,0,0,59261,0.0,115,0.0
academic_T3::academic_T3_S050,T3,academic,2003,0,0,59261,0.0,141,0.0
academic_T3::academic_T3_S050,T3,academic,2004,1,1,59261,1.687450431143585e-05,141,0.0070921985815602835
academic_T3::academic_T3_S050,T3,academic,2005,0,0,59261,0.0,167,0.0
academic_T3::academic_T3_S050,T3,academic,2006,0,0,59261,0.0,203,0.0
academic_T3::academic_T3_S050,T3,academic,2007,1,1,59261,1.687450431143585e-05,256,0.00390625
academic_T3::academic_T3_S050,T3,academic,2008,2,2,59261,3.37490086228717e-05,310,0.0064516129032258064
academic_T3::academic_T3_S050,T3,academic,2009,2,2,59261,3.37490086228717e-05,366,0.00546448087431694
academic_T3::academic_T3_S050,T3,academic,2010,6,6,59261,0.00010124702586861511,510,0.011764705882352941
academic_T3::academic_T3_S050,T3,academic,2011,9,9,59261,0.00015187053880292266,559,0.016100178890876567
academic_T3::academic_T3_S050,T3,academic,2012,10,10,59261,0.0001687450431143585,737,0.013568521031207599
academic_T3::academic_T3_S050,T3,academic,2013,12,12,59261,0.00020249405173723023,848,0.014150943396226415
academic_T3::academic_T3_S050,T3,academic,2014,10,10,59261,0.0001687450431143585,986,0.010141987829614604
academic_T3::academic_T3_S050,T3,academic,2015,10,10,59261,0.0001687450431143585,1111,0.009000900090009001
academic_T3::academic_T3_S050,T3,academic,2016,15,15,59261,0.0002531175646715378,1187,0.012636899747262006
academic_T3::academic_T3_S050,T3,academic,2017,25,25,59261,0.00042186260778589627,1573,0.01589319771137953
academic_T3::academic_T3_S050,T3,academic,2018,17,17,59261,0.0002868665732944095,2404,0.007071547420965058
academic_T3::academic_T3_S050,T3,academic,2019,24,24,59261,0.00040498810347446045,3687,0.006509357200976403
academic_T3::academic_T3_S050,T3,academic,2020,21,21,59261,0.0003543645905401529,4362,0.004814305364511692
academic_T3::academic_T3_S050,T3,academic,2021,25,25,59261,0.00042186260778589627,5381,0.004645976584278015
academic_T3::academic_T3_S050,T3,academic,2022,26,26,59261,0.00043873711209733215,6028,0.0043132050431320505
academic_T3::academic_T3_S050,T3,academic,2023,26,26,59261,0.00043873711209733215,8480,0.003066037735849057
academic_T3::academic_T3_S050,T3,academic,2024,47,47,59261,0.000793101702637485,13117,0.0035831363878935734
academic_T3::academic_T3_S050,T3,academic,2025,22,22,59261,0.00037123909485158876,6416,0.003428927680798005
academic_T3::academic_T3_S057,T3,academic,2000,1,1,59261,1.687450431143585e-05,88,0.011363636363636364
academic_T3::academic_T3_S057,T3,academic,2001,0,0,59261,0.0,88,0.0
academic_T3::academic_T3_S057,T3,academic,2002,0,0,59261,0.0,115,0.0
academic_T3::academic_T3_S057,T3,academic,2003,0,0,59261,0.0,141,0.0
academic_T3::academic_T3_S057,T3,academic,2004,0,0,59261,0.0,141,0.0
academic_T3::academic_T3_S057,T3,academic,2005,0,0,59261,0.0,167,0.0
academic_T3::academic_T3_S057,T3,academic,2006,1,1,59261,1.687450431143585e-05,203,0.0049261083743842365
academic_T3::academic_T3_S057,T3,academic,2007,1,1,59261,1.687450431143585e-05,256,0.00390625
academic_T3::academic_T3_S057,T3,academic,2008,4,4,59261,6.74980172457434e-05,310,0.012903225806451613
academic_T3::academic_T3_S057,T3,academic,2009,1,1,59261,1.687450431143585e-05,366,0.00273224043715847
academic_T3::academic_T3_S057,T3,academic,2010,2,2,59261,3.37490086228717e-05,510,0.00392156862745098
academic_T3::academic_T3_S057,T3,academic,2011,5,5,59261,8.437252155717925e-05,559,0.008944543828264758
academic_T3::academic_T3_S057,T3,academic,2012,3,3,59261,5.0623512934307556e-05,737,0.004070556309362279
academic_T3::academic_T3_S057,T3,academic,2013,5,5,59261,8.437252155717925e-05,848,0.00589622641509434
academic_T3::academic_T3_S057,T3,academic,2014,4,4,59261,6.74980172457434e-05,986,0.004056795131845842
academic_T3::academic_T3_S057,T3,academic,2015,5,5,59261,8.437252155717925e-05,1111,0.004500450045004501
academic_T3::academic_T3_S057,T3,academic,2016,8,8,59261,0.0001349960344914868,1187,0.006739679865206402
academic_T3::academic_T3_S057,T3,academic,2017,8,8,59261,0.0001349960344914868,1573,0.0050858232676414495
academic_T3::academic_T3_S057,T3,academic,2018,9,9,59261,0.00015187053880292266,2404,0.0037437603993344427
academic_T3::academic_T3_S057,T3,academic,2019,27,27,59261,0.00045561161640876797,3687,0.007323026851098454
academic_T3::academic_T3_S057,T3,academic,2020,27,27,59261,0.00045561161640876797,4362,0.006189821182943604
academic_T3::academic_T3_S057,T3,academic,2021,40,40,59261,0.000674980172457434,5381,0.007433562534844824
academic_T3::academic_T3_S057,T3,academic,2022,19,19,59261,0.0003206155819172812,6028,0.0031519575315195753
academic_T3::academic_T3_S057,T3,academic,2023,43,43,59261,0.0007256036853917416,8480,0.005070754716981132
academic_T3::academic_T3_S057,T3,academic,2024,51,51,59261,0.0008605997198832284,13117,0.0038880841655866433
academic_T3::academic_T3_S057,T3,academic,2025,16,16,59261,0.0002699920689829736,6416,0.0024937655860349127
academic_T3::academic_T3_S066,T3,academic,2000,0,0,59261,0.0,88,0.0
academic_T3::academic_T3_S066,T3,academic,2001,0,0,59261,0.0,88,0.0
academic_T3::academic_T3_S066,T3,academic,2002,0,0,59261,0.0,115,0.0
academic_T3::academic_T3_S066,T3,academic,2003,0,0,59261,0.0,141,0.0
academic_T3::academic_T3_S066,T3,academic,2004,0,0,59261,0.0,141,0.0
academic_T3::academic_T3_S066,T3,academic,2005,0,0,59261,0.0,167,0.0
academic_T3::academic_T3_S066,T3,academic,2006,0,0,59261,0.0,203,0.0
academic_T3::academic_T3_S066,T3,academic,2007,0,0,59261,0.0,256,0.0
academic_T3::academic_T3_S066,T3,academic,2008,0,0,59261,0.0,310,0.0
academic_T3::academic_T3_S066,T3,academic,2009,0,0,59261,0.0,366,0.0
academic_T3::academic_T3_S066,T3,academic,2010,0,0,59261,0.0,510,0.0
academic_T3::academic_T3_S066,T3,academic,2011,0,0,59261,0.0,559,0.0
academic_T3::academic_T3_S066,T3,academic,2012,0,0,59261,0.0,737,0.0
academic_T3::academic_T3_S066,T3,academic,2013,0,0,59261,0.0,848,0.0
academic_T3::academic_T3_S066,T3,academic,2014,0,0,59261,0.0,986,0.0
academic_T3::academic_T3_S066,T3,academic,2015,0,0,59261,0.0,1111,0.0
academic_T3::academic_T3_S066,T3,academic,2016,0,0,59261,0.0,1187,0.0
academic_T3::academic_T3_S066,T3,academic,2017,0,0,59261,0.0,1573,0.0
academic_T3::academic_T3_S066,T3,academic,2018,0,0,59261,0.0,2404,0.0
academic_T3::academic_T3_S066,T3,academic,2019,0,0,59261,0.0,3687,0.0
academic_T3::academic_T3_S066,T3,academic,2020,22,22,59261,0.00037123909485158876,4362,0.0050435580009170105
academic_T3::academic_T3_S066,T3,academic,2021,52,52,59261,0.0008774742241946643,5381,0.00966363129529827
academic_T3::academic_T3_S066,T3,academic,2022,88,88,59261,0.001484956379406355,6028,0.014598540145985401
academic_T3::academic_T3_S066,T3,academic,2023,44,44,59261,0.0007424781897031775,8480,0.005188679245283019
academic_T3::academic_T3_S066,T3,academic,2024,42,42,59261,0.0007087291810803058,13117,0.0032019516657772356
academic_T3::academic_T3_S066,T3,academic,2025,8,8,59261,0.0001349960344914868,6416,0.0012468827930174563
academic_T3::academic_T3_S069,T3,academic,2000,0,0,59261,0.0,88,0.0
academic_T3::academic_T3_S069,T3,academic,2001,0,0,59261,0.0,88,0.0
academic_T3::academic_T3_S069,T3,academic,2002,0,0,59261,0.0,115,0.0
academic_T3::academic_T3_S069,T3,academic,2003,0,0,59261,0.0,141,0.0
academic_T3::academic_T3_S069,T3,academic,2004,0,0,59261,0.0,141,0.0
academic_T3::academic_T3_S069,T3,academic,2005,1,1,59261,1.687450431143585e-05,167,0.005988023952095809
academic_T3::academic_T3_S069,T3,academic,2006,0,0,59261,0.0,203,0.0
academic_T3::academic_T3_S069,T3,academic,2007,3,3,59261,5.0623512934307556e-05,256,0.01171875
academic_T3::academic_T3_S069,T3,academic,2008,0,0,59261,0.0,310,0.0
academic_T3::academic_T3_S069,T3,academic,2009,0,0,59261,0.0,366,0.0
academic_T3::academic_T3_S069,T3,academic,2010,3,3,59261,5.0623512934307556e-05,510,0.0058823529411764705
academic_T3::academic_T3_S069,T3,academic,2011,3,3,59261,5.0623512934307556e-05,559,0.005366726296958855
academic_T3::academic_T3_S069,T3,academic,2012,0,0,59261,0.0,737,0.0
academic_T3::academic_T3_S069,T3,academic,2013,2,2,59261,3.37490086228717e-05,848,0.0023584905660377358
academic_T3::academic_T3_S069,T3,academic,2014,4,4,59261,6.74980172457434e-05,986,0.004056795131845842
academic_T3::academic_T3_S069,T3,academic,2015,6,6,59261,0.00010124702586861511,1111,0.0054005400540054005
academic_T3::academic_T3_S069,T3,academic,2016,7,7,59261,0.00011812153018005096,1187,0.005897219882055603
academic_T3::academic_T3_S069,T3,academic,2017,11,11,59261,0.00018561954742579438,1573,0.006993006993006993
academic_T3::academic_T3_S069,T3,academic,2018,12,12,59261,0.00020249405173723023,2404,0.004991680532445923
academic_T3::academic_T3_S069,T3,academic,2019,20,20,59261,0.000337490086228717,3687,0.005424464334147003
academic_T3::academic_T3_S069,T3,academic,2020,20,20,59261,0.000337490086228717,4362,0.004585052728106373
academic_T3::academic_T3_S069,T3,academic,2021,30,30,59261,0.0005062351293430756,5381,0.0055751719011336185
academic_T3::academic_T3_S069,T3,academic,2022,28,28,59261,0.00047248612072020384,6028,0.0046449900464499
academic_T3::academic_T3_S069,T3,academic,2023,26,26,59261,0.00043873711209733215,8480,0.003066037735849057
academic_T3::academic_T3_S069,T3,academic,2024,40,40,59261,0.000674980172457434,13117,0.0030494777769307004
academic_T3::academic_T3_S069,T3,academic,2025,20,20,59261,0.000337490086228717,6416,0.003117206982543641
academic_T3::academic_T3_S071,T3,academic,2000,0,0,59261,0.0,88,0.0
academic_T3::academic_T3_S071,T3,academic,2001,0,0,59261,0.0,88,0.0
academic_T3::academic_T3_S071,T3,academic,2002,0,0,59261,0.0,115,0.0
academic_T3::academic_T3_S071,T3,academic,2003,0,0,59261,0.0,141,0.0
academic_T3::academic_T3_S071,T3,academic,2004,0,0,59261,0.0,141,0.0
academic_T3::academic_T3_S071,T3,academic,2005,0,0,59261,0.0,167,0.0
academic_T3::academic_T3_S071,T3,academic,2006,3,3,59261,5.0623512934307556e-05,203,0.014778325123152709
academic_T3::academic_T3_S071,T3,academic,2007,0,0,59261,0.0,256,0.0
academic_T3::academic_T3_S071,T3,academic,2008,2,2,59261,3.37490086228717e-05,310,0.0064516129032258064
academic_T3::academic_T3_S071,T3,academic,2009,0,0,59261,0.0,366,0.0
academic_T3::academic_T3_S071,T3,academic,2010,2,2,59261,3.37490086228717e-05,510,0.00392156862745098
academic_T3::academic_T3_S071,T3,academic,2011,2,2,59261,3.37490086228717e-05,559,0.0035778175313059034
academic_T3::academic_T3_S071,T3,academic,2012,1,1,59261,1.687450431143585e-05,737,0.0013568521031207597
academic_T3::academic_T3_S071,T3,academic,2013,3,3,59261,5.0623512934307556e-05,848,0.003537735849056604
academic_T3::academic_T3_S071,T3,academic,2014,3,3,59261,5.0623512934307556e-05,986,0.0030425963488843813
academic_T3::academic_T3_S071,T3,academic,2015,3,3,59261,5.0623512934307556e-05,1111,0.0027002700270027003
academic_T3::academic_T3_S071,T3,academic,2016,5,5,59261,8.437252155717925e-05,1187,0.004212299915754001
academic_T3::academic_T3_S071,T3,academic,2017,7,7,59261,0.00011812153018005096,1573,0.004450095359186269
academic_T3::academic_T3_S071,T3,academic,2018,6,6,59261,0.00010124702586861511,2404,0.0024958402662229617
academic_T3::academic_T3_S071,T3,academic,2019,14,14,59261,0.00023624306036010192,3687,0.003797125033902902
academic_T3::academic_T3_S071,T3,academic,2020,20,20,59261,0.000337490086228717,4362,0.004585052728106373
academic_T3::academic_T3_S071,T3,academic,2021,30,30,59261,0.0005062351293430756,5381,0.0055751719011336185
academic_T3::academic_T3_S071,T3,academic,2022,19,19,59261,0.0003206155819172812,6028,0.0031519575315195753
academic_T3::academic_T3_S071,T3,academic,2023,33,33,59261,0.0005568586422773831,8480,0.003891509433962264
academic_T3::academic_T3_S071,T3,academic,2024,52,52,59261,0.0008774742241946643,13117,0.003964321110009911
academic_T3::academic_T3_S071,T3,academic,2025,28,28,59261,0.00047248612072020384,6416,0.004364089775561097
academic_T3::academic_T3_S073,T3,academic,2000,0,0,59261,0.0,88,0.0
academic_T3::academic_T3_S073,T3,academic,2001,0,0,59261,0.0,88,0.0
academic_T3::academic_T3_S073,T3,academic,2002,0,0,59261,0.0,115,0.0
academic_T3::academic_T3_S073,T3,academic,2003,0,0,59261,0.0,141,0.0
academic_T3::academic_T3_S073,T3,academic,2004,0,0,59261,0.0,141,0.0
academic_T3::academic_T3_S073,T3,academic,2005,0,0,59261,0.0,167,0.0
academic_T3::academic_T3_S073,T3,academic,2006,1,1,59261,1.687450431143585e-05,203,0.0049261083743842365
academic_T3::academic_T3_S073,T3,academic,2007,0,0,59261,0.0,256,0.0
academic_T3::academic_T3_S073,T3,academic,2008,0,0,59261,0.0,310,0.0
academic_T3::academic_T3_S073,T3,academic,2009,0,0,59261,0.0,366,0.0
academic_T3::academic_T3_S073,T3,academic,2010,0,0,59261,0.0,510,0.0
academic_T3::academic_T3_S073,T3,academic,2011,0,0,59261,0.0,559,0.0
academic_T3::academic_T3_S073,T3,academic,2012,0,0,59261,0.0,737,0.0
academic_T3::academic_T3_S073,T3,academic,2013,2,2,59261,3.37490086228717e-05,848,0.0023584905660377358
academic_T3::academic_T3_S073,T3,academic,2014,1,1,59261,1.687450431143585e-05,986,0.0010141987829614604
academic_T3::academic_T3_S073,T3,academic,2015,5,5,59261,8.437252155717925e-05,1111,0.004500450045004501
academic_T3::academic_T3_S073,T3,academic,2016,3,3,59261,5.0623512934307556e-05,1187,0.002527379949452401
academic_T3::academic_T3_S073,T3,academic,2017,6,6,59261,0.00010124702586861511,1573,0.003814367450731087
academic_T3::academic_T3_S073,T3,academic,2018,15,15,59261,0.0002531175646715378,2404,0.006239600665557404
academic_T3::academic_T3_S073,T3,academic,2019,28,28,59261,0.00047248612072020384,3687,0.007594250067805804
academic_T3::academic_T3_S073,T3,academic,2020,25,25,59261,0.00042186260778589627,4362,0.005731315910132966
academic_T3::academic_T3_S073,T3,academic,2021,25,25,59261,0.00042186260778589627,5381,0.004645976584278015
academic_T3::academic_T3_S073,T3,academic,2022,28,28,59261,0.00047248612072020384,6028,0.0046449900464499
academic_T3::academic_T3_S073,T3,academic,2023,38,38,59261,0.0006412311638345624,8480,0.004481132075471698
academic_T3::academic_T3_S073,T3,academic,2024,33,33,59261,0.0005568586422773831,13117,0.002515819165967828
academic_T3::academic_T3_S073,T3,academic,2025,15,15,59261,0.0002531175646715378,6416,0.0023379052369077308
academic_T3::academic_T3_S076,T3,academic,2000,0,0,59261,0.0,88,0.0
academic_T3::academic_T3_S076,T3,academic,2001,0,0,59261,0.0,88,0.0
academic_T3::academic_T3_S076,T3,academic,2002,0,0,59261,0.0,115,0.0
academic_T3::academic_T3_S076,T3,academic,2003,0,0,59261,0.0,141,0.0
academic_T3::academic_T3_S076,T3,academic,2004,0,0,59261,0.0,141,0.0
academic_T3::academic_T3_S076,T3,academic,2005,0,0,59261,0.0,167,0.0
academic_T3::academic_T3_S076,T3,academic,2006,0,0,59261,0.0,203,0.0
academic_T3::academic_T3_S076,T3,academic,2007,0,0,59261,0.0,256,0.0
academic_T3::academic_T3_S076,T3,academic,2008,0,0,59261,0.0,310,0.0
academic_T3::academic_T3_S076,T3,academic,2009,0,0,59261,0.0,366,0.0
academic_T3::academic_T3_S076,T3,academic,2010,0,0,59261,0.0,510,0.0
academic_T3::academic_T3_S076,T3,academic,2011,1,1,59261,1.687450431143585e-05,559,0.0017889087656529517
academic_T3::academic_T3_S076,T3,academic,2012,0,0,59261,0.0,737,0.0
academic_T3::academic_T3_S076,T3,academic,2013,2,2,59261,3.37490086228717e-05,848,0.0023584905660377358
academic_T3::academic_T3_S076,T3,academic,2014,4,4,59261,6.74980172457434e-05,986,0.004056795131845842
academic_T3::academic_T3_S076,T3,academic,2015,13,13,59261,0.00021936855604866607,1111,0.011701170117011701
academic_T3::academic_T3_S076,T3,academic,2016,10,10,59261,0.0001687450431143585,1187,0.008424599831508003
academic_T3::academic_T3_S076,T3,academic,2017,10,10,59261,0.0001687450431143585,1573,0.006357279084551812
academic_T3::academic_T3_S076,T3,academic,2018,13,13,59261,0.00021936855604866607,2404,0.005407653910149751
academic_T3::academic_T3_S076,T3,academic,2019,27,27,59261,0.00045561161640876797,3687,0.007323026851098454
academic_T3::academic_T3_S076,T3,academic,2020,21,21,59261,0.0003543645905401529,4362,0.004814305364511692
academic_T3::academic_T3_S076,T3,academic,2021,19,19,59261,0.0003206155819172812,5381,0.0035309422040512915
academic_T3::academic_T3_S076,T3,academic,2022,34,34,59261,0.000573733146588819,6028,0.00564034505640345
academic_T3::academic_T3_S076,T3,academic,2023,35,35,59261,0.0005906076509002549,8480,0.004127358490566038
academic_T3::academic_T3_S076,T3,academic,2024,25,25,59261,0.00042186260778589627,13117,0.001905923610581688
academic_T3::academic_T3_S076,T3,academic,2025,10,10,59261,0.0001687450431143585,6416,0.0015586034912718205
academic_T3::academic_T3_S079,T3,academic,2000,0,0,59261,0.0,88,0.0
academic_T3::academic_T3_S079,T3,academic,2001,0,0,59261,0.0,88,0.0
academic_T3::academic_T3_S079,T3,academic,2002,0,0,59261,0.0,115,0.0
academic_T3::academic_T3_S079,T3,academic,2003,0,0,59261,0.0,141,0.0
academic_T3::academic_T3_S079,T3,academic,2004,0,0,59261,0.0,141,0.0
academic_T3::academic_T3_S079,T3,academic,2005,0,0,59261,0.0,167,0.0
academic_T3::academic_T3_S079,T3,academic,2006,0,0,59261,0.0,203,0.0
academic_T3::academic_T3_S079,T3,academic,2007,0,0,59261,0.0,256,0.0
academic_T3::academic_T3_S079,T3,academic,2008,0,0,59261,0.0,310,0.0
academic_T3::academic_T3_S079,T3,academic,2009,0,0,59261,0.0,366,0.0
academic_T3::academic_T3_S079,T3,academic,2010,0,0,59261,0.0,510,0.0
academic_T3::academic_T3_S079,T3,academic,2011,1,1,59261,1.687450431143585e-05,559,0.0017889087656529517
academic_T3::academic_T3_S079,T3,academic,2012,0,0,59261,0.0,737,0.0
academic_T3::academic_T3_S079,T3,academic,2013,0,0,59261,0.0,848,0.0
academic_T3::academic_T3_S079,T3,academic,2014,1,1,59261,1.687450431143585e-05,986,0.0010141987829614604
academic_T3::academic_T3_S079,T3,academic,2015,0,0,59261,0.0,1111,0.0
academic_T3::academic_T3_S079,T3,academic,2016,0,0,59261,0.0,1187,0.0
academic_T3::academic_T3_S079,T3,academic,2017,0,0,59261,0.0,1573,0.0
academic_T3::academic_T3_S079,T3,academic,2018,6,6,59261,0.00010124702586861511,2404,0.0024958402662229617
academic_T3::academic_T3_S079,T3,academic,2019,12,12,59261,0.00020249405173723023,3687,0.0032546786004882017
academic_T3::academic_T3_S079,T3,academic,2020,23,23,59261,0.0003881135991630246,4362,0.00527281063732233
academic_T3::academic_T3_S079,T3,academic,2021,24,24,59261,0.00040498810347446045,5381,0.004460137520906894
academic_T3::academic_T3_S079,T3,academic,2022,29,29,59261,0.0004893606250316397,6028,0.0048108825481088255
academic_T3::academic_T3_S079,T3,academic,2023,47,47,59261,0.000793101702637485,8480,0.005542452830188679
academic_T3::academic_T3_S079,T3,academic,2024,49,49,59261,0.0008268507112603568,13117,0.003735610276740108
academic_T3::academic_T3_S079,T3,academic,2025,13,13,59261,0.00021936855604866607,6416,0.0020261845386533666
academic_T3::academic_T3_S080,T3,academic,2000,0,0,59261,0.0,88,0.0
academic_T3::academic_T3_S080,T3,academic,2001,0,0,59261,0.0,88,0.0
academic_T3::academic_T3_S080,T3,academic,2002,0,0,59261,0.0,115,0.0
academic_T3::academic_T3_S080,T3,academic,2003,0,0,59261,0.0,141,0.0
academic_T3::academic_T3_S080,T3,academic,2004,1,1,59261,1.687450431143585e-05,141,0.0070921985815602835
academic_T3::academic_T3_S080,T3,academic,2005,1,1,59261,1.687450431143585e-05,167,0.005988023952095809
academic_T3::academic_T3_S080,T3,academic,2006,1,1,59261,1.687450431143585e-05,203,0.0049261083743842365
academic_T3::academic_T3_S080,T3,academic,2007,0,0,59261,0.0,256,0.0
academic_T3::academic_T3_S080,T3,academic,2008,1,1,59261,1.687450431143585e-05,310,0.0032258064516129032
academic_T3::academic_T3_S080,T3,academic,2009,1,1,59261,1.687450431143585e-05,366,0.00273224043715847
academic_T3::academic_T3_S080,T3,academic,2010,3,3,59261,5.0623512934307556e-05,510,0.0058823529411764705
academic_T3::academic_T3_S080,T3,academic,2011,3,3,59261,5.0623512934307556e-05,559,0.005366726296958855
academic_T3::academic_T3_S080,T3,academic,2012,4,4,59261,6.74980172457434e-05,737,0.005427408412483039
academic_T3::academic_T3_S080,T3,academic,2013,2,2,59261,3.37490086228717e-05,848,0.0023584905660377358
academic_T3::academic_T3_S080,T3,academic,2014,2,2,59261,3.37490086228717e-05,986,0.002028397565922921
academic_T3::academic_T3_S080,T3,academic,2015,5,5,59261,8.437252155717925e-05,1111,0.004500450045004501
academic_T3::academic_T3_S080,T3,academic,2016,6,6,59261,0.00010124702586861511,1187,0.005054759898904802
academic_T3::academic_T3_S080,T3,academic,2017,7,7,59261,0.00011812153018005096,1573,0.004450095359186269
academic_T3::academic_T3_S080,T3,academic,2018,8,8,59261,0.0001349960344914868,2404,0.0033277870216306157
academic_T3::academic_T3_S080,T3,academic,2019,9,9,59261,0.00015187053880292266,3687,0.0024410089503661514
academic_T3::academic_T3_S080,T3,academic,2020,24,24,59261,0.00040498810347446045,4362,0.005502063273727648
academic_T3::academic_T3_S080,T3,academic,2021,21,21,59261,0.0003543645905401529,5381,0.0039026203307935326
academic_T3::academic_T3_S080,T3,academic,2022,22,22,59261,0.00037123909485158876,6028,0.0036496350364963502
academic_T3::academic_T3_S080,T3,academic,2023,26,26,59261,0.00043873711209733215,8480,0.003066037735849057
academic_T3::academic_T3_S080,T3,academic,2024,45,45,59261,0.0007593526940146133,13117,0.003430662499047038
academic_T3::academic_T3_S080,T3,academic,2025,17,17,59261,0.0002868665732944095,6416,0.002649625935162095
academic_T3::academic_T3_S083,T3,academic,2000,0,0,59261,0.0,88,0.0
academic_T3::academic_T3_S083,T3,academic,2001,3,3,59261,5.0623512934307556e-05,88,0.03409090909090909
academic_T3::academic_T3_S083,T3,academic,2002,3,3,59261,5.0623512934307556e-05,115,0.02608695652173913
academic_T3::academic_T3_S083,T3,academic,2003,1,1,59261,1.687450431143585e-05,141,0.0070921985815602835
academic_T3::academic_T3_S083,T3,academic,2004,0,0,59261,0.0,141,0.0
academic_T3::academic_T3_S083,T3,academic,2005,4,4,59261,6.74980172457434e-05,167,0.023952095808383235
academic_T3::academic_T3_S083,T3,academic,2006,6,6,59261,0.00010124702586861511,203,0.029556650246305417
academic_T3::academic_T3_S083,T3,academic,2007,3,3,59261,5.0623512934307556e-05,256,0.01171875
academic_T3::academic_T3_S083,T3,academic,2008,2,2,59261,3.37490086228717e-05,310,0.0064516129032258064
academic_T3::academic_T3_S083,T3,academic,2009,0,0,59261,0.0,366,0.0
academic_T3::academic_T3_S083,T3,academic,2010,2,2,59261,3.37490086228717e-05,510,0.00392156862745098
academic_T3::academic_T3_S083,T3,academic,2011,2,2,59261,3.37490086228717e-05,559,0.0035778175313059034
academic_T3::academic_T3_S083,T3,academic,2012,6,6,59261,0.00010124702586861511,737,0.008141112618724558
academic_T3::academic_T3_S083,T3,academic,2013,4,4,59261,6.74980172457434e-05,848,0.0047169811320754715
academic_T3::academic_T3_S083,T3,academic,2014,8,8,59261,0.0001349960344914868,986,0.008113590263691683
academic_T3::academic_T3_S083,T3,academic,2015,4,4,59261,6.74980172457434e-05,1111,0.0036003600360036
academic_T3::academic_T3_S083,T3,academic,2016,2,2,59261,3.37490086228717e-05,1187,0.0016849199663016006
academic_T3::academic_T3_S083,T3,academic,2017,8,8,59261,0.0001349960344914868,1573,0.0050858232676414495
academic_T3::academic_T3_S083,T3,academic,2018,8,8,59261,0.0001349960344914868,2404,0.0033277870216306157
academic_T3::academic_T3_S083,T3,academic,2019,12,12,59261,0.00020249405173723023,3687,0.0032546786004882017
academic_T3::academic_T3_S083,T3,academic,2020,14,14,59261,0.00023624306036010192,4362,0.0032095369096744614
academic_T3::academic_T3_S083,T3,academic,2021,26,26,59261,0.00043873711209733215,5381,0.004831815647649135
academic_T3::academic_T3_S083,T3,academic,2022,17,17,59261,0.0002868665732944095,6028,0.002820172528201725
academic_T3::academic_T3_S083,T3,academic,2023,19,19,59261,0.0003206155819172812,8480,0.002240566037735849
academic_T3::academic_T3_S083,T3,academic,2024,27,27,59261,0.00045561161640876797,13117,0.0020583974994282227
academic_T3::academic_T3_S083,T3,academic,2025,20,20,59261,0.000337490086228717,6416,0.003117206982543641
academic_T3::academic_T3_S087,T3,academic,2000,0,0,59261,0.0,88,0.0
academic_T3::academic_T3_S087,T3,academic,2001,0,0,59261,0.0,88,0.0
academic_T3::academic_T3_S087,T3,academic,2002,0,0,59261,0.0,115,0.0
academic_T3::academic_T3_S087,T3,academic,2003,0,0,59261,0.0,141,0.0
academic_T3::academic_T3_S087,T3,academic,2004,0,0,59261,0.0,141,0.0
academic_T3::academic_T3_S087,T3,academic,2005,0,0,59261,0.0,167,0.0
academic_T3::academic_T3_S087,T3,academic,2006,0,0,59261,0.0,203,0.0
academic_T3::academic_T3_S087,T3,academic,2007,1,1,59261,1.687450431143585e-05,256,0.00390625
academic_T3::academic_T3_S087,T3,academic,2008,0,0,59261,0.0,310,0.0
academic_T3::academic_T3_S087,T3,academic,2009,4,4,59261,6.74980172457434e-05,366,0.01092896174863388
academic_T3::academic_T3_S087,T3,academic,2010,0,0,59261,0.0,510,0.0
academic_T3::academic_T3_S087,T3,academic,2011,4,4,59261,6.74980172457434e-05,559,0.007155635062611807
academic_T3::academic_T3_S087,T3,academic,2012,2,2,59261,3.37490086228717e-05,737,0.0027137042062415195
academic_T3::academic_T3_S087,T3,academic,2013,2,2,59261,3.37490086228717e-05,848,0.0023584905660377358
academic_T3::academic_T3_S087,T3,academic,2014,5,5,59261,8.437252155717925e-05,986,0.005070993914807302
academic_T3::academic_T3_S087,T3,academic,2015,5,5,59261,8.437252155717925e-05,1111,0.004500450045004501
academic_T3::academic_T3_S087,T3,academic,2016,10,10,59261,0.0001687450431143585,1187,0.008424599831508003
academic_T3::academic_T3_S087,T3,academic,2017,4,4,59261,6.74980172457434e-05,1573,0.0025429116338207248
academic_T3::academic_T3_S087,T3,academic,2018,8,8,59261,0.0001349960344914868,2404,0.0033277870216306157
academic_T3::academic_T3_S087,T3,academic,2019,18,18,59261,0.0003037410776058453,3687,0.004882017900732303
academic_T3::academic_T3_S087,T3,academic,2020,17,17,59261,0.0002868665732944095,4362,0.003897294818890417
academic_T3::academic_T3_S087,T3,academic,2021,20,20,59261,0.000337490086228717,5381,0.003716781267422412
academic_T3::academic_T3_S087,T3,academic,2022,25,25,59261,0.00042186260778589627,6028,0.004147312541473125
academic_T3::academic_T3_S087,T3,academic,2023,19,19,59261,0.0003206155819172812,8480,0.002240566037735849
academic_T3::academic_T3_S087,T3,academic,2024,28,28,59261,0.00047248612072020384,13117,0.0021346344438514906
academic_T3::academic_T3_S087,T3,academic,2025,9,9,59261,0.00015187053880292266,6416,0.0014027431421446384
academic_T3::academic_T3_S088,T3,academic,2000,0,0,59261,0.0,88,0.0
academic_T3::academic_T3_S088,T3,academic,2001,0,0,59261,0.0,88,0.0
academic_T3::academic_T3_S088,T3,academic,2002,0,0,59261,0.0,115,0.0
academic_T3::academic_T3_S088,T3,academic,2003,0,0,59261,0.0,141,0.0
academic_T3::academic_T3_S088,T3,academic,2004,0,0,59261,0.0,141,0.0
academic_T3::academic_T3_S088,T3,academic,2005,0,0,59261,0.0,167,0.0
academic_T3::academic_T3_S088,T3,academic,2006,0,0,59261,0.0,203,0.0
academic_T3::academic_T3_S088,T3,academic,2007,0,0,59261,0.0,256,0.0
academic_T3::academic_T3_S088,T3,academic,2008,0,0,59261,0.0,310,0.0
academic_T3::academic_T3_S088,T3,academic,2009,0,0,59261,0.0,366,0.0
academic_T3::academic_T3_S088,T3,academic,2010,3,3,59261,5.0623512934307556e-05,510,0.0058823529411764705
academic_T3::academic_T3_S088,T3,academic,2011,0,0,59261,0.0,559,0.0
academic_T3::academic_T3_S088,T3,academic,2012,0,0,59261,0.0,737,0.0
academic_T3::academic_T3_S088,T3,academic,2013,4,4,59261,6.74980172457434e-05,848,0.0047169811320754715
academic_T3::academic_T3_S088,T3,academic,2014,3,3,59261,5.0623512934307556e-05,986,0.0030425963488843813
academic_T3::academic_T3_S088,T3,academic,2015,7,7,59261,0.00011812153018005096,1111,0.0063006300630063005
academic_T3::academic_T3_S088,T3,academic,2016,5,5,59261,8.437252155717925e-05,1187,0.004212299915754001
academic_T3::academic_T3_S088,T3,academic,2017,7,7,59261,0.00011812153018005096,1573,0.004450095359186269
academic_T3::academic_T3_S088,T3,academic,2018,17,17,59261,0.0002868665732944095,2404,0.007071547420965058
academic_T3::academic_T3_S088,T3,academic,2019,11,11,59261,0.00018561954742579438,3687,0.0029834553837808516
academic_T3::academic_T3_S088,T3,academic,2020,12,12,59261,0.00020249405173723023,4362,0.002751031636863824
academic_T3::academic_T3_S088,T3,academic,2021,17,17,59261,0.0002868665732944095,5381,0.0031592640773090504
academic_T3::academic_T3_S088,T3,academic,2022,19,19,59261,0.0003206155819172812,6028,0.0031519575315195753
academic_T3::academic_T3_S088,T3,academic,2023,24,24,59261,0.00040498810347446045,8480,0.002830188679245283
academic_T3::academic_T3_S088,T3,academic,2024,43,43,59261,0.0007256036853917416,13117,0.003278188610200503
academic_T3::academic_T3_S088,T3,academic,2025,10,10,59261,0.0001687450431143585,6416,0.0015586034912718205
academic_T3::academic_T3_S090,T3,academic,2000,1,1,59261,1.687450431143585e-05,88,0.011363636363636364
academic_T3::academic_T3_S090,T3,academic,2001,0,0,59261,0.0,88,0.0
academic_T3::academic_T3_S090,T3,academic,2002,0,0,59261,0.0,115,0.0
academic_T3::academic_T3_S090,T3,academic,2003,0,0,59261,0.0,141,0.0
academic_T3::academic_T3_S090,T3,academic,2004,0,0,59261,0.0,141,0.0
academic_T3::academic_T3_S090,T3,academic,2005,0,0,59261,0.0,167,0.0
academic_T3::academic_T3_S090,T3,academic,2006,0,0,59261,0.0,203,0.0
academic_T3::academic_T3_S090,T3,academic,2007,0,0,59261,0.0,256,0.0
academic_T3::academic_T3_S090,T3,academic,2008,0,0,59261,0.0,310,0.0
academic_T3::academic_T3_S090,T3,academic,2009,1,1,59261,1.687450431143585e-05,366,0.00273224043715847
academic_T3::academic_T3_S090,T3,academic,2010,0,0,59261,0.0,510,0.0
academic_T3::academic_T3_S090,T3,academic,2011,0,0,59261,0.0,559,0.0
academic_T3::academic_T3_S090,T3,academic,2012,0,0,59261,0.0,737,0.0
academic_T3::academic_T3_S090,T3,academic,2013,1,1,59261,1.687450431143585e-05,848,0.0011792452830188679
academic_T3::academic_T3_S090,T3,academic,2014,1,1,59261,1.687450431143585e-05,986,0.0010141987829614604
academic_T3::academic_T3_S090,T3,academic,2015,0,0,59261,0.0,1111,0.0
academic_T3::academic_T3_S090,T3,academic,2016,2,2,59261,3.37490086228717e-05,1187,0.0016849199663016006
academic_T3::academic_T3_S090,T3,academic,2017,1,1,59261,1.687450431143585e-05,1573,0.0006357279084551812
academic_T3::academic_T3_S090,T3,academic,2018,6,6,59261,0.00010124702586861511,2404,0.0024958402662229617
academic_T3::academic_T3_S090,T3,academic,2019,4,4,59261,6.74980172457434e-05,3687,0.0010848928668294006
academic_T3::academic_T3_S090,T3,academic,2020,11,11,59261,0.00018561954742579438,4362,0.0025217790004585052
academic_T3::academic_T3_S090,T3,academic,2021,15,15,59261,0.0002531175646715378,5381,0.0027875859505668093
academic_T3::academic_T3_S090,T3,academic,2022,17,17,59261,0.0002868665732944095,6028,0.002820172528201725
academic_T3::academic_T3_S090,T3,academic,2023,30,30,59261,0.0005062351293430756,8480,0.003537735849056604
academic_T3::academic_T3_S090,T3,academic,2024,49,49,59261,0.0008268507112603568,13117,0.003735610276740108
academic_T3::academic_T3_S090,T3,academic,2025,29,29,59261,0.0004893606250316397,6416,0.00451995012468828
academic_T3::academic_T3_S091,T3,academic,2000,1,1,59261,1.687450431143585e-05,88,0.011363636363636364
academic_T3::academic_T3_S091,T3,academic,2001,0,0,59261,0.0,88,0.0
academic_T3::academic_T3_S091,T3,academic,2002,0,0,59261,0.0,115,0.0
academic_T3::academic_T3_S091,T3,academic,2003,0,0,59261,0.0,141,0.0
academic_T3::academic_T3_S091,T3,academic,2004,0,0,59261,0.0,141,0.0
academic_T3::academic_T3_S091,T3,academic,2005,0,0,59261,0.0,167,0.0
academic_T3::academic_T3_S091,T3,academic,2006,0,0,59261,0.0,203,0.0
academic_T3::academic_T3_S091,T3,academic,2007,1,1,59261,1.687450431143585e-05,256,0.00390625
academic_T3::academic_T3_S091,T3,academic,2008,1,1,59261,1.687450431143585e-05,310,0.0032258064516129032
academic_T3::academic_T3_S091,T3,academic,2009,1,1,59261,1.687450431143585e-05,366,0.00273224043715847
academic_T3::academic_T3_S091,T3,academic,2010,2,2,59261,3.37490086228717e-05,510,0.00392156862745098
academic_T3::academic_T3_S091,T3,academic,2011,5,5,59261,8.437252155717925e-05,559,0.008944543828264758
academic_T3::academic_T3_S091,T3,academic,2012,2,2,59261,3.37490086228717e-05,737,0.0027137042062415195
academic_T3::academic_T3_S091,T3,academic,2013,3,3,59261,5.0623512934307556e-05,848,0.003537735849056604
academic_T3::academic_T3_S091,T3,academic,2014,4,4,59261,6.74980172457434e-05,986,0.004056795131845842
academic_T3::academic_T3_S091,T3,academic,2015,6,6,59261,0.00010124702586861511,1111,0.0054005400540054005
academic_T3::academic_T3_S091,T3,academic,2016,2,2,59261,3.37490086228717e-05,1187,0.0016849199663016006
academic_T3::academic_T3_S091,T3,academic,2017,4,4,59261,6.74980172457434e-05,1573,0.0025429116338207248
academic_T3::academic_T3_S091,T3,academic,2018,6,6,59261,0.00010124702586861511,2404,0.0024958402662229617
academic_T3::academic_T3_S091,T3,academic,2019,13,13,59261,0.00021936855604866607,3687,0.003525901817195552
academic_T3::academic_T3_S091,T3,academic,2020,12,12,59261,0.00020249405173723023,4362,0.002751031636863824
academic_T3::academic_T3_S091,T3,academic,2021,13,13,59261,0.00021936855604866607,5381,0.0024159078238245677
academic_T3::academic_T3_S091,T3,academic,2022,24,24,59261,0.00040498810347446045,6028,0.003981420039814201
academic_T3::academic_T3_S091,T3,academic,2023,17,17,59261,0.0002868665732944095,8480,0.0020047169811320755
academic_T3::academic_T3_S091,T3,academic,2024,45,45,59261,0.0007593526940146133,13117,0.003430662499047038
academic_T3::academic_T3_S091,T3,academic,2025,17,17,59261,0.0002868665732944095,6416,0.002649625935162095
academic_T3::academic_T3_S097,T3,academic,2000,0,0,59261,0.0,88,0.0
academic_T3::academic_T3_S097,T3,academic,2001,0,0,59261,0.0,88,0.0
academic_T3::academic_T3_S097,T3,academic,2002,0,0,59261,0.0,115,0.0
academic_T3::academic_T3_S097,T3,academic,2003,0,0,59261,0.0,141,0.0
academic_T3::academic_T3_S097,T3,academic,2004,1,1,59261,1.687450431143585e-05,141,0.0070921985815602835
academic_T3::academic_T3_S097,T3,academic,2005,0,0,59261,0.0,167,0.0
academic_T3::academic_T3_S097,T3,academic,2006,0,0,59261,0.0,203,0.0
academic_T3::academic_T3_S097,T3,academic,2007,0,0,59261,0.0,256,0.0
academic_T3::academic_T3_S097,T3,academic,2008,0,0,59261,0.0,310,0.0
academic_T3::academic_T3_S097,T3,academic,2009,0,0,59261,0.0,366,0.0
academic_T3::academic_T3_S097,T3,academic,2010,1,1,59261,1.687450431143585e-05,510,0.00196078431372549
academic_T3::academic_T3_S097,T3,academic,2011,0,0,59261,0.0,559,0.0
academic_T3::academic_T3_S097,T3,academic,2012,0,0,59261,0.0,737,0.0
academic_T3::academic_T3_S097,T3,academic,2013,0,0,59261,0.0,848,0.0
academic_T3::academic_T3_S097,T3,academic,2014,2,2,59261,3.37490086228717e-05,986,0.002028397565922921
academic_T3::academic_T3_S097,T3,academic,2015,2,2,59261,3.37490086228717e-05,1111,0.0018001800180018
academic_T3::academic_T3_S097,T3,academic,2016,3,3,59261,5.0623512934307556e-05,1187,0.002527379949452401
academic_T3::academic_T3_S097,T3,academic,2017,4,4,59261,6.74980172457434e-05,1573,0.0025429116338207248
academic_T3::academic_T3_S097,T3,academic,2018,2,2,59261,3.37490086228717e-05,2404,0.0008319467554076539
academic_T3::academic_T3_S097,T3,academic,2019,6,6,59261,0.00010124702586861511,3687,0.0016273393002441008
academic_T3::academic_T3_S097,T3,academic,2020,9,9,59261,0.00015187053880292266,4362,0.0020632737276478678
academic_T3::academic_T3_S097,T3,academic,2021,19,19,59261,0.0003206155819172812,5381,0.0035309422040512915
academic_T3::academic_T3_S097,T3,academic,2022,16,16,59261,0.0002699920689829736,6028,0.0026542800265428003
academic_T3::academic_T3_S097,T3,academic,2023,32,32,59261,0.0005399841379659472,8480,0.0037735849056603774
academic_T3::academic_T3_S097,T3,academic,2024,37,37,59261,0.0006243566595231265,13117,0.0028207669436608983
academic_T3::academic_T3_S097,T3,academic,2025,24,24,59261,0.00040498810347446045,6416,0.003740648379052369
academic_T3::academic_T3_S099,T3,academic,2000,0,0,59261,0.0,88,0.0
academic_T3::academic_T3_S099,T3,academic,2001,0,0,59261,0.0,88,0.0
academic_T3::academic_T3_S099,T3,academic,2002,0,0,59261,0.0,115,0.0
academic_T3::academic_T3_S099,T3,academic,2003,0,0,59261,0.0,141,0.0
academic_T3::academic_T3_S099,T3,academic,2004,0,0,59261,0.0,141,0.0
academic_T3::academic_T3_S099,T3,academic,2005,0,0,59261,0.0,167,0.0
academic_T3::academic_T3_S099,T3,academic,2006,0,0,59261,0.0,203,0.0
academic_T3::academic_T3_S099,T3,academic,2007,0,0,59261,0.0,256,0.0
academic_T3::academic_T3_S099,T3,academic,2008,0,0,59261,0.0,310,0.0
academic_T3::academic_T3_S099,T3,academic,2009,0,0,59261,0.0,366,0.0
academic_T3::academic_T3_S099,T3,academic,2010,0,0,59261,0.0,510,0.0
academic_T3::academic_T3_S099,T3,academic,2011,1,1,59261,1.687450431143585e-05,559,0.0017889087656529517
academic_T3::academic_T3_S099,T3,academic,2012,0,0,59261,0.0,737,0.0
academic_T3::academic_T3_S099,T3,academic,2013,0,0,59261,0.0,848,0.0
academic_T3::academic_T3_S099,T3,academic,2014,2,2,59261,3.37490086228717e-05,986,0.002028397565922921
academic_T3::academic_T3_S099,T3,academic,2015,1,1,59261,1.687450431143585e-05,1111,0.0009000900090009
academic_T3::academic_T3_S099,T3,academic,2016,0,0,59261,0.0,1187,0.0
academic_T3::academic_T3_S099,T3,academic,2017,1,1,59261,1.687450431143585e-05,1573,0.0006357279084551812
academic_T3::academic_T3_S099,T3,academic,2018,1,1,59261,1.687450431143585e-05,2404,0.00041597337770382697
academic_T3::academic_T3_S099,T3,academic,2019,0,0,59261,0.0,3687,0.0
academic_T3::academic_T3_S099,T3,academic,2020,5,5,59261,8.437252155717925e-05,4362,0.0011462631820265932
academic_T3::academic_T3_S099,T3,academic,2021,4,4,59261,6.74980172457434e-05,5381,0.0007433562534844825
academic_T3::academic_T3_S099,T3,academic,2022,7,7,59261,0.00011812153018005096,6028,0.001161247511612475
academic_T3::academic_T3_S099,T3,academic,2023,25,25,59261,0.00042186260778589627,8480,0.00294811320754717
academic_T3::academic_T3_S099,T3,academic,2024,71,71,59261,0.0011980898061119455,13117,0.0054128230540519936
academic_T3::academic_T3_S099,T3,academic,2025,35,35,59261,0.0005906076509002549,6416,0.005455112219451372
academic_T3::academic_T3_S105,T3,academic,2000,0,0,59261,0.0,88,0.0
academic_T3::academic_T3_S105,T3,academic,2001,0,0,59261,0.0,88,0.0
academic_T3::academic_T3_S105,T3,academic,2002,0,0,59261,0.0,115,0.0
academic_T3::academic_T3_S105,T3,academic,2003,0,0,59261,0.0,141,0.0
academic_T3::academic_T3_S105,T3,academic,2004,0,0,59261,0.0,141,0.0
academic_T3::academic_T3_S105,T3,academic,2005,0,0,59261,0.0,167,0.0
academic_T3::academic_T3_S105,T3,academic,2006,0,0,59261,0.0,203,0.0
academic_T3::academic_T3_S105,T3,academic,2007,0,0,59261,0.0,256,0.0
academic_T3::academic_T3_S105,T3,academic,2008,0,0,59261,0.0,310,0.0
academic_T3::academic_T3_S105,T3,academic,2009,0,0,59261,0.0,366,0.0
academic_T3::academic_T3_S105,T3,academic,2010,0,0,59261,0.0,510,0.0
academic_T3::academic_T3_S105,T3,academic,2011,0,0,59261,0.0,559,0.0
academic_T3::academic_T3_S105,T3,academic,2012,2,2,59261,3.37490086228717e-05,737,0.0027137042062415195
academic_T3::academic_T3_S105,T3,academic,2013,1,1,59261,1.687450431143585e-05,848,0.0011792452830188679
academic_T3::academic_T3_S105,T3,academic,2014,0,0,59261,0.0,986,0.0
academic_T3::academic_T3_S105,T3,academic,2015,2,2,59261,3.37490086228717e-05,1111,0.0018001800180018
academic_T3::academic_T3_S105,T3,academic,2016,4,4,59261,6.74980172457434e-05,1187,0.003369839932603201
academic_T3::academic_T3_S105,T3,academic,2017,5,5,59261,8.437252155717925e-05,1573,0.003178639542275906
academic_T3::academic_T3_S105,T3,academic,2018,6,6,59261,0.00010124702586861511,2404,0.0024958402662229617
academic_T3::academic_T3_S105,T3,academic,2019,10,10,59261,0.0001687450431143585,3687,0.0027122321670735015
academic_T3::academic_T3_S105,T3,academic,2020,8,8,59261,0.0001349960344914868,4362,0.0018340210912425492
academic_T3::academic_T3_S105,T3,academic,2021,18,18,59261,0.0003037410776058453,5381,0.003345103140680171
academic_T3::academic_T3_S105,T3,academic,2022,11,11,59261,0.00018561954742579438,6028,0.0018248175182481751
academic_T3::academic_T3_S105,T3,academic,2023,24,24,59261,0.00040498810347446045,8480,0.002830188679245283
academic_T3::academic_T3_S105,T3,academic,2024,32,32,59261,0.0005399841379659472,13117,0.0024395822215445605
academic_T3::academic_T3_S105,T3,academic,2025,19,19,59261,0.0003206155819172812,6416,0.0029613466334164587
academic_T3::academic_T3_S106,T3,academic,2000,0,0,59261,0.0,88,0.0
academic_T3::academic_T3_S106,T3,academic,2001,0,0,59261,0.0,88,0.0
academic_T3::academic_T3_S106,T3,academic,2002,0,0,59261,0.0,115,0.0
academic_T3::academic_T3_S106,T3,academic,2003,0,0,59261,0.0,141,0.0
academic_T3::academic_T3_S106,T3,academic,2004,0,0,59261,0.0,141,0.0
academic_T3::academic_T3_S106,T3,academic,2005,0,0,59261,0.0,167,0.0
academic_T3::academic_T3_S106,T3,academic,2006,1,1,59261,1.687450431143585e-05,203,0.0049261083743842365
academic_T3::academic_T3_S106,T3,academic,2007,0,0,59261,0.0,256,0.0
academic_T3::academic_T3_S106,T3,academic,2008,0,0,59261,0.0,310,0.0
academic_T3::academic_T3_S106,T3,academic,2009,0,0,59261,0.0,366,0.0
academic_T3::academic_T3_S106,T3,academic,2010,1,1,59261,1.687450431143585e-05,510,0.00196078431372549
academic_T3::academic_T3_S106,T3,academic,2011,0,0,59261,0.0,559,0.0
academic_T3::academic_T3_S106,T3,academic,2012,3,3,59261,5.0623512934307556e-05,737,0.004070556309362279
academic_T3::academic_T3_S106,T3,academic,2013,2,2,59261,3.37490086228717e-05,848,0.0023584905660377358
academic_T3::academic_T3_S106,T3,academic,2014,3,3,59261,5.0623512934307556e-05,986,0.0030425963488843813
academic_T3::academic_T3_S106,T3,academic,2015,5,5,59261,8.437252155717925e-05,1111,0.004500450045004501
academic_T3::academic_T3_S106,T3,academic,2016,3,3,59261,5.0623512934307556e-05,1187,0.002527379949452401
academic_T3::academic_T3_S106,T3,academic,2017,5,5,59261,8.437252155717925e-05,1573,0.003178639542275906
academic_T3::academic_T3_S106,T3,academic,2018,4,4,59261,6.74980172457434e-05,2404,0.0016638935108153079
academic_T3::academic_T3_S106,T3,academic,2019,6,6,59261,0.00010124702586861511,3687,0.0016273393002441008
academic_T3::academic_T3_S106,T3,academic,2020,8,8,59261,0.0001349960344914868,4362,0.0018340210912425492
academic_T3::academic_T3_S106,T3,academic,2021,13,13,59261,0.00021936855604866607,5381,0.0024159078238245677
academic_T3::academic_T3_S106,T3,academic,2022,19,19,59261,0.0003206155819172812,6028,0.0031519575315195753
academic_T3::academic_T3_S106,T3,academic,2023,21,21,59261,0.0003543645905401529,8480,0.0024764150943396225
academic_T3::academic_T3_S106,T3,academic,2024,27,27,59261,0.00045561161640876797,13117,0.0020583974994282227
academic_T3::academic_T3_S106,T3,academic,2025,20,20,59261,0.000337490086228717,6416,0.003117206982543641
academic_T3::academic_T3_S108,T3,academic,2000,0,0,59261,0.0,88,0.0
academic_T3::academic_T3_S108,T3,academic,2001,0,0,59261,0.0,88,0.0
academic_T3::academic_T3_S108,T3,academic,2002,0,0,59261,0.0,115,0.0
academic_T3::academic_T3_S108,T3,academic,2003,0,0,59261,0.0,141,0.0
academic_T3::academic_T3_S108,T3,academic,2004,0,0,59261,0.0,141,0.0
academic_T3::academic_T3_S108,T3,academic,2005,0,0,59261,0.0,167,0.0
academic_T3::academic_T3_S108,T3,academic,2006,0,0,59261,0.0,203,0.0
academic_T3::academic_T3_S108,T3,academic,2007,0,0,59261,0.0,256,0.0
academic_T3::academic_T3_S108,T3,academic,2008,0,0,59261,0.0,310,0.0
academic_T3::academic_T3_S108,T3,academic,2009,0,0,59261,0.0,366,0.0
academic_T3::academic_T3_S108,T3,academic,2010,1,1,59261,1.687450431143585e-05,510,0.00196078431372549
academic_T3::academic_T3_S108,T3,academic,2011,2,2,59261,3.37490086228717e-05,559,0.0035778175313059034
academic_T3::academic_T3_S108,T3,academic,2012,0,0,59261,0.0,737,0.0
academic_T3::academic_T3_S108,T3,academic,2013,0,0,59261,0.0,848,0.0
academic_T3::academic_T3_S108,T3,academic,2014,2,2,59261,3.37490086228717e-05,986,0.002028397565922921
academic_T3::academic_T3_S108,T3,academic,2015,3,3,59261,5.0623512934307556e-05,1111,0.0027002700270027003
academic_T3::academic_T3_S108,T3,academic,2016,6,6,59261,0.00010124702586861511,1187,0.005054759898904802
academic_T3::academic_T3_S108,T3,academic,2017,2,2,59261,3.37490086228717e-05,1573,0.0012714558169103624
academic_T3::academic_T3_S108,T3,academic,2018,11,11,59261,0.00018561954742579438,2404,0.004575707154742097
academic_T3::academic_T3_S108,T3,academic,2019,14,14,59261,0.00023624306036010192,3687,0.003797125033902902
academic_T3::academic_T3_S108,T3,academic,2020,17,17,59261,0.0002868665732944095,4362,0.003897294818890417
academic_T3::academic_T3_S108,T3,academic,2021,11,11,59261,0.00018561954742579438,5381,0.0020442296970823266
academic_T3::academic_T3_S108,T3,academic,2022,13,13,59261,0.00021936855604866607,6028,0.0021566025215660253
academic_T3::academic_T3_S108,T3,academic,2023,25,25,59261,0.00042186260778589627,8480,0.00294811320754717
academic_T3::academic_T3_S108,T3,academic,2024,25,25,59261,0.00042186260778589627,13117,0.001905923610581688
academic_T3::academic_T3_S108,T3,academic,2025,10,10,59261,0.0001687450431143585,6416,0.0015586034912718205
academic_T3::academic_T3_S116,T3,academic,2000,0,0,59261,0.0,88,0.0
academic_T3::academic_T3_S116,T3,academic,2001,0,0,59261,0.0,88,0.0
academic_T3::academic_T3_S116,T3,academic,2002,0,0,59261,0.0,115,0.0
academic_T3::academic_T3_S116,T3,academic,2003,0,0,59261,0.0,141,0.0
academic_T3::academic_T3_S116,T3,academic,2004,0,0,59261,0.0,141,0.0
academic_T3::academic_T3_S116,T3,academic,2005,0,0,59261,0.0,167,0.0
academic_T3::academic_T3_S116,T3,academic,2006,0,0,59261,0.0,203,0.0
academic_T3::academic_T3_S116,T3,academic,2007,1,1,59261,1.687450431143585e-05,256,0.00390625
academic_T3::academic_T3_S116,T3,academic,2008,1,1,59261,1.687450431143585e-05,310,0.0032258064516129032
academic_T3::academic_T3_S116,T3,academic,2009,0,0,59261,0.0,366,0.0
academic_T3::academic_T3_S116,T3,academic,2010,6,6,59261,0.00010124702586861511,510,0.011764705882352941
academic_T3::academic_T3_S116,T3,academic,2011,1,1,59261,1.687450431143585e-05,559,0.0017889087656529517
academic_T3::academic_T3_S116,T3,academic,2012,2,2,59261,3.37490086228717e-05,737,0.0027137042062415195
academic_T3::academic_T3_S116,T3,academic,2013,3,3,59261,5.0623512934307556e-05,848,0.003537735849056604
academic_T3::academic_T3_S116,T3,academic,2014,4,4,59261,6.74980172457434e-05,986,0.004056795131845842
academic_T3::academic_T3_S116,T3,academic,2015,6,6,59261,0.00010124702586861511,1111,0.0054005400540054005
academic_T3::academic_T3_S116,T3,academic,2016,3,3,59261,5.0623512934307556e-05,1187,0.002527379949452401
academic_T3::academic_T3_S116,T3,academic,2017,3,3,59261,5.0623512934307556e-05,1573,0.0019071837253655435
academic_T3::academic_T3_S116,T3,academic,2018,6,6,59261,0.00010124702586861511,2404,0.0024958402662229617
academic_T3::academic_T3_S116,T3,academic,2019,8,8,59261,0.0001349960344914868,3687,0.0021697857336588013
academic_T3::academic_T3_S116,T3,academic,2020,5,5,59261,8.437252155717925e-05,4362,0.0011462631820265932
academic_T3::academic_T3_S116,T3,academic,2021,14,14,59261,0.00023624306036010192,5381,0.0026017468871956887
academic_T3::academic_T3_S116,T3,academic,2022,13,13,59261,0.00021936855604866607,6028,0.0021566025215660253
academic_T3::academic_T3_S116,T3,academic,2023,15,15,59261,0.0002531175646715378,8480,0.001768867924528302
academic_T3::academic_T3_S116,T3,academic,2024,25,25,59261,0.00042186260778589627,13117,0.001905923610581688
academic_T3::academic_T3_S116,T3,academic,2025,17,17,59261,0.0002868665732944095,6416,0.002649625935162095
academic_T3::academic_T3_S118,T3,academic,2000,0,0,59261,0.0,88,0.0
academic_T3::academic_T3_S118,T3,academic,2001,0,0,59261,0.0,88,0.0
academic_T3::academic_T3_S118,T3,academic,2002,0,0,59261,0.0,115,0.0
academic_T3::academic_T3_S118,T3,academic,2003,0,0,59261,0.0,141,0.0
academic_T3::academic_T3_S118,T3,academic,2004,0,0,59261,0.0,141,0.0
academic_T3::academic_T3_S118,T3,academic,2005,0,0,59261,0.0,167,0.0
academic_T3::academic_T3_S118,T3,academic,2006,1,1,59261,1.687450431143585e-05,203,0.0049261083743842365
academic_T3::academic_T3_S118,T3,academic,2007,0,0,59261,0.0,256,0.0
academic_T3::academic_T3_S118,T3,academic,2008,1,1,59261,1.687450431143585e-05,310,0.0032258064516129032
academic_T3::academic_T3_S118,T3,academic,2009,0,0,59261,0.0,366,0.0
academic_T3::academic_T3_S118,T3,academic,2010,0,0,59261,0.0,510,0.0
academic_T3::academic_T3_S118,T3,academic,2011,0,0,59261,0.0,559,0.0
academic_T3::academic_T3_S118,T3,academic,2012,0,0,59261,0.0,737,0.0
academic_T3::academic_T3_S118,T3,academic,2013,0,0,59261,0.0,848,0.0
academic_T3::academic_T3_S118,T3,academic,2014,0,0,59261,0.0,986,0.0
academic_T3::academic_T3_S118,T3,academic,2015,0,0,59261,0.0,1111,0.0
academic_T3::academic_T3_S118,T3,academic,2016,2,2,59261,3.37490086228717e-05,1187,0.0016849199663016006
academic_T3::academic_T3_S118,T3,academic,2017,1,1,59261,1.687450431143585e-05,1573,0.0006357279084551812
academic_T3::academic_T3_S118,T3,academic,2018,5,5,59261,8.437252155717925e-05,2404,0.0020798668885191347
academic_T3::academic_T3_S118,T3,academic,2019,11,11,59261,0.00018561954742579438,3687,0.0029834553837808516
academic_T3::academic_T3_S118,T3,academic,2020,18,18,59261,0.0003037410776058453,4362,0.0041265474552957355
academic_T3::academic_T3_S118,T3,academic,2021,21,21,59261,0.0003543645905401529,5381,0.0039026203307935326
academic_T3::academic_T3_S118,T3,academic,2022,17,17,59261,0.0002868665732944095,6028,0.002820172528201725
academic_T3::academic_T3_S118,T3,academic,2023,19,19,59261,0.0003206155819172812,8480,0.002240566037735849
academic_T3::academic_T3_S118,T3,academic,2024,26,26,59261,0.00043873711209733215,13117,0.0019821605550049554
academic_T3::academic_T3_S118,T3,academic,2025,8,8,59261,0.0001349960344914868,6416,0.0012468827930174563
academic_T3::academic_T3_S119,T3,academic,2000,0,0,59261,0.0,88,0.0
academic_T3::academic_T3_S119,T3,academic,2001,0,0,59261,0.0,88,0.0
academic_T3::academic_T3_S119,T3,academic,2002,0,0,59261,0.0,115,0.0
academic_T3::academic_T3_S119,T3,academic,2003,3,3,59261,5.0623512934307556e-05,141,0.02127659574468085
academic_T3::academic_T3_S119,T3,academic,2004,0,0,59261,0.0,141,0.0
academic_T3::academic_T3_S119,T3,academic,2005,0,0,59261,0.0,167,0.0
academic_T3::academic_T3_S119,T3,academic,2006,0,0,59261,0.0,203,0.0
academic_T3::academic_T3_S119,T3,academic,2007,1,1,59261,1.687450431143585e-05,256,0.00390625
academic_T3::academic_T3_S119,T3,academic,2008,1,1,59261,1.687450431143585e-05,310,0.0032258064516129032
academic_T3::academic_T3_S119,T3,academic,2009,0,0,59261,0.0,366,0.0
academic_T3::academic_T3_S119,T3,academic,2010,0,0,59261,0.0,510,0.0
academic_T3::academic_T3_S119,T3,academic,2011,0,0,59261,0.0,559,0.0
academic_T3::academic_T3_S119,T3,academic,2012,0,0,59261,0.0,737,0.0
academic_T3::academic_T3_S119,T3,academic,2013,1,1,59261,1.687450431143585e-05,848,0.0011792452830188679
academic_T3::academic_T3_S119,T3,academic,2014,3,3,59261,5.0623512934307556e-05,986,0.0030425963488843813
academic_T3::academic_T3_S119,T3,academic,2015,3,3,59261,5.0623512934307556e-05,1111,0.0027002700270027003
academic_T3::academic_T3_S119,T3,academic,2016,1,1,59261,1.687450431143585e-05,1187,0.0008424599831508003
academic_T3::academic_T3_S119,T3,academic,2017,3,3,59261,5.0623512934307556e-05,1573,0.0019071837253655435
academic_T3::academic_T3_S119,T3,academic,2018,2,2,59261,3.37490086228717e-05,2404,0.0008319467554076539
academic_T3::academic_T3_S119,T3,academic,2019,11,11,59261,0.00018561954742579438,3687,0.0029834553837808516
academic_T3::academic_T3_S119,T3,academic,2020,10,10,59261,0.0001687450431143585,4362,0.0022925263640531865
academic_T3::academic_T3_S119,T3,academic,2021,7,7,59261,0.00011812153018005096,5381,0.0013008734435978444
academic_T3::academic_T3_S119,T3,academic,2022,13,13,59261,0.00021936855604866607,6028,0.0021566025215660253
academic_T3::academic_T3_S119,T3,academic,2023,19,19,59261,0.0003206155819172812,8480,0.002240566037735849
academic_T3::academic_T3_S119,T3,academic,2024,34,34,59261,0.000573733146588819,13117,0.0025920561103910957
academic_T3::academic_T3_S119,T3,academic,2025,17,17,59261,0.0002868665732944095,6416,0.002649625935162095
academic_T3::academic_T3_S121,T3,academic,2000,0,0,59261,0.0,88,0.0
academic_T3::academic_T3_S121,T3,academic,2001,0,0,59261,0.0,88,0.0
academic_T3::academic_T3_S121,T3,academic,2002,1,1,59261,1.687450431143585e-05,115,0.008695652173913044
academic_T3::academic_T3_S121,T3,academic,2003,0,0,59261,0.0,141,0.0
academic_T3::academic_T3_S121,T3,academic,2004,0,0,59261,0.0,141,0.0
academic_T3::academic_T3_S121,T3,academic,2005,0,0,59261,0.0,167,0.0
academic_T3::academic_T3_S121,T3,academic,2006,0,0,59261,0.0,203,0.0
academic_T3::academic_T3_S121,T3,academic,2007,0,0,59261,0.0,256,0.0
academic_T3::academic_T3_S121,T3,academic,2008,0,0,59261,0.0,310,0.0
academic_T3::academic_T3_S121,T3,academic,2009,0,0,59261,0.0,366,0.0
academic_T3::academic_T3_S121,T3,academic,2010,1,1,59261,1.687450431143585e-05,510,0.00196078431372549
academic_T3::academic_T3_S121,T3,academic,2011,0,0,59261,0.0,559,0.0
academic_T3::academic_T3_S121,T3,academic,2012,2,2,59261,3.37490086228717e-05,737,0.0027137042062415195
academic_T3::academic_T3_S121,T3,academic,2013,0,0,59261,0.0,848,0.0
academic_T3::academic_T3_S121,T3,academic,2014,0,0,59261,0.0,986,0.0
academic_T3::academic_T3_S121,T3,academic,2015,2,2,59261,3.37490086228717e-05,1111,0.0018001800180018
academic_T3::academic_T3_S121,T3,academic,2016,0,0,59261,0.0,1187,0.0
academic_T3::academic_T3_S121,T3,academic,2017,1,1,59261,1.687450431143585e-05,1573,0.0006357279084551812
academic_T3::academic_T3_S121,T3,academic,2018,3,3,59261,5.0623512934307556e-05,2404,0.0012479201331114808
academic_T3::academic_T3_S121,T3,academic,2019,2,2,59261,3.37490086228717e-05,3687,0.0005424464334147003
academic_T3::academic_T3_S121,T3,academic,2020,11,11,59261,0.00018561954742579438,4362,0.0025217790004585052
academic_T3::academic_T3_S121,T3,academic,2021,11,11,59261,0.00018561954742579438,5381,0.0020442296970823266
academic_T3::academic_T3_S121,T3,academic,2022,14,14,59261,0.00023624306036010192,6028,0.00232249502322495
academic_T3::academic_T3_S121,T3,academic,2023,22,22,59261,0.00037123909485158876,8480,0.0025943396226415093
academic_T3::academic_T3_S121,T3,academic,2024,33,33,59261,0.0005568586422773831,13117,0.002515819165967828
academic_T3::academic_T3_S121,T3,academic,2025,21,21,59261,0.0003543645905401529,6416,0.003273067331670823
academic_T3::academic_T3_S124,T3,academic,2000,0,0,59261,0.0,88,0.0
academic_T3::academic_T3_S124,T3,academic,2001,0,0,59261,0.0,88,0.0
academic_T3::academic_T3_S124,T3,academic,2002,0,0,59261,0.0,115,0.0
academic_T3::academic_T3_S124,T3,academic,2003,0,0,59261,0.0,141,0.0
academic_T3::academic_T3_S124,T3,academic,2004,0,0,59261,0.0,141,0.0
academic_T3::academic_T3_S124,T3,academic,2005,0,0,59261,0.0,167,0.0
academic_T3::academic_T3_S124,T3,academic,2006,0,0,59261,0.0,203,0.0
academic_T3::academic_T3_S124,T3,academic,2007,0,0,59261,0.0,256,0.0
academic_T3::academic_T3_S124,T3,academic,2008,0,0,59261,0.0,310,0.0
academic_T3::academic_T3_S124,T3,academic,2009,1,1,59261,1.687450431143585e-05,366,0.00273224043715847
academic_T3::academic_T3_S124,T3,academic,2010,0,0,59261,0.0,510,0.0
academic_T3::academic_T3_S124,T3,academic,2011,0,0,59261,0.0,559,0.0
academic_T3::academic_T3_S124,T3,academic,2012,1,1,59261,1.687450431143585e-05,737,0.0013568521031207597
academic_T3::academic_T3_S124,T3,academic,2013,2,2,59261,3.37490086228717e-05,848,0.0023584905660377358
academic_T3::academic_T3_S124,T3,academic,2014,0,0,59261,0.0,986,0.0
academic_T3::academic_T3_S124,T3,academic,2015,2,2,59261,3.37490086228717e-05,1111,0.0018001800180018
academic_T3::academic_T3_S124,T3,academic,2016,2,2,59261,3.37490086228717e-05,1187,0.0016849199663016006
academic_T3::academic_T3_S124,T3,academic,2017,2,2,59261,3.37490086228717e-05,1573,0.0012714558169103624
academic_T3::academic_T3_S124,T3,academic,2018,5,5,59261,8.437252155717925e-05,2404,0.0020798668885191347
academic_T3::academic_T3_S124,T3,academic,2019,15,15,59261,0.0002531175646715378,3687,0.0040683482506102524
academic_T3::academic_T3_S124,T3,academic,2020,11,11,59261,0.00018561954742579438,4362,0.0025217790004585052
academic_T3::academic_T3_S124,T3,academic,2021,12,12,59261,0.00020249405173723023,5381,0.002230068760453447
academic_T3::academic_T3_S124,T3,academic,2022,17,17,59261,0.0002868665732944095,6028,0.002820172528201725
academic_T3::academic_T3_S124,T3,academic,2023,18,18,59261,0.0003037410776058453,8480,0.0021226415094339622
academic_T3::academic_T3_S124,T3,academic,2024,24,24,59261,0.00040498810347446045,13117,0.0018296866661584204
academic_T3::academic_T3_S124,T3,academic,2025,13,13,59261,0.00021936855604866607,6416,0.0020261845386533666
academic_T3::academic_T3_S125,T3,academic,2000,0,0,59261,0.0,88,0.0
academic_T3::academic_T3_S125,T3,academic,2001,0,0,59261,0.0,88,0.0
academic_T3::academic_T3_S125,T3,academic,2002,0,0,59261,0.0,115,0.0
academic_T3::academic_T3_S125,T3,academic,2003,0,0,59261,0.0,141,0.0
academic_T3::academic_T3_S125,T3,academic,2004,0,0,59261,0.0,141,0.0
academic_T3::academic_T3_S125,T3,academic,2005,0,0,59261,0.0,167,0.0
academic_T3::academic_T3_S125,T3,academic,2006,0,0,59261,0.0,203,0.0
academic_T3::academic_T3_S125,T3,academic,2007,0,0,59261,0.0,256,0.0
academic_T3::academic_T3_S125,T3,academic,2008,0,0,59261,0.0,310,0.0
academic_T3::academic_T3_S125,T3,academic,2009,0,0,59261,0.0,366,0.0
academic_T3::academic_T3_S125,T3,academic,2010,0,0,59261,0.0,510,0.0
academic_T3::academic_T3_S125,T3,academic,2011,0,0,59261,0.0,559,0.0
academic_T3::academic_T3_S125,T3,academic,2012,0,0,59261,0.0,737,0.0
academic_T3::academic_T3_S125,T3,academic,2013,0,0,59261,0.0,848,0.0
academic_T3::academic_T3_S125,T3,academic,2014,0,0,59261,0.0,986,0.0
academic_T3::academic_T3_S125,T3,academic,2015,1,1,59261,1.687450431143585e-05,1111,0.0009000900090009
academic_T3::academic_T3_S125,T3,academic,2016,0,0,59261,0.0,1187,0.0
academic_T3::academic_T3_S125,T3,academic,2017,1,1,59261,1.687450431143585e-05,1573,0.0006357279084551812
academic_T3::academic_T3_S125,T3,academic,2018,4,4,59261,6.74980172457434e-05,2404,0.0016638935108153079
academic_T3::academic_T3_S125,T3,academic,2019,2,2,59261,3.37490086228717e-05,3687,0.0005424464334147003
academic_T3::academic_T3_S125,T3,academic,2020,3,3,59261,5.0623512934307556e-05,4362,0.000687757909215956
academic_T3::academic_T3_S125,T3,academic,2021,8,8,59261,0.0001349960344914868,5381,0.001486712506968965
academic_T3::academic_T3_S125,T3,academic,2022,10,10,59261,0.0001687450431143585,6028,0.0016589250165892503
academic_T3::academic_T3_S125,T3,academic,2023,18,18,59261,0.0003037410776058453,8480,0.0021226415094339622
academic_T3::academic_T3_S125,T3,academic,2024,47,47,59261,0.000793101702637485,13117,0.0035831363878935734
academic_T3::academic_T3_S125,T3,academic,2025,28,28,59261,0.00047248612072020384,6416,0.004364089775561097
academic_T3::academic_T3_S126,T3,academic,2000,0,0,59261,0.0,88,0.0
academic_T3::academic_T3_S126,T3,academic,2001,0,0,59261,0.0,88,0.0
academic_T3::academic_T3_S126,T3,academic,2002,0,0,59261,0.0,115,0.0
academic_T3::academic_T3_S126,T3,academic,2003,0,0,59261,0.0,141,0.0
academic_T3::academic_T3_S126,T3,academic,2004,1,1,59261,1.687450431143585e-05,141,0.0070921985815602835
academic_T3::academic_T3_S126,T3,academic,2005,0,0,59261,0.0,167,0.0
academic_T3::academic_T3_S126,T3,academic,2006,0,0,59261,0.0,203,0.0
academic_T3::academic_T3_S126,T3,academic,2007,1,1,59261,1.687450431143585e-05,256,0.00390625
academic_T3::academic_T3_S126,T3,academic,2008,1,1,59261,1.687450431143585e-05,310,0.0032258064516129032
academic_T3::academic_T3_S126,T3,academic,2009,0,0,59261,0.0,366,0.0
academic_T3::academic_T3_S126,T3,academic,2010,0,0,59261,0.0,510,0.0
academic_T3::academic_T3_S126,T3,academic,2011,8,8,59261,0.0001349960344914868,559,0.014311270125223614
academic_T3::academic_T3_S126,T3,academic,2012,0,0,59261,0.0,737,0.0
academic_T3::academic_T3_S126,T3,academic,2013,1,1,59261,1.687450431143585e-05,848,0.0011792452830188679
academic_T3::academic_T3_S126,T3,academic,2014,2,2,59261,3.37490086228717e-05,986,0.002028397565922921
academic_T3::academic_T3_S126,T3,academic,2015,4,4,59261,6.74980172457434e-05,1111,0.0036003600360036
academic_T3::academic_T3_S126,T3,academic,2016,5,5,59261,8.437252155717925e-05,1187,0.004212299915754001
academic_T3::academic_T3_S126,T3,academic,2017,5,5,59261,8.437252155717925e-05,1573,0.003178639542275906
academic_T3::academic_T3_S126,T3,academic,2018,6,6,59261,0.00010124702586861511,2404,0.0024958402662229617
academic_T3::academic_T3_S126,T3,academic,2019,4,4,59261,6.74980172457434e-05,3687,0.0010848928668294006
academic_T3::academic_T3_S126,T3,academic,2020,16,16,59261,0.0002699920689829736,4362,0.0036680421824850985
academic_T3::academic_T3_S126,T3,academic,2021,13,13,59261,0.00021936855604866607,5381,0.0024159078238245677
academic_T3::academic_T3_S126,T3,academic,2022,12,12,59261,0.00020249405173723023,6028,0.0019907100199071004
academic_T3::academic_T3_S126,T3,academic,2023,13,13,59261,0.00021936855604866607,8480,0.0015330188679245284
academic_T3::academic_T3_S126,T3,academic,2024,21,21,59261,0.0003543645905401529,13117,0.0016009758328886178
academic_T3::academic_T3_S126,T3,academic,2025,5,5,59261,8.437252155717925e-05,6416,0.0007793017456359103
academic_T3::academic_T3_S129,T3,academic,2000,0,0,59261,0.0,88,0.0
academic_T3::academic_T3_S129,T3,academic,2001,0,0,59261,0.0,88,0.0
academic_T3::academic_T3_S129,T3,academic,2002,0,0,59261,0.0,115,0.0
academic_T3::academic_T3_S129,T3,academic,2003,0,0,59261,0.0,141,0.0
academic_T3::academic_T3_S129,T3,academic,2004,0,0,59261,0.0,141,0.0
academic_T3::academic_T3_S129,T3,academic,2005,0,0,59261,0.0,167,0.0
academic_T3::academic_T3_S129,T3,academic,2006,0,0,59261,0.0,203,0.0
academic_T3::academic_T3_S129,T3,academic,2007,0,0,59261,0.0,256,0.0
academic_T3::academic_T3_S129,T3,academic,2008,1,1,59261,1.687450431143585e-05,310,0.0032258064516129032
academic_T3::academic_T3_S129,T3,academic,2009,0,0,59261,0.0,366,0.0
academic_T3::academic_T3_S129,T3,academic,2010,0,0,59261,0.0,510,0.0
academic_T3::academic_T3_S129,T3,academic,2011,0,0,59261,0.0,559,0.0
academic_T3::academic_T3_S129,T3,academic,2012,0,0,59261,0.0,737,0.0
academic_T3::academic_T3_S129,T3,academic,2013,0,0,59261,0.0,848,0.0
academic_T3::academic_T3_S129,T3,academic,2014,1,1,59261,1.687450431143585e-05,986,0.0010141987829614604
academic_T3::academic_T3_S129,T3,academic,2015,4,4,59261,6.74980172457434e-05,1111,0.0036003600360036
academic_T3::academic_T3_S129,T3,academic,2016,4,4,59261,6.74980172457434e-05,1187,0.003369839932603201
academic_T3::academic_T3_S129,T3,academic,2017,3,3,59261,5.0623512934307556e-05,1573,0.0019071837253655435
academic_T3::academic_T3_S129,T3,academic,2018,2,2,59261,3.37490086228717e-05,2404,0.0008319467554076539
academic_T3::academic_T3_S129,T3,academic,2019,10,10,59261,0.0001687450431143585,3687,0.0027122321670735015
academic_T3::academic_T3_S129,T3,academic,2020,13,13,59261,0.00021936855604866607,4362,0.0029802842732691427
academic_T3::academic_T3_S129,T3,academic,2021,14,14,59261,0.00023624306036010192,5381,0.0026017468871956887
academic_T3::academic_T3_S129,T3,academic,2022,19,19,59261,0.0003206155819172812,6028,0.0031519575315195753
academic_T3::academic_T3_S129,T3,academic,2023,19,19,59261,0.0003206155819172812,8480,0.002240566037735849
academic_T3::academic_T3_S129,T3,academic,2024,22,22,59261,0.00037123909485158876,13117,0.0016772127773118854
academic_T3::academic_T3_S129,T3,academic,2025,4,4,59261,6.74980172457434e-05,6416,0.0006234413965087282
academic_T3::academic_T3_S134,T3,academic,2000,0,0,59261,0.0,88,0.0
academic_T3::academic_T3_S134,T3,academic,2001,0,0,59261,0.0,88,0.0
academic_T3::academic_T3_S134,T3,academic,2002,0,0,59261,0.0,115,0.0
academic_T3::academic_T3_S134,T3,academic,2003,0,0,59261,0.0,141,0.0
academic_T3::academic_T3_S134,T3,academic,2004,0,0,59261,0.0,141,0.0
academic_T3::academic_T3_S134,T3,academic,2005,0,0,59261,0.0,167,0.0
academic_T3::academic_T3_S134,T3,academic,2006,0,0,59261,0.0,203,0.0
academic_T3::academic_T3_S134,T3,academic,2007,0,0,59261,0.0,256,0.0
academic_T3::academic_T3_S134,T3,academic,2008,0,0,59261,0.0,310,0.0
academic_T3::academic_T3_S134,T3,academic,2009,0,0,59261,0.0,366,0.0
academic_T3::academic_T3_S134,T3,academic,2010,0,0,59261,0.0,510,0.0
academic_T3::academic_T3_S134,T3,academic,2011,0,0,59261,0.0,559,0.0
academic_T3::academic_T3_S134,T3,academic,2012,1,1,59261,1.687450431143585e-05,737,0.0013568521031207597
academic_T3::academic_T3_S134,T3,academic,2013,0,0,59261,0.0,848,0.0
academic_T3::academic_T3_S134,T3,academic,2014,0,0,59261,0.0,986,0.0
academic_T3::academic_T3_S134,T3,academic,2015,0,0,59261,0.0,1111,0.0
academic_T3::academic_T3_S134,T3,academic,2016,0,0,59261,0.0,1187,0.0
academic_T3::academic_T3_S134,T3,academic,2017,0,0,59261,0.0,1573,0.0
academic_T3::academic_T3_S134,T3,academic,2018,0,0,59261,0.0,2404,0.0
academic_T3::academic_T3_S134,T3,academic,2019,0,0,59261,0.0,3687,0.0
academic_T3::academic_T3_S134,T3,academic,2020,4,4,59261,6.74980172457434e-05,4362,0.0009170105456212746
academic_T3::academic_T3_S134,T3,academic,2021,8,8,59261,0.0001349960344914868,5381,0.001486712506968965
academic_T3::academic_T3_S134,T3,academic,2022,8,8,59261,0.0001349960344914868,6028,0.0013271400132714001
academic_T3::academic_T3_S134,T3,academic,2023,12,12,59261,0.00020249405173723023,8480,0.0014150943396226414
academic_T3::academic_T3_S134,T3,academic,2024,45,45,59261,0.0007593526940146133,13117,0.003430662499047038
academic_T3::academic_T3_S134,T3,academic,2025,32,32,59261,0.0005399841379659472,6416,0.004987531172069825
academic_T3::academic_T3_S135,T3,academic,2000,0,0,59261,0.0,88,0.0
academic_T3::academic_T3_S135,T3,academic,2001,0,0,59261,0.0,88,0.0
academic_T3::academic_T3_S135,T3,academic,2002,0,0,59261,0.0,115,0.0
academic_T3::academic_T3_S135,T3,academic,2003,0,0,59261,0.0,141,0.0
academic_T3::academic_T3_S135,T3,academic,2004,0,0,59261,0.0,141,0.0
academic_T3::academic_T3_S135,T3,academic,2005,0,0,59261,0.0,167,0.0
academic_T3::academic_T3_S135,T3,academic,2006,0,0,59261,0.0,203,0.0
academic_T3::academic_T3_S135,T3,academic,2007,0,0,59261,0.0,256,0.0
academic_T3::academic_T3_S135,T3,academic,2008,0,0,59261,0.0,310,0.0
academic_T3::academic_T3_S135,T3,academic,2009,0,0,59261,0.0,366,0.0
academic_T3::academic_T3_S135,T3,academic,2010,0,0,59261,0.0,510,0.0
academic_T3::academic_T3_S135,T3,academic,2011,0,0,59261,0.0,559,0.0
academic_T3::academic_T3_S135,T3,academic,2012,0,0,59261,0.0,737,0.0
academic_T3::academic_T3_S135,T3,academic,2013,1,1,59261,1.687450431143585e-05,848,0.0011792452830188679
academic_T3::academic_T3_S135,T3,academic,2014,0,0,59261,0.0,986,0.0
academic_T3::academic_T3_S135,T3,academic,2015,2,2,59261,3.37490086228717e-05,1111,0.0018001800180018
academic_T3::academic_T3_S135,T3,academic,2016,1,1,59261,1.687450431143585e-05,1187,0.0008424599831508003
academic_T3::academic_T3_S135,T3,academic,2017,0,0,59261,0.0,1573,0.0
academic_T3::academic_T3_S135,T3,academic,2018,4,4,59261,6.74980172457434e-05,2404,0.0016638935108153079
academic_T3::academic_T3_S135,T3,academic,2019,5,5,59261,8.437252155717925e-05,3687,0.0013561160835367507
academic_T3::academic_T3_S135,T3,academic,2020,7,7,59261,0.00011812153018005096,4362,0.0016047684548372307
academic_T3::academic_T3_S135,T3,academic,2021,10,10,59261,0.0001687450431143585,5381,0.001858390633711206
academic_T3::academic_T3_S135,T3,academic,2022,9,9,59261,0.00015187053880292266,6028,0.0014930325149303252
academic_T3::academic_T3_S135,T3,academic,2023,13,13,59261,0.00021936855604866607,8480,0.0015330188679245284
academic_T3::academic_T3_S135,T3,academic,2024,33,33,59261,0.0005568586422773831,13117,0.002515819165967828
academic_T3::academic_T3_S135,T3,academic,2025,19,19,59261,0.0003206155819172812,6416,0.0029613466334164587
academic_T3::academic_T3_S141,T3,academic,2000,0,0,59261,0.0,88,0.0
academic_T3::academic_T3_S141,T3,academic,2001,0,0,59261,0.0,88,0.0
academic_T3::academic_T3_S141,T3,academic,2002,0,0,59261,0.0,115,0.0
academic_T3::academic_T3_S141,T3,academic,2003,0,0,59261,0.0,141,0.0
academic_T3::academic_T3_S141,T3,academic,2004,0,0,59261,0.0,141,0.0
academic_T3::academic_T3_S141,T3,academic,2005,0,0,59261,0.0,167,0.0
academic_T3::academic_T3_S141,T3,academic,2006,0,0,59261,0.0,203,0.0
academic_T3::academic_T3_S141,T3,academic,2007,2,2,59261,3.37490086228717e-05,256,0.0078125
academic_T3::academic_T3_S141,T3,academic,2008,0,0,59261,0.0,310,0.0
academic_T3::academic_T3_S141,T3,academic,2009,1,1,59261,1.687450431143585e-05,366,0.00273224043715847
academic_T3::academic_T3_S141,T3,academic,2010,2,2,59261,3.37490086228717e-05,510,0.00392156862745098
academic_T3::academic_T3_S141,T3,academic,2011,0,0,59261,0.0,559,0.0
academic_T3::academic_T3_S141,T3,academic,2012,2,2,59261,3.37490086228717e-05,737,0.0027137042062415195
academic_T3::academic_T3_S141,T3,academic,2013,3,3,59261,5.0623512934307556e-05,848,0.003537735849056604
academic_T3::academic_T3_S141,T3,academic,2014,0,0,59261,0.0,986,0.0
academic_T3::academic_T3_S141,T3,academic,2015,1,1,59261,1.687450431143585e-05,1111,0.0009000900090009
academic_T3::academic_T3_S141,T3,academic,2016,0,0,59261,0.0,1187,0.0
academic_T3::academic_T3_S141,T3,academic,2017,9,9,59261,0.00015187053880292266,1573,0.00572155117609663
academic_T3::academic_T3_S141,T3,academic,2018,16,16,59261,0.0002699920689829736,2404,0.0066555740432612314
academic_T3::academic_T3_S141,T3,academic,2019,9,9,59261,0.00015187053880292266,3687,0.0024410089503661514
academic_T3::academic_T3_S141,T3,academic,2020,12,12,59261,0.00020249405173723023,4362,0.002751031636863824
academic_T3::academic_T3_S141,T3,academic,2021,5,5,59261,8.437252155717925e-05,5381,0.000929195316855603
academic_T3::academic_T3_S141,T3,academic,2022,6,6,59261,0.00010124702586861511,6028,0.0009953550099535502
academic_T3::academic_T3_S141,T3,academic,2023,12,12,59261,0.00020249405173723023,8480,0.0014150943396226414
academic_T3::academic_T3_S141,T3,academic,2024,16,16,59261,0.0002699920689829736,13117,0.0012197911107722803
academic_T3::academic_T3_S141,T3,academic,2025,2,2,59261,3.37490086228717e-05,6416,0.0003117206982543641
academic_T3::academic_T3_S142,T3,academic,2000,0,0,59261,0.0,88,0.0
academic_T3::academic_T3_S142,T3,academic,2001,0,0,59261,0.0,88,0.0
academic_T3::academic_T3_S142,T3,academic,2002,0,0,59261,0.0,115,0.0
academic_T3::academic_T3_S142,T3,academic,2003,0,0,59261,0.0,141,0.0
academic_T3::academic_T3_S142,T3,academic,2004,0,0,59261,0.0,141,0.0
academic_T3::academic_T3_S142,T3,academic,2005,0,0,59261,0.0,167,0.0
academic_T3::academic_T3_S142,T3,academic,2006,1,1,59261,1.687450431143585e-05,203,0.0049261083743842365
academic_T3::academic_T3_S142,T3,academic,2007,0,0,59261,0.0,256,0.0
academic_T3::academic_T3_S142,T3,academic,2008,0,0,59261,0.0,310,0.0
academic_T3::academic_T3_S142,T3,academic,2009,0,0,59261,0.0,366,0.0
academic_T3::academic_T3_S142,T3,academic,2010,0,0,59261,0.0,510,0.0
academic_T3::academic_T3_S142,T3,academic,2011,1,1,59261,1.687450431143585e-05,559,0.0017889087656529517
academic_T3::academic_T3_S142,T3,academic,2012,0,0,59261,0.0,737,0.0
academic_T3::academic_T3_S142,T3,academic,2013,0,0,59261,0.0,848,0.0
academic_T3::academic_T3_S142,T3,academic,2014,1,1,59261,1.687450431143585e-05,986,0.0010141987829614604
academic_T3::academic_T3_S142,T3,academic,2015,0,0,59261,0.0,1111,0.0
academic_T3::academic_T3_S142,T3,academic,2016,1,1,59261,1.687450431143585e-05,1187,0.0008424599831508003
academic_T3::academic_T3_S142,T3,academic,2017,1,1,59261,1.687450431143585e-05,1573,0.0006357279084551812
academic_T3::academic_T3_S142,T3,academic,2018,3,3,59261,5.0623512934307556e-05,2404,0.0012479201331114808
academic_T3::academic_T3_S142,T3,academic,2019,5,5,59261,8.437252155717925e-05,3687,0.0013561160835367507
academic_T3::academic_T3_S142,T3,academic,2020,9,9,59261,0.00015187053880292266,4362,0.0020632737276478678
academic_T3::academic_T3_S142,T3,academic,2021,5,5,59261,8.437252155717925e-05,5381,0.000929195316855603
academic_T3::academic_T3_S142,T3,academic,2022,13,13,59261,0.00021936855604866607,6028,0.0021566025215660253
academic_T3::academic_T3_S142,T3,academic,2023,9,9,59261,0.00015187053880292266,8480,0.0010613207547169811
academic_T3::academic_T3_S142,T3,academic,2024,35,35,59261,0.0005906076509002549,13117,0.002668293054814363
academic_T3::academic_T3_S142,T3,academic,2025,22,22,59261,0.00037123909485158876,6416,0.003428927680798005
academic_T3::academic_T3_S145,T3,academic,2000,0,0,59261,0.0,88,0.0
academic_T3::academic_T3_S145,T3,academic,2001,0,0,59261,0.0,88,0.0
academic_T3::academic_T3_S145,T3,academic,2002,0,0,59261,0.0,115,0.0
academic_T3::academic_T3_S145,T3,academic,2003,0,0,59261,0.0,141,0.0
academic_T3::academic_T3_S145,T3,academic,2004,0,0,59261,0.0,141,0.0
academic_T3::academic_T3_S145,T3,academic,2005,0,0,59261,0.0,167,0.0
academic_T3::academic_T3_S145,T3,academic,2006,0,0,59261,0.0,203,0.0
academic_T3::academic_T3_S145,T3,academic,2007,0,0,59261,0.0,256,0.0
academic_T3::academic_T3_S145,T3,academic,2008,0,0,59261,0.0,310,0.0
academic_T3::academic_T3_S145,T3,academic,2009,0,0,59261,0.0,366,0.0
academic_T3::academic_T3_S145,T3,academic,2010,0,0,59261,0.0,510,0.0
academic_T3::academic_T3_S145,T3,academic,2011,0,0,59261,0.0,559,0.0
academic_T3::academic_T3_S145,T3,academic,2012,1,1,59261,1.687450431143585e-05,737,0.0013568521031207597
academic_T3::academic_T3_S145,T3,academic,2013,1,1,59261,1.687450431143585e-05,848,0.0011792452830188679
academic_T3::academic_T3_S145,T3,academic,2014,3,3,59261,5.0623512934307556e-05,986,0.0030425963488843813
academic_T3::academic_T3_S145,T3,academic,2015,2,2,59261,3.37490086228717e-05,1111,0.0018001800180018
academic_T3::academic_T3_S145,T3,academic,2016,6,6,59261,0.00010124702586861511,1187,0.005054759898904802
academic_T3::academic_T3_S145,T3,academic,2017,1,1,59261,1.687450431143585e-05,1573,0.0006357279084551812
academic_T3::academic_T3_S145,T3,academic,2018,3,3,59261,5.0623512934307556e-05,2404,0.0012479201331114808
academic_T3::academic_T3_S145,T3,academic,2019,4,4,59261,6.74980172457434e-05,3687,0.0010848928668294006
academic_T3::academic_T3_S145,T3,academic,2020,7,7,59261,0.00011812153018005096,4362,0.0016047684548372307
academic_T3::academic_T3_S145,T3,academic,2021,13,13,59261,0.00021936855604866607,5381,0.0024159078238245677
academic_T3::academic_T3_S145,T3,academic,2022,7,7,59261,0.00011812153018005096,6028,0.001161247511612475
academic_T3::academic_T3_S145,T3,academic,2023,16,16,59261,0.0002699920689829736,8480,0.0018867924528301887
academic_T3::academic_T3_S145,T3,academic,2024,21,21,59261,0.0003543645905401529,13117,0.0016009758328886178
academic_T3::academic_T3_S145,T3,academic,2025,11,11,59261,0.00018561954742579438,6416,0.0017144638403990024
academic_T3::academic_T3_S146,T3,academic,2000,0,0,59261,0.0,88,0.0
academic_T3::academic_T3_S146,T3,academic,2001,0,0,59261,0.0,88,0.0
academic_T3::academic_T3_S146,T3,academic,2002,0,0,59261,0.0,115,0.0
academic_T3::academic_T3_S146,T3,academic,2003,0,0,59261,0.0,141,0.0
academic_T3::academic_T3_S146,T3,academic,2004,0,0,59261,0.0,141,0.0
academic_T3::academic_T3_S146,T3,academic,2005,0,0,59261,0.0,167,0.0
academic_T3::academic_T3_S146,T3,academic,2006,0,0,59261,0.0,203,0.0
academic_T3::academic_T3_S146,T3,academic,2007,2,2,59261,3.37490086228717e-05,256,0.0078125
academic_T3::academic_T3_S146,T3,academic,2008,0,0,59261,0.0,310,0.0
academic_T3::academic_T3_S146,T3,academic,2009,1,1,59261,1.687450431143585e-05,366,0.00273224043715847
academic_T3::academic_T3_S146,T3,academic,2010,3,3,59261,5.0623512934307556e-05,510,0.0058823529411764705
academic_T3::academic_T3_S146,T3,academic,2011,2,2,59261,3.37490086228717e-05,559,0.0035778175313059034
academic_T3::academic_T3_S146,T3,academic,2012,5,5,59261,8.437252155717925e-05,737,0.0067842605156037995
academic_T3::academic_T3_S146,T3,academic,2013,0,0,59261,0.0,848,0.0
academic_T3::academic_T3_S146,T3,academic,2014,1,1,59261,1.687450431143585e-05,986,0.0010141987829614604
academic_T3::academic_T3_S146,T3,academic,2015,6,6,59261,0.00010124702586861511,1111,0.0054005400540054005
academic_T3::academic_T3_S146,T3,academic,2016,6,6,59261,0.00010124702586861511,1187,0.005054759898904802
academic_T3::academic_T3_S146,T3,academic,2017,0,0,59261,0.0,1573,0.0
academic_T3::academic_T3_S146,T3,academic,2018,3,3,59261,5.0623512934307556e-05,2404,0.0012479201331114808
academic_T3::academic_T3_S146,T3,academic,2019,7,7,59261,0.00011812153018005096,3687,0.001898562516951451
academic_T3::academic_T3_S146,T3,academic,2020,12,12,59261,0.00020249405173723023,4362,0.002751031636863824
academic_T3::academic_T3_S146,T3,academic,2021,11,11,59261,0.00018561954742579438,5381,0.0020442296970823266
academic_T3::academic_T3_S146,T3,academic,2022,9,9,59261,0.00015187053880292266,6028,0.0014930325149303252
academic_T3::academic_T3_S146,T3,academic,2023,13,13,59261,0.00021936855604866607,8480,0.0015330188679245284
academic_T3::academic_T3_S146,T3,academic,2024,19,19,59261,0.0003206155819172812,13117,0.0014485019440420828
academic_T3::academic_T3_S146,T3,academic,2025,2,2,59261,3.37490086228717e-05,6416,0.0003117206982543641
academic_T3::academic_T3_S151,T3,academic,2000,0,0,59261,0.0,88,0.0
academic_T3::academic_T3_S151,T3,academic,2001,0,0,59261,0.0,88,0.0
academic_T3::academic_T3_S151,T3,academic,2002,0,0,59261,0.0,115,0.0
academic_T3::academic_T3_S151,T3,academic,2003,0,0,59261,0.0,141,0.0
academic_T3::academic_T3_S151,T3,academic,2004,0,0,59261,0.0,141,0.0
academic_T3::academic_T3_S151,T3,academic,2005,0,0,59261,0.0,167,0.0
academic_T3::academic_T3_S151,T3,academic,2006,0,0,59261,0.0,203,0.0
academic_T3::academic_T3_S151,T3,academic,2007,0,0,59261,0.0,256,0.0
academic_T3::academic_T3_S151,T3,academic,2008,0,0,59261,0.0,310,0.0
academic_T3::academic_T3_S151,T3,academic,2009,0,0,59261,0.0,366,0.0
academic_T3::academic_T3_S151,T3,academic,2010,1,1,59261,1.687450431143585e-05,510,0.00196078431372549
academic_T3::academic_T3_S151,T3,academic,2011,1,1,59261,1.687450431143585e-05,559,0.0017889087656529517
academic_T3::academic_T3_S151,T3,academic,2012,0,0,59261,0.0,737,0.0
academic_T3::academic_T3_S151,T3,academic,2013,3,3,59261,5.0623512934307556e-05,848,0.003537735849056604
academic_T3::academic_T3_S151,T3,academic,2014,1,1,59261,1.687450431143585e-05,986,0.0010141987829614604
academic_T3::academic_T3_S151,T3,academic,2015,0,0,59261,0.0,1111,0.0
academic_T3::academic_T3_S151,T3,academic,2016,1,1,59261,1.687450431143585e-05,1187,0.0008424599831508003
academic_T3::academic_T3_S151,T3,academic,2017,1,1,59261,1.687450431143585e-05,1573,0.0006357279084551812
academic_T3::academic_T3_S151,T3,academic,2018,5,5,59261,8.437252155717925e-05,2404,0.0020798668885191347
academic_T3::academic_T3_S151,T3,academic,2019,4,4,59261,6.74980172457434e-05,3687,0.0010848928668294006
academic_T3::academic_T3_S151,T3,academic,2020,8,8,59261,0.0001349960344914868,4362,0.0018340210912425492
academic_T3::academic_T3_S151,T3,academic,2021,9,9,59261,0.00015187053880292266,5381,0.0016725515703400855
academic_T3::academic_T3_S151,T3,academic,2022,9,9,59261,0.00015187053880292266,6028,0.0014930325149303252
academic_T3::academic_T3_S151,T3,academic,2023,9,9,59261,0.00015187053880292266,8480,0.0010613207547169811
academic_T3::academic_T3_S151,T3,academic,2024,31,31,59261,0.0005231096336545114,13117,0.002363345277121293
academic_T3::academic_T3_S151,T3,academic,2025,15,15,59261,0.0002531175646715378,6416,0.0023379052369077308
academic_T3::academic_T3_S157,T3,academic,2000,0,0,59261,0.0,88,0.0
academic_T3::academic_T3_S157,T3,academic,2001,0,0,59261,0.0,88,0.0
academic_T3::academic_T3_S157,T3,academic,2002,0,0,59261,0.0,115,0.0
academic_T3::academic_T3_S157,T3,academic,2003,0,0,59261,0.0,141,0.0
academic_T3::academic_T3_S157,T3,academic,2004,0,0,59261,0.0,141,0.0
academic_T3::academic_T3_S157,T3,academic,2005,0,0,59261,0.0,167,0.0
academic_T3::academic_T3_S157,T3,academic,2006,0,0,59261,0.0,203,0.0
academic_T3::academic_T3_S157,T3,academic,2007,0,0,59261,0.0,256,0.0
academic_T3::academic_T3_S157,T3,academic,2008,0,0,59261,0.0,310,0.0
academic_T3::academic_T3_S157,T3,academic,2009,0,0,59261,0.0,366,0.0
academic_T3::academic_T3_S157,T3,academic,2010,0,0,59261,0.0,510,0.0
academic_T3::academic_T3_S157,T3,academic,2011,0,0,59261,0.0,559,0.0
academic_T3::academic_T3_S157,T3,academic,2012,0,0,59261,0.0,737,0.0
academic_T3::academic_T3_S157,T3,academic,2013,0,0,59261,0.0,848,0.0
academic_T3::academic_T3_S157,T3,academic,2014,0,0,59261,0.0,986,0.0
academic_T3::academic_T3_S157,T3,academic,2015,0,0,59261,0.0,1111,0.0
academic_T3::academic_T3_S157,T3,academic,2016,0,0,59261,0.0,1187,0.0
academic_T3::academic_T3_S157,T3,academic,2017,3,3,59261,5.0623512934307556e-05,1573,0.0019071837253655435
academic_T3::academic_T3_S157,T3,academic,2018,3,3,59261,5.0623512934307556e-05,2404,0.0012479201331114808
academic_T3::academic_T3_S157,T3,academic,2019,1,1,59261,1.687450431143585e-05,3687,0.00027122321670735016
academic_T3::academic_T3_S157,T3,academic,2020,3,3,59261,5.0623512934307556e-05,4362,0.000687757909215956
academic_T3::academic_T3_S157,T3,academic,2021,6,6,59261,0.00010124702586861511,5381,0.0011150343802267236
academic_T3::academic_T3_S157,T3,academic,2022,12,12,59261,0.00020249405173723023,6028,0.0019907100199071004
academic_T3::academic_T3_S157,T3,academic,2023,15,15,59261,0.0002531175646715378,8480,0.001768867924528302
academic_T3::academic_T3_S157,T3,academic,2024,37,37,59261,0.0006243566595231265,13117,0.0028207669436608983
academic_T3::academic_T3_S157,T3,academic,2025,12,12,59261,0.00020249405173723023,6416,0.0018703241895261845
academic_T3::academic_T3_S160,T3,academic,2000,0,0,59261,0.0,88,0.0
academic_T3::academic_T3_S160,T3,academic,2001,0,0,59261,0.0,88,0.0
academic_T3::academic_T3_S160,T3,academic,2002,0,0,59261,0.0,115,0.0
academic_T3::academic_T3_S160,T3,academic,2003,1,1,59261,1.687450431143585e-05,141,0.0070921985815602835
academic_T3::academic_T3_S160,T3,academic,2004,1,1,59261,1.687450431143585e-05,141,0.0070921985815602835
academic_T3::academic_T3_S160,T3,academic,2005,1,1,59261,1.687450431143585e-05,167,0.005988023952095809
academic_T3::academic_T3_S160,T3,academic,2006,0,0,59261,0.0,203,0.0
academic_T3::academic_T3_S160,T3,academic,2007,0,0,59261,0.0,256,0.0
academic_T3::academic_T3_S160,T3,academic,2008,1,1,59261,1.687450431143585e-05,310,0.0032258064516129032
academic_T3::academic_T3_S160,T3,academic,2009,1,1,59261,1.687450431143585e-05,366,0.00273224043715847
academic_T3::academic_T3_S160,T3,academic,2010,1,1,59261,1.687450431143585e-05,510,0.00196078431372549
academic_T3::academic_T3_S160,T3,academic,2011,1,1,59261,1.687450431143585e-05,559,0.0017889087656529517
academic_T3::academic_T3_S160,T3,academic,2012,0,0,59261,0.0,737,0.0
academic_T3::academic_T3_S160,T3,academic,2013,1,1,59261,1.687450431143585e-05,848,0.0011792452830188679
academic_T3::academic_T3_S160,T3,academic,2014,0,0,59261,0.0,986,0.0
academic_T3::academic_T3_S160,T3,academic,2015,1,1,59261,1.687450431143585e-05,1111,0.0009000900090009
academic_T3::academic_T3_S160,T3,academic,2016,1,1,59261,1.687450431143585e-05,1187,0.0008424599831508003
academic_T3::academic_T3_S160,T3,academic,2017,0,0,59261,0.0,1573,0.0
academic_T3::academic_T3_S160,T3,academic,2018,3,3,59261,5.0623512934307556e-05,2404,0.0012479201331114808
academic_T3::academic_T3_S160,T3,academic,2019,5,5,59261,8.437252155717925e-05,3687,0.0013561160835367507
academic_T3::academic_T3_S160,T3,academic,2020,5,5,59261,8.437252155717925e-05,4362,0.0011462631820265932
academic_T3::academic_T3_S160,T3,academic,2021,8,8,59261,0.0001349960344914868,5381,0.001486712506968965
academic_T3::academic_T3_S160,T3,academic,2022,8,8,59261,0.0001349960344914868,6028,0.0013271400132714001
academic_T3::academic_T3_S160,T3,academic,2023,20,20,59261,0.000337490086228717,8480,0.0023584905660377358
academic_T3::academic_T3_S160,T3,academic,2024,29,29,59261,0.0004893606250316397,13117,0.002210871388274758
academic_T3::academic_T3_S160,T3,academic,2025,8,8,59261,0.0001349960344914868,6416,0.0012468827930174563
academic_T3::academic_T3_S161,T3,academic,2000,0,0,59261,0.0,88,0.0
academic_T3::academic_T3_S161,T3,academic,2001,0,0,59261,0.0,88,0.0
academic_T3::academic_T3_S161,T3,academic,2002,0,0,59261,0.0,115,0.0
academic_T3::academic_T3_S161,T3,academic,2003,0,0,59261,0.0,141,0.0
academic_T3::academic_T3_S161,T3,academic,2004,0,0,59261,0.0,141,0.0
academic_T3::academic_T3_S161,T3,academic,2005,0,0,59261,0.0,167,0.0
academic_T3::academic_T3_S161,T3,academic,2006,0,0,59261,0.0,203,0.0
academic_T3::academic_T3_S161,T3,academic,2007,0,0,59261,0.0,256,0.0
academic_T3::academic_T3_S161,T3,academic,2008,0,0,59261,0.0,310,0.0
academic_T3::academic_T3_S161,T3,academic,2009,0,0,59261,0.0,366,0.0
academic_T3::academic_T3_S161,T3,academic,2010,0,0,59261,0.0,510,0.0
academic_T3::academic_T3_S161,T3,academic,2011,0,0,59261,0.0,559,0.0
academic_T3::academic_T3_S161,T3,academic,2012,0,0,59261,0.0,737,0.0
academic_T3::academic_T3_S161,T3,academic,2013,0,0,59261,0.0,848,0.0
academic_T3::academic_T3_S161,T3,academic,2014,2,2,59261,3.37490086228717e-05,986,0.002028397565922921
academic_T3::academic_T3_S161,T3,academic,2015,0,0,59261,0.0,1111,0.0
academic_T3::academic_T3_S161,T3,academic,2016,0,0,59261,0.0,1187,0.0
academic_T3::academic_T3_S161,T3,academic,2017,0,0,59261,0.0,1573,0.0
academic_T3::academic_T3_S161,T3,academic,2018,2,2,59261,3.37490086228717e-05,2404,0.0008319467554076539
academic_T3::academic_T3_S161,T3,academic,2019,0,0,59261,0.0,3687,0.0
academic_T3::academic_T3_S161,T3,academic,2020,2,2,59261,3.37490086228717e-05,4362,0.0004585052728106373
academic_T3::academic_T3_S161,T3,academic,2021,7,7,59261,0.00011812153018005096,5381,0.0013008734435978444
academic_T3::academic_T3_S161,T3,academic,2022,3,3,59261,5.0623512934307556e-05,6028,0.0004976775049767751
academic_T3::academic_T3_S161,T3,academic,2023,12,12,59261,0.00020249405173723023,8480,0.0014150943396226414
academic_T3::academic_T3_S161,T3,academic,2024,37,37,59261,0.0006243566595231265,13117,0.0028207669436608983
academic_T3::academic_T3_S161,T3,academic,2025,28,28,59261,0.00047248612072020384,6416,0.004364089775561097
academic_T3::academic_T3_S167,T3,academic,2000,0,0,59261,0.0,88,0.0
academic_T3::academic_T3_S167,T3,academic,2001,0,0,59261,0.0,88,0.0
academic_T3::academic_T3_S167,T3,academic,2002,0,0,59261,0.0,115,0.0
academic_T3::academic_T3_S167,T3,academic,2003,0,0,59261,0.0,141,0.0
academic_T3::academic_T3_S167,T3,academic,2004,0,0,59261,0.0,141,0.0
academic_T3::academic_T3_S167,T3,academic,2005,0,0,59261,0.0,167,0.0
academic_T3::academic_T3_S167,T3,academic,2006,0,0,59261,0.0,203,0.0
academic_T3::academic_T3_S167,T3,academic,2007,0,0,59261,0.0,256,0.0
academic_T3::academic_T3_S167,T3,academic,2008,0,0,59261,0.0,310,0.0
academic_T3::academic_T3_S167,T3,academic,2009,1,1,59261,1.687450431143585e-05,366,0.00273224043715847
academic_T3::academic_T3_S167,T3,academic,2010,1,1,59261,1.687450431143585e-05,510,0.00196078431372549
academic_T3::academic_T3_S167,T3,academic,2011,0,0,59261,0.0,559,0.0
academic_T3::academic_T3_S167,T3,academic,2012,0,0,59261,0.0,737,0.0
academic_T3::academic_T3_S167,T3,academic,2013,0,0,59261,0.0,848,0.0
academic_T3::academic_T3_S167,T3,academic,2014,2,2,59261,3.37490086228717e-05,986,0.002028397565922921
academic_T3::academic_T3_S167,T3,academic,2015,1,1,59261,1.687450431143585e-05,1111,0.0009000900090009
academic_T3::academic_T3_S167,T3,academic,2016,2,2,59261,3.37490086228717e-05,1187,0.0016849199663016006
academic_T3::academic_T3_S167,T3,academic,2017,0,0,59261,0.0,1573,0.0
academic_T3::academic_T3_S167,T3,academic,2018,2,2,59261,3.37490086228717e-05,2404,0.0008319467554076539
academic_T3::academic_T3_S167,T3,academic,2019,2,2,59261,3.37490086228717e-05,3687,0.0005424464334147003
academic_T3::academic_T3_S167,T3,academic,2020,2,2,59261,3.37490086228717e-05,4362,0.0004585052728106373
academic_T3::academic_T3_S167,T3,academic,2021,1,1,59261,1.687450431143585e-05,5381,0.00018583906337112061
academic_T3::academic_T3_S167,T3,academic,2022,5,5,59261,8.437252155717925e-05,6028,0.0008294625082946251
academic_T3::academic_T3_S167,T3,academic,2023,12,12,59261,0.00020249405173723023,8480,0.0014150943396226414
academic_T3::academic_T3_S167,T3,academic,2024,29,29,59261,0.0004893606250316397,13117,0.002210871388274758
academic_T3::academic_T3_S167,T3,academic,2025,23,23,59261,0.0003881135991630246,6416,0.003584788029925187
academic_T3::academic_T3_S170,T3,academic,2000,0,0,59261,0.0,88,0.0
academic_T3::academic_T3_S170,T3,academic,2001,0,0,59261,0.0,88,0.0
academic_T3::academic_T3_S170,T3,academic,2002,0,0,59261,0.0,115,0.0
academic_T3::academic_T3_S170,T3,academic,2003,1,1,59261,1.687450431143585e-05,141,0.0070921985815602835
academic_T3::academic_T3_S170,T3,academic,2004,0,0,59261,0.0,141,0.0
academic_T3::academic_T3_S170,T3,academic,2005,1,1,59261,1.687450431143585e-05,167,0.005988023952095809
academic_T3::academic_T3_S170,T3,academic,2006,1,1,59261,1.687450431143585e-05,203,0.0049261083743842365
academic_T3::academic_T3_S170,T3,academic,2007,0,0,59261,0.0,256,0.0
academic_T3::academic_T3_S170,T3,academic,2008,1,1,59261,1.687450431143585e-05,310,0.0032258064516129032
academic_T3::academic_T3_S170,T3,academic,2009,0,0,59261,0.0,366,0.0
academic_T3::academic_T3_S170,T3,academic,2010,2,2,59261,3.37490086228717e-05,510,0.00392156862745098
academic_T3::academic_T3_S170,T3,academic,2011,1,1,59261,1.687450431143585e-05,559,0.0017889087656529517
academic_T3::academic_T3_S170,T3,academic,2012,0,0,59261,0.0,737,0.0
academic_T3::academic_T3_S170,T3,academic,2013,1,1,59261,1.687450431143585e-05,848,0.0011792452830188679
academic_T3::academic_T3_S170,T3,academic,2014,1,1,59261,1.687450431143585e-05,986,0.0010141987829614604
academic_T3::academic_T3_S170,T3,academic,2015,4,4,59261,6.74980172457434e-05,1111,0.0036003600360036
academic_T3::academic_T3_S170,T3,academic,2016,2,2,59261,3.37490086228717e-05,1187,0.0016849199663016006
academic_T3::academic_T3_S170,T3,academic,2017,1,1,59261,1.687450431143585e-05,1573,0.0006357279084551812
academic_T3::academic_T3_S170,T3,academic,2018,2,2,59261,3.37490086228717e-05,2404,0.0008319467554076539
academic_T3::academic_T3_S170,T3,academic,2019,6,6,59261,0.00010124702586861511,3687,0.0016273393002441008
academic_T3::academic_T3_S170,T3,academic,2020,12,12,59261,0.00020249405173723023,4362,0.002751031636863824
academic_T3::academic_T3_S170,T3,academic,2021,5,5,59261,8.437252155717925e-05,5381,0.000929195316855603
academic_T3::academic_T3_S170,T3,academic,2022,7,7,59261,0.00011812153018005096,6028,0.001161247511612475
academic_T3::academic_T3_S170,T3,academic,2023,15,15,59261,0.0002531175646715378,8480,0.001768867924528302
academic_T3::academic_T3_S170,T3,academic,2024,13,13,59261,0.00021936855604866607,13117,0.0009910802775024777
academic_T3::academic_T3_S170,T3,academic,2025,8,8,59261,0.0001349960344914868,6416,0.0012468827930174563
academic_T3::academic_T3_S176,T3,academic,2000,0,0,59261,0.0,88,0.0
academic_T3::academic_T3_S176,T3,academic,2001,0,0,59261,0.0,88,0.0
academic_T3::academic_T3_S176,T3,academic,2002,0,0,59261,0.0,115,0.0
academic_T3::academic_T3_S176,T3,academic,2003,0,0,59261,0.0,141,0.0
academic_T3::academic_T3_S176,T3,academic,2004,0,0,59261,0.0,141,0.0
academic_T3::academic_T3_S176,T3,academic,2005,0,0,59261,0.0,167,0.0
academic_T3::academic_T3_S176,T3,academic,2006,0,0,59261,0.0,203,0.0
academic_T3::academic_T3_S176,T3,academic,2007,0,0,59261,0.0,256,0.0
academic_T3::academic_T3_S176,T3,academic,2008,0,0,59261,0.0,310,0.0
academic_T3::academic_T3_S176,T3,academic,2009,0,0,59261,0.0,366,0.0
academic_T3::academic_T3_S176,T3,academic,2010,3,3,59261,5.0623512934307556e-05,510,0.0058823529411764705
academic_T3::academic_T3_S176,T3,academic,2011,0,0,59261,0.0,559,0.0
academic_T3::academic_T3_S176,T3,academic,2012,1,1,59261,1.687450431143585e-05,737,0.0013568521031207597
academic_T3::academic_T3_S176,T3,academic,2013,0,0,59261,0.0,848,0.0
academic_T3::academic_T3_S176,T3,academic,2014,0,0,59261,0.0,986,0.0
academic_T3::academic_T3_S176,T3,academic,2015,0,0,59261,0.0,1111,0.0
academic_T3::academic_T3_S176,T3,academic,2016,0,0,59261,0.0,1187,0.0
academic_T3::academic_T3_S176,T3,academic,2017,1,1,59261,1.687450431143585e-05,1573,0.0006357279084551812
academic_T3::academic_T3_S176,T3,academic,2018,9,9,59261,0.00015187053880292266,2404,0.0037437603993344427
academic_T3::academic_T3_S176,T3,academic,2019,6,6,59261,0.00010124702586861511,3687,0.0016273393002441008
academic_T3::academic_T3_S176,T3,academic,2020,4,4,59261,6.74980172457434e-05,4362,0.0009170105456212746
academic_T3::academic_T3_S176,T3,academic,2021,4,4,59261,6.74980172457434e-05,5381,0.0007433562534844825
academic_T3::academic_T3_S176,T3,academic,2022,8,8,59261,0.0001349960344914868,6028,0.0013271400132714001
academic_T3::academic_T3_S176,T3,academic,2023,10,10,59261,0.0001687450431143585,8480,0.0011792452830188679
academic_T3::academic_T3_S176,T3,academic,2024,18,18,59261,0.0003037410776058453,13117,0.0013722649996188152
academic_T3::academic_T3_S176,T3,academic,2025,12,12,59261,0.00020249405173723023,6416,0.0018703241895261845
academic_T3::academic_T3_S184,T3,academic,2000,3,3,59261,5.0623512934307556e-05,88,0.03409090909090909
academic_T3::academic_T3_S184,T3,academic,2001,1,1,59261,1.687450431143585e-05,88,0.011363636363636364
academic_T3::academic_T3_S184,T3,academic,2002,1,1,59261,1.687450431143585e-05,115,0.008695652173913044
academic_T3::academic_T3_S184,T3,academic,2003,0,0,59261,0.0,141,0.0
academic_T3::academic_T3_S184,T3,academic,2004,0,0,59261,0.0,141,0.0
academic_T3::academic_T3_S184,T3,academic,2005,0,0,59261,0.0,167,0.0
academic_T3::academic_T3_S184,T3,academic,2006,4,4,59261,6.74980172457434e-05,203,0.019704433497536946
academic_T3::academic_T3_S184,T3,academic,2007,1,1,59261,1.687450431143585e-05,256,0.00390625
academic_T3::academic_T3_S184,T3,academic,2008,3,3,59261,5.0623512934307556e-05,310,0.00967741935483871
academic_T3::academic_T3_S184,T3,academic,2009,1,1,59261,1.687450431143585e-05,366,0.00273224043715847
academic_T3::academic_T3_S184,T3,academic,2010,3,3,59261,5.0623512934307556e-05,510,0.0058823529411764705
academic_T3::academic_T3_S184,T3,academic,2011,4,4,59261,6.74980172457434e-05,559,0.007155635062611807
academic_T3::academic_T3_S184,T3,academic,2012,1,1,59261,1.687450431143585e-05,737,0.0013568521031207597
academic_T3::academic_T3_S184,T3,academic,2013,0,0,59261,0.0,848,0.0
academic_T3::academic_T3_S184,T3,academic,2014,4,4,59261,6.74980172457434e-05,986,0.004056795131845842
academic_T3::academic_T3_S184,T3,academic,2015,3,3,59261,5.0623512934307556e-05,1111,0.0027002700270027003
academic_T3::academic_T3_S184,T3,academic,2016,3,3,59261,5.0623512934307556e-05,1187,0.002527379949452401
academic_T3::academic_T3_S184,T3,academic,2017,2,2,59261,3.37490086228717e-05,1573,0.0012714558169103624
academic_T3::academic_T3_S184,T3,academic,2018,3,3,59261,5.0623512934307556e-05,2404,0.0012479201331114808
academic_T3::academic_T3_S184,T3,academic,2019,3,3,59261,5.0623512934307556e-05,3687,0.0008136696501220504
academic_T3::academic_T3_S184,T3,academic,2020,5,5,59261,8.437252155717925e-05,4362,0.0011462631820265932
academic_T3::academic_T3_S184,T3,academic,2021,3,3,59261,5.0623512934307556e-05,5381,0.0005575171901133618
academic_T3::academic_T3_S184,T3,academic,2022,4,4,59261,6.74980172457434e-05,6028,0.0006635700066357001
academic_T3::academic_T3_S184,T3,academic,2023,5,5,59261,8.437252155717925e-05,8480,0.0005896226415094339
academic_T3::academic_T3_S184,T3,academic,2024,10,10,59261,0.0001687450431143585,13117,0.0007623694442326751
academic_T3::academic_T3_S184,T3,academic,2025,4,4,59261,6.74980172457434e-05,6416,0.0006234413965087282
academic_T3::academic_T3_S186,T3,academic,2000,0,0,59261,0.0,88,0.0
academic_T3::academic_T3_S186,T3,academic,2001,0,0,59261,0.0,88,0.0
academic_T3::academic_T3_S186,T3,academic,2002,0,0,59261,0.0,115,0.0
academic_T3::academic_T3_S186,T3,academic,2003,0,0,59261,0.0,141,0.0
academic_T3::academic_T3_S186,T3,academic,2004,0,0,59261,0.0,141,0.0
academic_T3::academic_T3_S186,T3,academic,2005,0,0,59261,0.0,167,0.0
academic_T3::academic_T3_S186,T3,academic,2006,0,0,59261,0.0,203,0.0
academic_T3::academic_T3_S186,T3,academic,2007,0,0,59261,0.0,256,0.0
academic_T3::academic_T3_S186,T3,academic,2008,0,0,59261,0.0,310,0.0
academic_T3::academic_T3_S186,T3,academic,2009,0,0,59261,0.0,366,0.0
academic_T3::academic_T3_S186,T3,academic,2010,1,1,59261,1.687450431143585e-05,510,0.00196078431372549
academic_T3::academic_T3_S186,T3,academic,2011,1,1,59261,1.687450431143585e-05,559,0.0017889087656529517
academic_T3::academic_T3_S186,T3,academic,2012,0,0,59261,0.0,737,0.0
academic_T3::academic_T3_S186,T3,academic,2013,2,2,59261,3.37490086228717e-05,848,0.0023584905660377358
academic_T3::academic_T3_S186,T3,academic,2014,3,3,59261,5.0623512934307556e-05,986,0.0030425963488843813
academic_T3::academic_T3_S186,T3,academic,2015,1,1,59261,1.687450431143585e-05,1111,0.0009000900090009
academic_T3::academic_T3_S186,T3,academic,2016,3,3,59261,5.0623512934307556e-05,1187,0.002527379949452401
academic_T3::academic_T3_S186,T3,academic,2017,1,1,59261,1.687450431143585e-05,1573,0.0006357279084551812
academic_T3::academic_T3_S186,T3,academic,2018,4,4,59261,6.74980172457434e-05,2404,0.0016638935108153079
academic_T3::academic_T3_S186,T3,academic,2019,3,3,59261,5.0623512934307556e-05,3687,0.0008136696501220504
academic_T3::academic_T3_S186,T3,academic,2020,3,3,59261,5.0623512934307556e-05,4362,0.000687757909215956
academic_T3::academic_T3_S186,T3,academic,2021,7,7,59261,0.00011812153018005096,5381,0.0013008734435978444
academic_T3::academic_T3_S186,T3,academic,2022,6,6,59261,0.00010124702586861511,6028,0.0009953550099535502
academic_T3::academic_T3_S186,T3,academic,2023,11,11,59261,0.00018561954742579438,8480,0.0012971698113207546
academic_T3::academic_T3_S186,T3,academic,2024,13,13,59261,0.00021936855604866607,13117,0.0009910802775024777
academic_T3::academic_T3_S186,T3,academic,2025,11,11,59261,0.00018561954742579438,6416,0.0017144638403990024
academic_T3::academic_T3_S189,T3,academic,2000,0,0,59261,0.0,88,0.0
academic_T3::academic_T3_S189,T3,academic,2001,0,0,59261,0.0,88,0.0
academic_T3::academic_T3_S189,T3,academic,2002,0,0,59261,0.0,115,0.0
academic_T3::academic_T3_S189,T3,academic,2003,0,0,59261,0.0,141,0.0
academic_T3::academic_T3_S189,T3,academic,2004,0,0,59261,0.0,141,0.0
academic_T3::academic_T3_S189,T3,academic,2005,0,0,59261,0.0,167,0.0
academic_T3::academic_T3_S189,T3,academic,2006,0,0,59261,0.0,203,0.0
academic_T3::academic_T3_S189,T3,academic,2007,0,0,59261,0.0,256,0.0
academic_T3::academic_T3_S189,T3,academic,2008,0,0,59261,0.0,310,0.0
academic_T3::academic_T3_S189,T3,academic,2009,0,0,59261,0.0,366,0.0
academic_T3::academic_T3_S189,T3,academic,2010,0,0,59261,0.0,510,0.0
academic_T3::academic_T3_S189,T3,academic,2011,0,0,59261,0.0,559,0.0
academic_T3::academic_T3_S189,T3,academic,2012,1,1,59261,1.687450431143585e-05,737,0.0013568521031207597
academic_T3::academic_T3_S189,T3,academic,2013,0,0,59261,0.0,848,0.0
academic_T3::academic_T3_S189,T3,academic,2014,0,0,59261,0.0,986,0.0
academic_T3::academic_T3_S189,T3,academic,2015,0,0,59261,0.0,1111,0.0
academic_T3::academic_T3_S189,T3,academic,2016,1,1,59261,1.687450431143585e-05,1187,0.0008424599831508003
academic_T3::academic_T3_S189,T3,academic,2017,1,1,59261,1.687450431143585e-05,1573,0.0006357279084551812
academic_T3::academic_T3_S189,T3,academic,2018,1,1,59261,1.687450431143585e-05,2404,0.00041597337770382697
academic_T3::academic_T3_S189,T3,academic,2019,1,1,59261,1.687450431143585e-05,3687,0.00027122321670735016
academic_T3::academic_T3_S189,T3,academic,2020,5,5,59261,8.437252155717925e-05,4362,0.0011462631820265932
academic_T3::academic_T3_S189,T3,academic,2021,8,8,59261,0.0001349960344914868,5381,0.001486712506968965
academic_T3::academic_T3_S189,T3,academic,2022,9,9,59261,0.00015187053880292266,6028,0.0014930325149303252
academic_T3::academic_T3_S189,T3,academic,2023,16,16,59261,0.0002699920689829736,8480,0.0018867924528301887
academic_T3::academic_T3_S189,T3,academic,2024,12,12,59261,0.00020249405173723023,13117,0.0009148433330792102
academic_T3::academic_T3_S189,T3,academic,2025,11,11,59261,0.00018561954742579438,6416,0.0017144638403990024
academic_T3::academic_T3_S193,T3,academic,2000,0,0,59261,0.0,88,0.0
academic_T3::academic_T3_S193,T3,academic,2001,0,0,59261,0.0,88,0.0
academic_T3::academic_T3_S193,T3,academic,2002,0,0,59261,0.0,115,0.0
academic_T3::academic_T3_S193,T3,academic,2003,0,0,59261,0.0,141,0.0
academic_T3::academic_T3_S193,T3,academic,2004,0,0,59261,0.0,141,0.0
academic_T3::academic_T3_S193,T3,academic,2005,0,0,59261,0.0,167,0.0
academic_T3::academic_T3_S193,T3,academic,2006,0,0,59261,0.0,203,0.0
academic_T3::academic_T3_S193,T3,academic,2007,0,0,59261,0.0,256,0.0
academic_T3::academic_T3_S193,T3,academic,2008,0,0,59261,0.0,310,0.0
academic_T3::academic_T3_S193,T3,academic,2009,0,0,59261,0.0,366,0.0
academic_T3::academic_T3_S193,T3,academic,2010,0,0,59261,0.0,510,0.0
academic_T3::academic_T3_S193,T3,academic,2011,0,0,59261,0.0,559,0.0
academic_T3::academic_T3_S193,T3,academic,2012,0,0,59261,0.0,737,0.0
academic_T3::academic_T3_S193,T3,academic,2013,0,0,59261,0.0,848,0.0
academic_T3::academic_T3_S193,T3,academic,2014,0,0,59261,0.0,986,0.0
academic_T3::academic_T3_S193,T3,academic,2015,0,0,59261,0.0,1111,0.0
academic_T3::academic_T3_S193,T3,academic,2016,0,0,59261,0.0,1187,0.0
academic_T3::academic_T3_S193,T3,academic,2017,0,0,59261,0.0,1573,0.0
academic_T3::academic_T3_S193,T3,academic,2018,1,1,59261,1.687450431143585e-05,2404,0.00041597337770382697
academic_T3::academic_T3_S193,T3,academic,2019,4,4,59261,6.74980172457434e-05,3687,0.0010848928668294006
academic_T3::academic_T3_S193,T3,academic,2020,4,4,59261,6.74980172457434e-05,4362,0.0009170105456212746
academic_T3::academic_T3_S193,T3,academic,2021,8,8,59261,0.0001349960344914868,5381,0.001486712506968965
academic_T3::academic_T3_S193,T3,academic,2022,7,7,59261,0.00011812153018005096,6028,0.001161247511612475
academic_T3::academic_T3_S193,T3,academic,2023,10,10,59261,0.0001687450431143585,8480,0.0011792452830188679
academic_T3::academic_T3_S193,T3,academic,2024,18,18,59261,0.0003037410776058453,13117,0.0013722649996188152
academic_T3::academic_T3_S193,T3,academic,2025,12,12,59261,0.00020249405173723023,6416,0.0018703241895261845
academic_T3::academic_T3_S201,T3,academic,2000,0,0,59261,0.0,88,0.0
academic_T3::academic_T3_S201,T3,academic,2001,0,0,59261,0.0,88,0.0
academic_T3::academic_T3_S201,T3,academic,2002,0,0,59261,0.0,115,0.0
academic_T3::academic_T3_S201,T3,academic,2003,0,0,59261,0.0,141,0.0
academic_T3::academic_T3_S201,T3,academic,2004,0,0,59261,0.0,141,0.0
academic_T3::academic_T3_S201,T3,academic,2005,0,0,59261,0.0,167,0.0
academic_T3::academic_T3_S201,T3,academic,2006,0,0,59261,0.0,203,0.0
academic_T3::academic_T3_S201,T3,academic,2007,0,0,59261,0.0,256,0.0
academic_T3::academic_T3_S201,T3,academic,2008,0,0,59261,0.0,310,0.0
academic_T3::academic_T3_S201,T3,academic,2009,1,1,59261,1.687450431143585e-05,366,0.00273224043715847
academic_T3::academic_T3_S201,T3,academic,2010,3,3,59261,5.0623512934307556e-05,510,0.0058823529411764705
academic_T3::academic_T3_S201,T3,academic,2011,3,3,59261,5.0623512934307556e-05,559,0.005366726296958855
academic_T3::academic_T3_S201,T3,academic,2012,2,2,59261,3.37490086228717e-05,737,0.0027137042062415195
academic_T3::academic_T3_S201,T3,academic,2013,1,1,59261,1.687450431143585e-05,848,0.0011792452830188679
academic_T3::academic_T3_S201,T3,academic,2014,1,1,59261,1.687450431143585e-05,986,0.0010141987829614604
academic_T3::academic_T3_S201,T3,academic,2015,5,5,59261,8.437252155717925e-05,1111,0.004500450045004501
academic_T3::academic_T3_S201,T3,academic,2016,2,2,59261,3.37490086228717e-05,1187,0.0016849199663016006
academic_T3::academic_T3_S201,T3,academic,2017,1,1,59261,1.687450431143585e-05,1573,0.0006357279084551812
academic_T3::academic_T3_S201,T3,academic,2018,4,4,59261,6.74980172457434e-05,2404,0.0016638935108153079
academic_T3::academic_T3_S201,T3,academic,2019,1,1,59261,1.687450431143585e-05,3687,0.00027122321670735016
academic_T3::academic_T3_S201,T3,academic,2020,3,3,59261,5.0623512934307556e-05,4362,0.000687757909215956
academic_T3::academic_T3_S201,T3,academic,2021,2,2,59261,3.37490086228717e-05,5381,0.00037167812674224123
academic_T3::academic_T3_S201,T3,academic,2022,5,5,59261,8.437252155717925e-05,6028,0.0008294625082946251
academic_T3::academic_T3_S201,T3,academic,2023,4,4,59261,6.74980172457434e-05,8480,0.0004716981132075472
academic_T3::academic_T3_S201,T3,academic,2024,8,8,59261,0.0001349960344914868,13117,0.0006098955553861401
academic_T3::academic_T3_S201,T3,academic,2025,4,4,59261,6.74980172457434e-05,6416,0.0006234413965087282
academic_T3::academic_T3_S202,T3,academic,2000,0,0,59261,0.0,88,0.0
academic_T3::academic_T3_S202,T3,academic,2001,0,0,59261,0.0,88,0.0
academic_T3::academic_T3_S202,T3,academic,2002,0,0,59261,0.0,115,0.0
academic_T3::academic_T3_S202,T3,academic,2003,0,0,59261,0.0,141,0.0
academic_T3::academic_T3_S202,T3,academic,2004,0,0,59261,0.0,141,0.0
academic_T3::academic_T3_S202,T3,academic,2005,0,0,59261,0.0,167,0.0
academic_T3::academic_T3_S202,T3,academic,2006,0,0,59261,0.0,203,0.0
academic_T3::academic_T3_S202,T3,academic,2007,0,0,59261,0.0,256,0.0
academic_T3::academic_T3_S202,T3,academic,2008,0,0,59261,0.0,310,0.0
academic_T3::academic_T3_S202,T3,academic,2009,0,0,59261,0.0,366,0.0
academic_T3::academic_T3_S202,T3,academic,2010,0,0,59261,0.0,510,0.0
academic_T3::academic_T3_S202,T3,academic,2011,0,0,59261,0.0,559,0.0
academic_T3::academic_T3_S202,T3,academic,2012,2,2,59261,3.37490086228717e-05,737,0.0027137042062415195
academic_T3::academic_T3_S202,T3,academic,2013,0,0,59261,0.0,848,0.0
academic_T3::academic_T3_S202,T3,academic,2014,6,6,59261,0.00010124702586861511,986,0.006085192697768763
academic_T3::academic_T3_S202,T3,academic,2015,2,2,59261,3.37490086228717e-05,1111,0.0018001800180018
academic_T3::academic_T3_S202,T3,academic,2016,0,0,59261,0.0,1187,0.0
academic_T3::academic_T3_S202,T3,academic,2017,0,0,59261,0.0,1573,0.0
academic_T3::academic_T3_S202,T3,academic,2018,0,0,59261,0.0,2404,0.0
academic_T3::academic_T3_S202,T3,academic,2019,2,2,59261,3.37490086228717e-05,3687,0.0005424464334147003
academic_T3::academic_T3_S202,T3,academic,2020,8,8,59261,0.0001349960344914868,4362,0.0018340210912425492
academic_T3::academic_T3_S202,T3,academic,2021,5,5,59261,8.437252155717925e-05,5381,0.000929195316855603
academic_T3::academic_T3_S202,T3,academic,2022,5,5,59261,8.437252155717925e-05,6028,0.0008294625082946251
academic_T3::academic_T3_S202,T3,academic,2023,12,12,59261,0.00020249405173723023,8480,0.0014150943396226414
academic_T3::academic_T3_S202,T3,academic,2024,11,11,59261,0.00018561954742579438,13117,0.0008386063886559427
academic_T3::academic_T3_S202,T3,academic,2025,7,7,59261,0.00011812153018005096,6416,0.0010910224438902742
academic_T3::academic_T3_S208,T3,academic,2000,0,0,59261,0.0,88,0.0
academic_T3::academic_T3_S208,T3,academic,2001,0,0,59261,0.0,88,0.0
academic_T3::academic_T3_S208,T3,academic,2002,0,0,59261,0.0,115,0.0
academic_T3::academic_T3_S208,T3,academic,2003,0,0,59261,0.0,141,0.0
academic_T3::academic_T3_S208,T3,academic,2004,0,0,59261,0.0,141,0.0
academic_T3::academic_T3_S208,T3,academic,2005,0,0,59261,0.0,167,0.0
academic_T3::academic_T3_S208,T3,academic,2006,0,0,59261,0.0,203,0.0
academic_T3::academic_T3_S208,T3,academic,2007,0,0,59261,0.0,256,0.0
academic_T3::academic_T3_S208,T3,academic,2008,1,1,59261,1.687450431143585e-05,310,0.0032258064516129032
academic_T3::academic_T3_S208,T3,academic,2009,1,1,59261,1.687450431143585e-05,366,0.00273224043715847
academic_T3::academic_T3_S208,T3,academic,2010,0,0,59261,0.0,510,0.0
academic_T3::academic_T3_S208,T3,academic,2011,0,0,59261,0.0,559,0.0
academic_T3::academic_T3_S208,T3,academic,2012,1,1,59261,1.687450431143585e-05,737,0.0013568521031207597
academic_T3::academic_T3_S208,T3,academic,2013,2,2,59261,3.37490086228717e-05,848,0.0023584905660377358
academic_T3::academic_T3_S208,T3,academic,2014,2,2,59261,3.37490086228717e-05,986,0.002028397565922921
academic_T3::academic_T3_S208,T3,academic,2015,5,5,59261,8.437252155717925e-05,1111,0.004500450045004501
academic_T3::academic_T3_S208,T3,academic,2016,0,0,59261,0.0,1187,0.0
academic_T3::academic_T3_S208,T3,academic,2017,3,3,59261,5.0623512934307556e-05,1573,0.0019071837253655435
academic_T3::academic_T3_S208,T3,academic,2018,0,0,59261,0.0,2404,0.0
academic_T3::academic_T3_S208,T3,academic,2019,0,0,59261,0.0,3687,0.0
academic_T3::academic_T3_S208,T3,academic,2020,1,1,59261,1.687450431143585e-05,4362,0.00022925263640531865
academic_T3::academic_T3_S208,T3,academic,2021,2,2,59261,3.37490086228717e-05,5381,0.00037167812674224123
academic_T3::academic_T3_S208,T3,academic,2022,8,8,59261,0.0001349960344914868,6028,0.0013271400132714001
academic_T3::academic_T3_S208,T3,academic,2023,5,5,59261,8.437252155717925e-05,8480,0.0005896226415094339
academic_T3::academic_T3_S208,T3,academic,2024,17,17,59261,0.0002868665732944095,13117,0.0012960280551955479
academic_T3::academic_T3_S208,T3,academic,2025,9,9,59261,0.00015187053880292266,6416,0.0014027431421446384
academic_T3::academic_T3_S213,T3,academic,2000,0,0,59261,0.0,88,0.0
academic_T3::academic_T3_S213,T3,academic,2001,1,1,59261,1.687450431143585e-05,88,0.011363636363636364
academic_T3::academic_T3_S213,T3,academic,2002,0,0,59261,0.0,115,0.0
academic_T3::academic_T3_S213,T3,academic,2003,0,0,59261,0.0,141,0.0
academic_T3::academic_T3_S213,T3,academic,2004,0,0,59261,0.0,141,0.0
academic_T3::academic_T3_S213,T3,academic,2005,1,1,59261,1.687450431143585e-05,167,0.005988023952095809
academic_T3::academic_T3_S213,T3,academic,2006,1,1,59261,1.687450431143585e-05,203,0.0049261083743842365
academic_T3::academic_T3_S213,T3,academic,2007,1,1,59261,1.687450431143585e-05,256,0.00390625
academic_T3::academic_T3_S213,T3,academic,2008,0,0,59261,0.0,310,0.0
academic_T3::academic_T3_S213,T3,academic,2009,0,0,59261,0.0,366,0.0
academic_T3::academic_T3_S213,T3,academic,2010,0,0,59261,0.0,510,0.0
academic_T3::academic_T3_S213,T3,academic,2011,2,2,59261,3.37490086228717e-05,559,0.0035778175313059034
academic_T3::academic_T3_S213,T3,academic,2012,0,0,59261,0.0,737,0.0
academic_T3::academic_T3_S213,T3,academic,2013,1,1,59261,1.687450431143585e-05,848,0.0011792452830188679
academic_T3::academic_T3_S213,T3,academic,2014,5,5,59261,8.437252155717925e-05,986,0.005070993914807302
academic_T3::academic_T3_S213,T3,academic,2015,2,2,59261,3.37490086228717e-05,1111,0.0018001800180018
academic_T3::academic_T3_S213,T3,academic,2016,0,0,59261,0.0,1187,0.0
academic_T3::academic_T3_S213,T3,academic,2017,2,2,59261,3.37490086228717e-05,1573,0.0012714558169103624
academic_T3::academic_T3_S213,T3,academic,2018,1,1,59261,1.687450431143585e-05,2404,0.00041597337770382697
academic_T3::academic_T3_S213,T3,academic,2019,6,6,59261,0.00010124702586861511,3687,0.0016273393002441008
academic_T3::academic_T3_S213,T3,academic,2020,5,5,59261,8.437252155717925e-05,4362,0.0011462631820265932
academic_T3::academic_T3_S213,T3,academic,2021,4,4,59261,6.74980172457434e-05,5381,0.0007433562534844825
academic_T3::academic_T3_S213,T3,academic,2022,7,7,59261,0.00011812153018005096,6028,0.001161247511612475
academic_T3::academic_T3_S213,T3,academic,2023,7,7,59261,0.00011812153018005096,8480,0.0008254716981132076
academic_T3::academic_T3_S213,T3,academic,2024,6,6,59261,0.00010124702586861511,13117,0.0004574216665396051
academic_T3::academic_T3_S213,T3,academic,2025,5,5,59261,8.437252155717925e-05,6416,0.0007793017456359103
academic_T3::academic_T3_S216,T3,academic,2000,0,0,59261,0.0,88,0.0
academic_T3::academic_T3_S216,T3,academic,2001,1,1,59261,1.687450431143585e-05,88,0.011363636363636364
academic_T3::academic_T3_S216,T3,academic,2002,1,1,59261,1.687450431143585e-05,115,0.008695652173913044
academic_T3::academic_T3_S216,T3,academic,2003,0,0,59261,0.0,141,0.0
academic_T3::academic_T3_S216,T3,academic,2004,0,0,59261,0.0,141,0.0
academic_T3::academic_T3_S216,T3,academic,2005,2,2,59261,3.37490086228717e-05,167,0.011976047904191617
academic_T3::academic_T3_S216,T3,academic,2006,1,1,59261,1.687450431143585e-05,203,0.0049261083743842365
academic_T3::academic_T3_S216,T3,academic,2007,2,2,59261,3.37490086228717e-05,256,0.0078125
academic_T3::academic_T3_S216,T3,academic,2008,1,1,59261,1.687450431143585e-05,310,0.0032258064516129032
academic_T3::academic_T3_S216,T3,academic,2009,0,0,59261,0.0,366,0.0
academic_T3::academic_T3_S216,T3,academic,2010,0,0,59261,0.0,510,0.0
academic_T3::academic_T3_S216,T3,academic,2011,1,1,59261,1.687450431143585e-05,559,0.0017889087656529517
academic_T3::academic_T3_S216,T3,academic,2012,1,1,59261,1.687450431143585e-05,737,0.0013568521031207597
academic_T3::academic_T3_S216,T3,academic,2013,2,2,59261,3.37490086228717e-05,848,0.0023584905660377358
academic_T3::academic_T3_S216,T3,academic,2014,2,2,59261,3.37490086228717e-05,986,0.002028397565922921
academic_T3::academic_T3_S216,T3,academic,2015,0,0,59261,0.0,1111,0.0
academic_T3::academic_T3_S216,T3,academic,2016,6,6,59261,0.00010124702586861511,1187,0.005054759898904802
academic_T3::academic_T3_S216,T3,academic,2017,1,1,59261,1.687450431143585e-05,1573,0.0006357279084551812
academic_T3::academic_T3_S216,T3,academic,2018,2,2,59261,3.37490086228717e-05,2404,0.0008319467554076539
academic_T3::academic_T3_S216,T3,academic,2019,4,4,59261,6.74980172457434e-05,3687,0.0010848928668294006
academic_T3::academic_T3_S216,T3,academic,2020,6,6,59261,0.00010124702586861511,4362,0.001375515818431912
academic_T3::academic_T3_S216,T3,academic,2021,8,8,59261,0.0001349960344914868,5381,0.001486712506968965
academic_T3::academic_T3_S216,T3,academic,2022,2,2,59261,3.37490086228717e-05,6028,0.00033178500331785003
academic_T3::academic_T3_S216,T3,academic,2023,7,7,59261,0.00011812153018005096,8480,0.0008254716981132076
academic_T3::academic_T3_S216,T3,academic,2024,6,6,59261,0.00010124702586861511,13117,0.0004574216665396051
academic_T3::academic_T3_S216,T3,academic,2025,1,1,59261,1.687450431143585e-05,6416,0.00015586034912718204
academic_T3::academic_T3_S217,T3,academic,2000,0,0,59261,0.0,88,0.0
academic_T3::academic_T3_S217,T3,academic,2001,0,0,59261,0.0,88,0.0
academic_T3::academic_T3_S217,T3,academic,2002,0,0,59261,0.0,115,0.0
academic_T3::academic_T3_S217,T3,academic,2003,0,0,59261,0.0,141,0.0
academic_T3::academic_T3_S217,T3,academic,2004,0,0,59261,0.0,141,0.0
academic_T3::academic_T3_S217,T3,academic,2005,0,0,59261,0.0,167,0.0
academic_T3::academic_T3_S217,T3,academic,2006,0,0,59261,0.0,203,0.0
academic_T3::academic_T3_S217,T3,academic,2007,0,0,59261,0.0,256,0.0
academic_T3::academic_T3_S217,T3,academic,2008,0,0,59261,0.0,310,0.0
academic_T3::academic_T3_S217,T3,academic,2009,0,0,59261,0.0,366,0.0
academic_T3::academic_T3_S217,T3,academic,2010,0,0,59261,0.0,510,0.0
academic_T3::academic_T3_S217,T3,academic,2011,0,0,59261,0.0,559,0.0
academic_T3::academic_T3_S217,T3,academic,2012,0,0,59261,0.0,737,0.0
academic_T3::academic_T3_S217,T3,academic,2013,0,0,59261,0.0,848,0.0
academic_T3::academic_T3_S217,T3,academic,2014,0,0,59261,0.0,986,0.0
academic_T3::academic_T3_S217,T3,academic,2015,0,0,59261,0.0,1111,0.0
academic_T3::academic_T3_S217,T3,academic,2016,0,0,59261,0.0,1187,0.0
academic_T3::academic_T3_S217,T3,academic,2017,2,2,59261,3.37490086228717e-05,1573,0.0012714558169103624
academic_T3::academic_T3_S217,T3,academic,2018,2,2,59261,3.37490086228717e-05,2404,0.0008319467554076539
academic_T3::academic_T3_S217,T3,academic,2019,3,3,59261,5.0623512934307556e-05,3687,0.0008136696501220504
academic_T3::academic_T3_S217,T3,academic,2020,2,2,59261,3.37490086228717e-05,4362,0.0004585052728106373
academic_T3::academic_T3_S217,T3,academic,2021,1,1,59261,1.687450431143585e-05,5381,0.00018583906337112061
academic_T3::academic_T3_S217,T3,academic,2022,5,5,59261,8.437252155717925e-05,6028,0.0008294625082946251
academic_T3::academic_T3_S217,T3,academic,2023,8,8,59261,0.0001349960344914868,8480,0.0009433962264150943
academic_T3::academic_T3_S217,T3,academic,2024,20,20,59261,0.000337490086228717,13117,0.0015247388884653502
academic_T3::academic_T3_S217,T3,academic,2025,13,13,59261,0.00021936855604866607,6416,0.0020261845386533666
academic_T3::academic_T3_S219,T3,academic,2000,0,0,59261,0.0,88,0.0
academic_T3::academic_T3_S219,T3,academic,2001,0,0,59261,0.0,88,0.0
academic_T3::academic_T3_S219,T3,academic,2002,0,0,59261,0.0,115,0.0
academic_T3::academic_T3_S219,T3,academic,2003,0,0,59261,0.0,141,0.0
academic_T3::academic_T3_S219,T3,academic,2004,0,0,59261,0.0,141,0.0
academic_T3::academic_T3_S219,T3,academic,2005,0,0,59261,0.0,167,0.0
academic_T3::academic_T3_S219,T3,academic,2006,0,0,59261,0.0,203,0.0
academic_T3::academic_T3_S219,T3,academic,2007,0,0,59261,0.0,256,0.0
academic_T3::academic_T3_S219,T3,academic,2008,0,0,59261,0.0,310,0.0
academic_T3::academic_T3_S219,T3,academic,2009,0,0,59261,0.0,366,0.0
academic_T3::academic_T3_S219,T3,academic,2010,0,0,59261,0.0,510,0.0
academic_T3::academic_T3_S219,T3,academic,2011,0,0,59261,0.0,559,0.0
academic_T3::academic_T3_S219,T3,academic,2012,0,0,59261,0.0,737,0.0
academic_T3::academic_T3_S219,T3,academic,2013,0,0,59261,0.0,848,0.0
academic_T3::academic_T3_S219,T3,academic,2014,0,0,59261,0.0,986,0.0
academic_T3::academic_T3_S219,T3,academic,2015,0,0,59261,0.0,1111,0.0
academic_T3::academic_T3_S219,T3,academic,2016,0,0,59261,0.0,1187,0.0
academic_T3::academic_T3_S219,T3,academic,2017,1,1,59261,1.687450431143585e-05,1573,0.0006357279084551812
academic_T3::academic_T3_S219,T3,academic,2018,0,0,59261,0.0,2404,0.0
academic_T3::academic_T3_S219,T3,academic,2019,0,0,59261,0.0,3687,0.0
academic_T3::academic_T3_S219,T3,academic,2020,0,0,59261,0.0,4362,0.0
academic_T3::academic_T3_S219,T3,academic,2021,3,3,59261,5.0623512934307556e-05,5381,0.0005575171901133618
academic_T3::academic_T3_S219,T3,academic,2022,7,7,59261,0.00011812153018005096,6028,0.001161247511612475
academic_T3::academic_T3_S219,T3,academic,2023,7,7,59261,0.00011812153018005096,8480,0.0008254716981132076
academic_T3::academic_T3_S219,T3,academic,2024,21,21,59261,0.0003543645905401529,13117,0.0016009758328886178
academic_T3::academic_T3_S219,T3,academic,2025,14,14,59261,0.00023624306036010192,6416,0.0021820448877805485
academic_T3::academic_T3_S220,T3,academic,2000,1,1,59261,1.687450431143585e-05,88,0.011363636363636364
academic_T3::academic_T3_S220,T3,academic,2001,0,0,59261,0.0,88,0.0
academic_T3::academic_T3_S220,T3,academic,2002,0,0,59261,0.0,115,0.0
academic_T3::academic_T3_S220,T3,academic,2003,0,0,59261,0.0,141,0.0
academic_T3::academic_T3_S220,T3,academic,2004,0,0,59261,0.0,141,0.0
academic_T3::academic_T3_S220,T3,academic,2005,0,0,59261,0.0,167,0.0
academic_T3::academic_T3_S220,T3,academic,2006,0,0,59261,0.0,203,0.0
academic_T3::academic_T3_S220,T3,academic,2007,0,0,59261,0.0,256,0.0
academic_T3::academic_T3_S220,T3,academic,2008,0,0,59261,0.0,310,0.0
academic_T3::academic_T3_S220,T3,academic,2009,0,0,59261,0.0,366,0.0
academic_T3::academic_T3_S220,T3,academic,2010,1,1,59261,1.687450431143585e-05,510,0.00196078431372549
academic_T3::academic_T3_S220,T3,academic,2011,1,1,59261,1.687450431143585e-05,559,0.0017889087656529517
academic_T3::academic_T3_S220,T3,academic,2012,0,0,59261,0.0,737,0.0
academic_T3::academic_T3_S220,T3,academic,2013,0,0,59261,0.0,848,0.0
academic_T3::academic_T3_S220,T3,academic,2014,0,0,59261,0.0,986,0.0
academic_T3::academic_T3_S220,T3,academic,2015,0,0,59261,0.0,1111,0.0
academic_T3::academic_T3_S220,T3,academic,2016,1,1,59261,1.687450431143585e-05,1187,0.0008424599831508003
academic_T3::academic_T3_S220,T3,academic,2017,2,2,59261,3.37490086228717e-05,1573,0.0012714558169103624
academic_T3::academic_T3_S220,T3,academic,2018,0,0,59261,0.0,2404,0.0
academic_T3::academic_T3_S220,T3,academic,2019,0,0,59261,0.0,3687,0.0
academic_T3::academic_T3_S220,T3,academic,2020,1,1,59261,1.687450431143585e-05,4362,0.00022925263640531865
academic_T3::academic_T3_S220,T3,academic,2021,2,2,59261,3.37490086228717e-05,5381,0.00037167812674224123
academic_T3::academic_T3_S220,T3,academic,2022,7,7,59261,0.00011812153018005096,6028,0.001161247511612475
academic_T3::academic_T3_S220,T3,academic,2023,9,9,59261,0.00015187053880292266,8480,0.0010613207547169811
academic_T3::academic_T3_S220,T3,academic,2024,13,13,59261,0.00021936855604866607,13117,0.0009910802775024777
academic_T3::academic_T3_S220,T3,academic,2025,15,15,59261,0.0002531175646715378,6416,0.0023379052369077308
academic_T3::academic_T3_S226,T3,academic,2000,0,0,59261,0.0,88,0.0
academic_T3::academic_T3_S226,T3,academic,2001,0,0,59261,0.0,88,0.0
academic_T3::academic_T3_S226,T3,academic,2002,0,0,59261,0.0,115,0.0
academic_T3::academic_T3_S226,T3,academic,2003,0,0,59261,0.0,141,0.0
academic_T3::academic_T3_S226,T3,academic,2004,0,0,59261,0.0,141,0.0
academic_T3::academic_T3_S226,T3,academic,2005,1,1,59261,1.687450431143585e-05,167,0.005988023952095809
academic_T3::academic_T3_S226,T3,academic,2006,0,0,59261,0.0,203,0.0
academic_T3::academic_T3_S226,T3,academic,2007,0,0,59261,0.0,256,0.0
academic_T3::academic_T3_S226,T3,academic,2008,1,1,59261,1.687450431143585e-05,310,0.0032258064516129032
academic_T3::academic_T3_S226,T3,academic,2009,0,0,59261,0.0,366,0.0
academic_T3::academic_T3_S226,T3,academic,2010,0,0,59261,0.0,510,0.0
academic_T3::academic_T3_S226,T3,academic,2011,0,0,59261,0.0,559,0.0
academic_T3::academic_T3_S226,T3,academic,2012,1,1,59261,1.687450431143585e-05,737,0.0013568521031207597
academic_T3::academic_T3_S226,T3,academic,2013,1,1,59261,1.687450431143585e-05,848,0.0011792452830188679
academic_T3::academic_T3_S226,T3,academic,2014,0,0,59261,0.0,986,0.0
academic_T3::academic_T3_S226,T3,academic,2015,0,0,59261,0.0,1111,0.0
academic_T3::academic_T3_S226,T3,academic,2016,0,0,59261,0.0,1187,0.0
academic_T3::academic_T3_S226,T3,academic,2017,4,4,59261,6.74980172457434e-05,1573,0.0025429116338207248
academic_T3::academic_T3_S226,T3,academic,2018,2,2,59261,3.37490086228717e-05,2404,0.0008319467554076539
academic_T3::academic_T3_S226,T3,academic,2019,4,4,59261,6.74980172457434e-05,3687,0.0010848928668294006
academic_T3::academic_T3_S226,T3,academic,2020,3,3,59261,5.0623512934307556e-05,4362,0.000687757909215956
academic_T3::academic_T3_S226,T3,academic,2021,7,7,59261,0.00011812153018005096,5381,0.0013008734435978444
academic_T3::academic_T3_S226,T3,academic,2022,10,10,59261,0.0001687450431143585,6028,0.0016589250165892503
academic_T3::academic_T3_S226,T3,academic,2023,10,10,59261,0.0001687450431143585,8480,0.0011792452830188679
academic_T3::academic_T3_S226,T3,academic,2024,4,4,59261,6.74980172457434e-05,13117,0.00030494777769307006
academic_T3::academic_T3_S226,T3,academic,2025,2,2,59261,3.37490086228717e-05,6416,0.0003117206982543641
academic_T3::academic_T3_S227,T3,academic,2000,0,0,59261,0.0,88,0.0
academic_T3::academic_T3_S227,T3,academic,2001,0,0,59261,0.0,88,0.0
academic_T3::academic_T3_S227,T3,academic,2002,0,0,59261,0.0,115,0.0
academic_T3::academic_T3_S227,T3,academic,2003,0,0,59261,0.0,141,0.0
academic_T3::academic_T3_S227,T3,academic,2004,0,0,59261,0.0,141,0.0
academic_T3::academic_T3_S227,T3,academic,2005,0,0,59261,0.0,167,0.0
academic_T3::academic_T3_S227,T3,academic,2006,0,0,59261,0.0,203,0.0
academic_T3::academic_T3_S227,T3,academic,2007,0,0,59261,0.0,256,0.0
academic_T3::academic_T3_S227,T3,academic,2008,0,0,59261,0.0,310,0.0
academic_T3::academic_T3_S227,T3,academic,2009,0,0,59261,0.0,366,0.0
academic_T3::academic_T3_S227,T3,academic,2010,1,1,59261,1.687450431143585e-05,510,0.00196078431372549
academic_T3::academic_T3_S227,T3,academic,2011,0,0,59261,0.0,559,0.0
academic_T3::academic_T3_S227,T3,academic,2012,0,0,59261,0.0,737,0.0
academic_T3::academic_T3_S227,T3,academic,2013,0,0,59261,0.0,848,0.0
academic_T3::academic_T3_S227,T3,academic,2014,1,1,59261,1.687450431143585e-05,986,0.0010141987829614604
academic_T3::academic_T3_S227,T3,academic,2015,0,0,59261,0.0,1111,0.0
academic_T3::academic_T3_S227,T3,academic,2016,1,1,59261,1.687450431143585e-05,1187,0.0008424599831508003
academic_T3::academic_T3_S227,T3,academic,2017,4,4,59261,6.74980172457434e-05,1573,0.0025429116338207248
academic_T3::academic_T3_S227,T3,academic,2018,1,1,59261,1.687450431143585e-05,2404,0.00041597337770382697
academic_T3::academic_T3_S227,T3,academic,2019,5,5,59261,8.437252155717925e-05,3687,0.0013561160835367507
academic_T3::academic_T3_S227,T3,academic,2020,8,8,59261,0.0001349960344914868,4362,0.0018340210912425492
academic_T3::academic_T3_S227,T3,academic,2021,8,8,59261,0.0001349960344914868,5381,0.001486712506968965
academic_T3::academic_T3_S227,T3,academic,2022,5,5,59261,8.437252155717925e-05,6028,0.0008294625082946251
academic_T3::academic_T3_S227,T3,academic,2023,3,3,59261,5.0623512934307556e-05,8480,0.00035377358490566035
academic_T3::academic_T3_S227,T3,academic,2024,9,9,59261,0.00015187053880292266,13117,0.0006861324998094076
academic_T3::academic_T3_S227,T3,academic,2025,6,6,59261,0.00010124702586861511,6416,0.0009351620947630922
academic_T4::academic_T4_PG01,T4,academic,2000,6,6,16679,0.0003597337969902272,25,0.24
academic_T4::academic_T4_PG01,T4,academic,2001,8,8,16679,0.0004796450626536363,31,0.25806451612903225
academic_T4::academic_T4_PG01,T4,academic,2002,15,15,16679,0.000899334492475568,35,0.42857142857142855
academic_T4::academic_T4_PG01,T4,academic,2003,13,13,16679,0.000779423226812159,39,0.3333333333333333
academic_T4::academic_T4_PG01,T4,academic,2004,11,11,16679,0.0006595119611487499,37,0.2972972972972973
academic_T4::academic_T4_PG01,T4,academic,2005,14,14,16679,0.0008393788596438636,43,0.32558139534883723
academic_T4::academic_T4_PG01,T4,academic,2006,23,23,16679,0.0013789795551292043,62,0.3709677419354839
academic_T4::academic_T4_PG01,T4,academic,2007,25,25,16679,0.0014988908207926135,77,0.3246753246753247
academic_T4::academic_T4_PG01,T4,academic,2008,28,28,16679,0.0016787577192877272,86,0.32558139534883723
academic_T4::academic_T4_PG01,T4,academic,2009,33,33,16679,0.0019785358834462498,110,0.3
academic_T4::academic_T4_PG01,T4,academic,2010,34,34,16679,0.0020384915162779543,129,0.26356589147286824
academic_T4::academic_T4_PG01,T4,academic,2011,50,50,16679,0.002997781641585227,159,0.31446540880503143
academic_T4::academic_T4_PG01,T4,academic,2012,75,75,16679,0.00449667246237784,207,0.36231884057971014
academic_T4::academic_T4_PG01,T4,academic,2013,88,88,16679,0.005276095689189999,257,0.3424124513618677
academic_T4::academic_T4_PG01,T4,academic,2014,91,91,16679,0.005455962587685113,236,0.3855932203389831
academic_T4::academic_T4_PG01,T4,academic,2015,100,100,16679,0.005995563283170454,269,0.37174721189591076
academic_T4::academic_T4_PG01,T4,academic,2016,136,136,16679,0.008153966065111817,347,0.3919308357348703
academic_T4::academic_T4_PG01,T4,academic,2017,173,173,16679,0.010372324479884886,434,0.3986175115207373
academic_T4::academic_T4_PG01,T4,academic,2018,242,242,16679,0.014509263145272499,679,0.35640648011782033
academic_T4::academic_T4_PG01,T4,academic,2019,357,357,16679,0.02140416092091852,896,0.3984375
academic_T4::academic_T4_PG01,T4,academic,2020,404,404,16679,0.024222075664008632,1104,0.36594202898550726
academic_T4::academic_T4_PG01,T4,academic,2021,431,431,16679,0.025840877750464657,1380,0.31231884057971016
academic_T4::academic_T4_PG01,T4,academic,2022,554,554,16679,0.03321542058876432,1679,0.3299583085169744
academic_T4::academic_T4_PG01,T4,academic,2023,892,892,16679,0.053480424485880446,2301,0.3876575401999131
academic_T4::academic_T4_PG01,T4,academic,2024,1526,1526,16679,0.09149229570118113,3825,0.39895424836601306
academic_T4::academic_T4_PG01,T4,academic,2025,901,901,16679,0.05402002518136579,2232,0.403673835125448
academic_T4::academic_T4_PG02,T4,academic,2000,0,0,16679,0.0,25,0.0
academic_T4::academic_T4_PG02,T4,academic,2001,0,0,16679,0.0,31,0.0
academic_T4::academic_T4_PG02,T4,academic,2002,0,0,16679,0.0,35,0.0
academic_T4::academic_T4_PG02,T4,academic,2003,1,1,16679,5.995563283170454e-05,39,0.02564102564102564
academic_T4::academic_T4_PG02,T4,academic,2004,0,0,16679,0.0,37,0.0
academic_T4::academic_T4_PG02,T4,academic,2005,1,1,16679,5.995563283170454e-05,43,0.023255813953488372
academic_T4::academic_T4_PG02,T4,academic,2006,1,1,16679,5.995563283170454e-05,62,0.016129032258064516
academic_T4::academic_T4_PG02,T4,academic,2007,1,1,16679,5.995563283170454e-05,77,0.012987012987012988
academic_T4::academic_T4_PG02,T4,academic,2008,0,0,16679,0.0,86,0.0
academic_T4::academic_T4_PG02,T4,academic,2009,2,2,16679,0.00011991126566340908,110,0.01818181818181818
academic_T4::academic_T4_PG02,T4,academic,2010,3,3,16679,0.0001798668984951136,129,0.023255813953488372
academic_T4::academic_T4_PG02,T4,academic,2011,5,5,16679,0.0002997781641585227,159,0.031446540880503145
academic_T4::academic_T4_PG02,T4,academic,2012,6,6,16679,0.0003597337969902272,207,0.028985507246376812
academic_T4::academic_T4_PG02,T4,academic,2013,4,4,16679,0.00023982253132681815,257,0.01556420233463035
academic_T4::academic_T4_PG02,T4,academic,2014,2,2,16679,0.00011991126566340908,236,0.00847457627118644
academic_T4::academic_T4_PG02,T4,academic,2015,8,8,16679,0.0004796450626536363,269,0.02973977695167286
academic_T4::academic_T4_PG02,T4,academic,2016,6,6,16679,0.0003597337969902272,347,0.01729106628242075
academic_T4::academic_T4_PG02,T4,academic,2017,13,13,16679,0.000779423226812159,434,0.029953917050691243
academic_T4::academic_T4_PG02,T4,academic,2018,30,30,16679,0.001798668984951136,679,0.044182621502209134
academic_T4::academic_T4_PG02,T4,academic,2019,29,29,16679,0.0017387133521194317,896,0.03236607142857143
academic_T4::academic_T4_PG02,T4,academic,2020,40,40,16679,0.0023982253132681817,1104,0.036231884057971016
academic_T4::academic_T4_PG02,T4,academic,2021,84,84,16679,0.005036273157863181,1380,0.06086956521739131
academic_T4::academic_T4_PG02,T4,academic,2022,155,155,16679,0.009293123088914203,1679,0.09231685527099463
academic_T4::academic_T4_PG02,T4,academic,2023,190,190,16679,0.011391570238023863,2301,0.08257279443720121
academic_T4::academic_T4_PG02,T4,academic,2024,346,346,16679,0.02074464895976977,3825,0.09045751633986929
academic_T4::academic_T4_PG02,T4,academic,2025,226,226,16679,0.013549973019965226,2232,0.10125448028673835
academic_T4::academic_T4_PG04,T4,academic,2000,2,2,16679,0.00011991126566340908,25,0.08
academic_T4::academic_T4_PG04,T4,academic,2001,7,7,16679,0.0004196894298219318,31,0.22580645161290322
academic_T4::academic_T4_PG04,T4,academic,2002,4,4,16679,0.00023982253132681815,35,0.11428571428571428
academic_T4::academic_T4_PG04,T4,academic,2003,3,3,16679,0.0001798668984951136,39,0.07692307692307693
academic_T4::academic_T4_PG04,T4,academic,2004,7,7,16679,0.0004196894298219318,37,0.1891891891891892
academic_T4::academic_T4_PG04,T4,academic,2005,2,2,16679,0.00011991126566340908,43,0.046511627906976744
academic_T4::academic_T4_PG04,T4,academic,2006,2,2,16679,0.00011991126566340908,62,0.03225806451612903
academic_T4::academic_T4_PG04,T4,academic,2007,4,4,16679,0.00023982253132681815,77,0.05194805194805195
academic_T4::academic_T4_PG04,T4,academic,2008,4,4,16679,0.00023982253132681815,86,0.046511627906976744
academic_T4::academic_T4_PG04,T4,academic,2009,7,7,16679,0.0004196894298219318,110,0.06363636363636363
academic_T4::academic_T4_PG04,T4,academic,2010,10,10,16679,0.0005995563283170454,129,0.07751937984496124
academic_T4::academic_T4_PG04,T4,academic,2011,13,13,16679,0.000779423226812159,159,0.08176100628930817
academic_T4::academic_T4_PG04,T4,academic,2012,10,10,16679,0.0005995563283170454,207,0.04830917874396135
academic_T4::academic_T4_PG04,T4,academic,2013,16,16,16679,0.0009592901253072726,257,0.0622568093385214
academic_T4::academic_T4_PG04,T4,academic,2014,13,13,16679,0.000779423226812159,236,0.05508474576271186
academic_T4::academic_T4_PG04,T4,academic,2015,18,18,16679,0.0010792013909706817,269,0.06691449814126393
academic_T4::academic_T4_PG04,T4,academic,2016,16,16,16679,0.0009592901253072726,347,0.04610951008645533
academic_T4::academic_T4_PG04,T4,academic,2017,27,27,16679,0.0016188020864560226,434,0.06221198156682028
academic_T4::academic_T4_PG04,T4,academic,2018,41,41,16679,0.0024581809460998863,679,0.060382916053019146
academic_T4::academic_T4_PG04,T4,academic,2019,64,64,16679,0.0038371605012290904,896,0.07142857142857142
academic_T4::academic_T4_PG04,T4,academic,2020,85,85,16679,0.005096228790694886,1104,0.0769927536231884
academic_T4::academic_T4_PG04,T4,academic,2021,134,134,16679,0.008034054799448407,1380,0.09710144927536232
academic_T4::academic_T4_PG04,T4,academic,2022,189,189,16679,0.011331614605192157,1679,0.1125670041691483
academic_T4::academic_T4_PG04,T4,academic,2023,250,250,16679,0.014988908207926135,2301,0.10864841373315949
academic_T4::academic_T4_PG04,T4,academic,2024,341,341,16679,0.020444870795611247,3825,0.08915032679738562
academic_T4::academic_T4_PG04,T4,academic,2025,169,169,16679,0.010132501948558068,2232,0.07571684587813621
academic_T4::academic_T4_PG06,T4,academic,2000,1,1,16679,5.995563283170454e-05,25,0.04
academic_T4::academic_T4_PG06,T4,academic,2001,0,0,16679,0.0,31,0.0
academic_T4::academic_T4_PG06,T4,academic,2002,4,4,16679,0.00023982253132681815,35,0.11428571428571428
academic_T4::academic_T4_PG06,T4,academic,2003,3,3,16679,0.0001798668984951136,39,0.07692307692307693
academic_T4::academic_T4_PG06,T4,academic,2004,2,2,16679,0.00011991126566340908,37,0.05405405405405406
academic_T4::academic_T4_PG06,T4,academic,2005,4,4,16679,0.00023982253132681815,43,0.09302325581395349
academic_T4::academic_T4_PG06,T4,academic,2006,1,1,16679,5.995563283170454e-05,62,0.016129032258064516
academic_T4::academic_T4_PG06,T4,academic,2007,5,5,16679,0.0002997781641585227,77,0.06493506493506493
academic_T4::academic_T4_PG06,T4,academic,2008,5,5,16679,0.0002997781641585227,86,0.05813953488372093
academic_T4::academic_T4_PG06,T4,academic,2009,8,8,16679,0.0004796450626536363,110,0.07272727272727272
academic_T4::academic_T4_PG06,T4,academic,2010,12,12,16679,0.0007194675939804545,129,0.09302325581395349
academic_T4::academic_T4_PG06,T4,academic,2011,11,11,16679,0.0006595119611487499,159,0.06918238993710692
academic_T4::academic_T4_PG06,T4,academic,2012,18,18,16679,0.0010792013909706817,207,0.08695652173913043
academic_T4::academic_T4_PG06,T4,academic,2013,17,17,16679,0.0010192457581389772,257,0.06614785992217899
academic_T4::academic_T4_PG06,T4,academic,2014,21,21,16679,0.0012590682894657952,236,0.08898305084745763
academic_T4::academic_T4_PG06,T4,academic,2015,28,28,16679,0.0016787577192877272,269,0.10408921933085502
academic_T4::academic_T4_PG06,T4,academic,2016,29,29,16679,0.0017387133521194317,347,0.08357348703170028
academic_T4::academic_T4_PG06,T4,academic,2017,29,29,16679,0.0017387133521194317,434,0.06682027649769585
academic_T4::academic_T4_PG06,T4,academic,2018,53,53,16679,0.0031776485400803406,679,0.0780559646539028
academic_T4::academic_T4_PG06,T4,academic,2019,75,75,16679,0.00449667246237784,896,0.08370535714285714
academic_T4::academic_T4_PG06,T4,academic,2020,98,98,16679,0.005875652017507045,1104,0.08876811594202899
academic_T4::academic_T4_PG06,T4,academic,2021,136,136,16679,0.008153966065111817,1380,0.09855072463768116
academic_T4::academic_T4_PG06,T4,academic,2022,110,110,16679,0.0065951196114874995,1679,0.06551518761167362
academic_T4::academic_T4_PG06,T4,academic,2023,156,156,16679,0.009353078721745909,2301,0.06779661016949153
academic_T4::academic_T4_PG06,T4,academic,2024,242,242,16679,0.014509263145272499,3825,0.06326797385620915
academic_T4::academic_T4_PG06,T4,academic,2025,142,142,16679,0.008513699862102044,2232,0.06362007168458782
academic_T4::academic_T4_PG09,T4,academic,2000,0,0,16679,0.0,25,0.0
academic_T4::academic_T4_PG09,T4,academic,2001,1,1,16679,5.995563283170454e-05,31,0.03225806451612903
academic_T4::academic_T4_PG09,T4,academic,2002,2,2,16679,0.00011991126566340908,35,0.05714285714285714
academic_T4::academic_T4_PG09,T4,academic,2003,2,2,16679,0.00011991126566340908,39,0.05128205128205128
academic_T4::academic_T4_PG09,T4,academic,2004,2,2,16679,0.00011991126566340908,37,0.05405405405405406
academic_T4::academic_T4_PG09,T4,academic,2005,0,0,16679,0.0,43,0.0
academic_T4::academic_T4_PG09,T4,academic,2006,2,2,16679,0.00011991126566340908,62,0.03225806451612903
academic_T4::academic_T4_PG09,T4,academic,2007,6,6,16679,0.0003597337969902272,77,0.07792207792207792
academic_T4::academic_T4_PG09,T4,academic,2008,5,5,16679,0.0002997781641585227,86,0.05813953488372093
academic_T4::academic_T4_PG09,T4,academic,2009,5,5,16679,0.0002997781641585227,110,0.045454545454545456
academic_T4::academic_T4_PG09,T4,academic,2010,10,10,16679,0.0005995563283170454,129,0.07751937984496124
academic_T4::academic_T4_PG09,T4,academic,2011,14,14,16679,0.0008393788596438636,159,0.0880503144654088
academic_T4::academic_T4_PG09,T4,academic,2012,8,8,16679,0.0004796450626536363,207,0.03864734299516908
academic_T4::academic_T4_PG09,T4,academic,2013,6,6,16679,0.0003597337969902272,257,0.023346303501945526
academic_T4::academic_T4_PG09,T4,academic,2014,2,2,16679,0.00011991126566340908,236,0.00847457627118644
academic_T4::academic_T4_PG09,T4,academic,2015,6,6,16679,0.0003597337969902272,269,0.022304832713754646
academic_T4::academic_T4_PG09,T4,academic,2016,6,6,16679,0.0003597337969902272,347,0.01729106628242075
academic_T4::academic_T4_PG09,T4,academic,2017,11,11,16679,0.0006595119611487499,434,0.02534562211981567
academic_T4::academic_T4_PG09,T4,academic,2018,3,3,16679,0.0001798668984951136,679,0.004418262150220913
academic_T4::academic_T4_PG09,T4,academic,2019,4,4,16679,0.00023982253132681815,896,0.004464285714285714
academic_T4::academic_T4_PG09,T4,academic,2020,8,8,16679,0.0004796450626536363,1104,0.007246376811594203
academic_T4::academic_T4_PG09,T4,academic,2021,10,10,16679,0.0005995563283170454,1380,0.007246376811594203
academic_T4::academic_T4_PG09,T4,academic,2022,5,5,16679,0.0002997781641585227,1679,0.0029779630732578916
academic_T4::academic_T4_PG09,T4,academic,2023,10,10,16679,0.0005995563283170454,2301,0.004345936549326379
academic_T4::academic_T4_PG09,T4,academic,2024,27,27,16679,0.0016188020864560226,3825,0.007058823529411765
academic_T4::academic_T4_PG09,T4,academic,2025,9,9,16679,0.0005396006954853409,2232,0.004032258064516129
academic_T4::academic_T4_S001,T4,academic,2000,5,5,16679,0.0002997781641585227,25,0.2
academic_T4::academic_T4_S001,T4,academic,2001,2,2,16679,0.00011991126566340908,31,0.06451612903225806
academic_T4::academic_T4_S001,T4,academic,2002,1,1,16679,5.995563283170454e-05,35,0.02857142857142857
academic_T4::academic_T4_S001,T4,academic,2003,5,5,16679,0.0002997781641585227,39,0.1282051282051282
academic_T4::academic_T4_S001,T4,academic,2004,1,1,16679,5.995563283170454e-05,37,0.02702702702702703
academic_T4::academic_T4_S001,T4,academic,2005,4,4,16679,0.00023982253132681815,43,0.09302325581395349
academic_T4::academic_T4_S001,T4,academic,2006,9,9,16679,0.0005396006954853409,62,0.14516129032258066
academic_T4::academic_T4_S001,T4,academic,2007,5,5,16679,0.0002997781641585227,77,0.06493506493506493
academic_T4::academic_T4_S001,T4,academic,2008,4,4,16679,0.00023982253132681815,86,0.046511627906976744
academic_T4::academic_T4_S001,T4,academic,2009,3,3,16679,0.0001798668984951136,110,0.02727272727272727
academic_T4::academic_T4_S001,T4,academic,2010,4,4,16679,0.00023982253132681815,129,0.031007751937984496
academic_T4::academic_T4_S001,T4,academic,2011,11,11,16679,0.0006595119611487499,159,0.06918238993710692
academic_T4::academic_T4_S001,T4,academic,2012,14,14,16679,0.0008393788596438636,207,0.06763285024154589
academic_T4::academic_T4_S001,T4,academic,2013,11,11,16679,0.0006595119611487499,257,0.042801556420233464
academic_T4::academic_T4_S001,T4,academic,2014,12,12,16679,0.0007194675939804545,236,0.05084745762711865
academic_T4::academic_T4_S001,T4,academic,2015,7,7,16679,0.0004196894298219318,269,0.026022304832713755
academic_T4::academic_T4_S001,T4,academic,2016,27,27,16679,0.0016188020864560226,347,0.07780979827089338
academic_T4::academic_T4_S001,T4,academic,2017,20,20,16679,0.0011991126566340909,434,0.04608294930875576
academic_T4::academic_T4_S001,T4,academic,2018,30,30,16679,0.001798668984951136,679,0.044182621502209134
academic_T4::academic_T4_S001,T4,academic,2019,42,42,16679,0.0025181365789315904,896,0.046875
academic_T4::academic_T4_S001,T4,academic,2020,58,58,16679,0.0034774267042388634,1104,0.05253623188405797
academic_T4::academic_T4_S001,T4,academic,2021,66,66,16679,0.0039570717668924995,1380,0.04782608695652174
academic_T4::academic_T4_S001,T4,academic,2022,92,92,16679,0.005515918220516817,1679,0.0547945205479452
academic_T4::academic_T4_S001,T4,academic,2023,130,130,16679,0.00779423226812159,2301,0.05649717514124294
academic_T4::academic_T4_S001,T4,academic,2024,294,294,16679,0.017626956052521136,3825,0.07686274509803921
academic_T4::academic_T4_S001,T4,academic,2025,221,221,16679,0.013250194855806703,2232,0.09901433691756273
academic_T4::academic_T4_S007,T4,academic,2000,0,0,16679,0.0,25,0.0
academic_T4::academic_T4_S007,T4,academic,2001,3,3,16679,0.0001798668984951136,31,0.0967741935483871
academic_T4::academic_T4_S007,T4,academic,2002,0,0,16679,0.0,35,0.0
academic_T4::academic_T4_S007,T4,academic,2003,0,0,16679,0.0,39,0.0
academic_T4::academic_T4_S007,T4,academic,2004,1,1,16679,5.995563283170454e-05,37,0.02702702702702703
academic_T4::academic_T4_S007,T4,academic,2005,1,1,16679,5.995563283170454e-05,43,0.023255813953488372
academic_T4::academic_T4_S007,T4,academic,2006,2,2,16679,0.00011991126566340908,62,0.03225806451612903
academic_T4::academic_T4_S007,T4,academic,2007,7,7,16679,0.0004196894298219318,77,0.09090909090909091
academic_T4::academic_T4_S007,T4,academic,2008,9,9,16679,0.0005396006954853409,86,0.10465116279069768
academic_T4::academic_T4_S007,T4,academic,2009,8,8,16679,0.0004796450626536363,110,0.07272727272727272
academic_T4::academic_T4_S007,T4,academic,2010,7,7,16679,0.0004196894298219318,129,0.05426356589147287
academic_T4::academic_T4_S007,T4,academic,2011,8,8,16679,0.0004796450626536363,159,0.050314465408805034
academic_T4::academic_T4_S007,T4,academic,2012,9,9,16679,0.0005396006954853409,207,0.043478260869565216
academic_T4::academic_T4_S007,T4,academic,2013,10,10,16679,0.0005995563283170454,257,0.038910505836575876
academic_T4::academic_T4_S007,T4,academic,2014,13,13,16679,0.000779423226812159,236,0.05508474576271186
academic_T4::academic_T4_S007,T4,academic,2015,9,9,16679,0.0005396006954853409,269,0.03345724907063197
academic_T4::academic_T4_S007,T4,academic,2016,15,15,16679,0.000899334492475568,347,0.043227665706051875
academic_T4::academic_T4_S007,T4,academic,2017,12,12,16679,0.0007194675939804545,434,0.027649769585253458
academic_T4::academic_T4_S007,T4,academic,2018,24,24,16679,0.001438935187960909,679,0.035346097201767304
academic_T4::academic_T4_S007,T4,academic,2019,28,28,16679,0.0016787577192877272,896,0.03125
academic_T4::academic_T4_S007,T4,academic,2020,38,38,16679,0.0022783140476047726,1104,0.034420289855072464
academic_T4::academic_T4_S007,T4,academic,2021,33,33,16679,0.0019785358834462498,1380,0.02391304347826087
academic_T4::academic_T4_S007,T4,academic,2022,27,27,16679,0.0016188020864560226,1679,0.016081000595592615
academic_T4::academic_T4_S007,T4,academic,2023,30,30,16679,0.001798668984951136,2301,0.01303780964797914
academic_T4::academic_T4_S007,T4,academic,2024,49,49,16679,0.0029378260087535224,3825,0.01281045751633987
academic_T4::academic_T4_S007,T4,academic,2025,30,30,16679,0.001798668984951136,2232,0.013440860215053764
academic_T4::academic_T4_S009,T4,academic,2000,0,0,16679,0.0,25,0.0
academic_T4::academic_T4_S009,T4,academic,2001,0,0,16679,0.0,31,0.0
academic_T4::academic_T4_S009,T4,academic,2002,1,1,16679,5.995563283170454e-05,35,0.02857142857142857
academic_T4::academic_T4_S009,T4,academic,2003,0,0,16679,0.0,39,0.0
academic_T4::academic_T4_S009,T4,academic,2004,3,3,16679,0.0001798668984951136,37,0.08108108108108109
academic_T4::academic_T4_S009,T4,academic,2005,2,2,16679,0.00011991126566340908,43,0.046511627906976744
academic_T4::academic_T4_S009,T4,academic,2006,3,3,16679,0.0001798668984951136,62,0.04838709677419355
academic_T4::academic_T4_S009,T4,academic,2007,3,3,16679,0.0001798668984951136,77,0.03896103896103896
academic_T4::academic_T4_S009,T4,academic,2008,5,5,16679,0.0002997781641585227,86,0.05813953488372093
academic_T4::academic_T4_S009,T4,academic,2009,3,3,16679,0.0001798668984951136,110,0.02727272727272727
academic_T4::academic_T4_S009,T4,academic,2010,3,3,16679,0.0001798668984951136,129,0.023255813953488372
academic_T4::academic_T4_S009,T4,academic,2011,3,3,16679,0.0001798668984951136,159,0.018867924528301886
academic_T4::academic_T4_S009,T4,academic,2012,4,4,16679,0.00023982253132681815,207,0.01932367149758454
academic_T4::academic_T4_S009,T4,academic,2013,10,10,16679,0.0005995563283170454,257,0.038910505836575876
academic_T4::academic_T4_S009,T4,academic,2014,7,7,16679,0.0004196894298219318,236,0.029661016949152543
academic_T4::academic_T4_S009,T4,academic,2015,9,9,16679,0.0005396006954853409,269,0.03345724907063197
academic_T4::academic_T4_S009,T4,academic,2016,15,15,16679,0.000899334492475568,347,0.043227665706051875
academic_T4::academic_T4_S009,T4,academic,2017,8,8,16679,0.0004796450626536363,434,0.018433179723502304
academic_T4::academic_T4_S009,T4,academic,2018,28,28,16679,0.0016787577192877272,679,0.041237113402061855
academic_T4::academic_T4_S009,T4,academic,2019,26,26,16679,0.001558846453624318,896,0.029017857142857144
academic_T4::academic_T4_S009,T4,academic,2020,45,45,16679,0.002698003477426704,1104,0.04076086956521739
academic_T4::academic_T4_S009,T4,academic,2021,39,39,16679,0.002338269680436477,1380,0.02826086956521739
academic_T4::academic_T4_S009,T4,academic,2022,37,37,16679,0.002218358414773068,1679,0.022036926742108397
academic_T4::academic_T4_S009,T4,academic,2023,35,35,16679,0.002098447149109659,2301,0.015210777922642329
academic_T4::academic_T4_S009,T4,academic,2024,39,39,16679,0.002338269680436477,3825,0.01019607843137255
academic_T4::academic_T4_S009,T4,academic,2025,20,20,16679,0.0011991126566340909,2232,0.008960573476702509
academic_T4::academic_T4_S012,T4,academic,2000,0,0,16679,0.0,25,0.0
academic_T4::academic_T4_S012,T4,academic,2001,0,0,16679,0.0,31,0.0
academic_T4::academic_T4_S012,T4,academic,2002,0,0,16679,0.0,35,0.0
academic_T4::academic_T4_S012,T4,academic,2003,0,0,16679,0.0,39,0.0
academic_T4::academic_T4_S012,T4,academic,2004,0,0,16679,0.0,37,0.0
academic_T4::academic_T4_S012,T4,academic,2005,1,1,16679,5.995563283170454e-05,43,0.023255813953488372
academic_T4::academic_T4_S012,T4,academic,2006,0,0,16679,0.0,62,0.0
academic_T4::academic_T4_S012,T4,academic,2007,0,0,16679,0.0,77,0.0
academic_T4::academic_T4_S012,T4,academic,2008,0,0,16679,0.0,86,0.0
academic_T4::academic_T4_S012,T4,academic,2009,0,0,16679,0.0,110,0.0
academic_T4::academic_T4_S012,T4,academic,2010,0,0,16679,0.0,129,0.0
academic_T4::academic_T4_S012,T4,academic,2011,0,0,16679,0.0,159,0.0
academic_T4::academic_T4_S012,T4,academic,2012,0,0,16679,0.0,207,0.0
academic_T4::academic_T4_S012,T4,academic,2013,2,2,16679,0.00011991126566340908,257,0.007782101167315175
academic_T4::academic_T4_S012,T4,academic,2014,0,0,16679,0.0,236,0.0
academic_T4::academic_T4_S012,T4,academic,2015,4,4,16679,0.00023982253132681815,269,0.01486988847583643
academic_T4::academic_T4_S012,T4,academic,2016,6,6,16679,0.0003597337969902272,347,0.01729106628242075
academic_T4::academic_T4_S012,T4,academic,2017,12,12,16679,0.0007194675939804545,434,0.027649769585253458
academic_T4::academic_T4_S012,T4,academic,2018,23,23,16679,0.0013789795551292043,679,0.033873343151693665
academic_T4::academic_T4_S012,T4,academic,2019,22,22,16679,0.0013190239222974998,896,0.024553571428571428
academic_T4::academic_T4_S012,T4,academic,2020,25,25,16679,0.0014988908207926135,1104,0.022644927536231884
academic_T4::academic_T4_S012,T4,academic,2021,31,31,16679,0.0018586246177828406,1380,0.02246376811594203
academic_T4::academic_T4_S012,T4,academic,2022,45,45,16679,0.002698003477426704,1679,0.026801667659321026
academic_T4::academic_T4_S012,T4,academic,2023,53,53,16679,0.0031776485400803406,2301,0.02303346371142981
academic_T4::academic_T4_S012,T4,academic,2024,60,60,16679,0.003597337969902272,3825,0.01568627450980392
academic_T4::academic_T4_S012,T4,academic,2025,29,29,16679,0.0017387133521194317,2232,0.012992831541218637
academic_T4::academic_T4_S013,T4,academic,2000,2,2,16679,0.00011991126566340908,25,0.08
academic_T4::academic_T4_S013,T4,academic,2001,0,0,16679,0.0,31,0.0
academic_T4::academic_T4_S013,T4,academic,2002,2,2,16679,0.00011991126566340908,35,0.05714285714285714
academic_T4::academic_T4_S013,T4,academic,2003,0,0,16679,0.0,39,0.0
academic_T4::academic_T4_S013,T4,academic,2004,2,2,16679,0.00011991126566340908,37,0.05405405405405406
academic_T4::academic_T4_S013,T4,academic,2005,1,1,16679,5.995563283170454e-05,43,0.023255813953488372
academic_T4::academic_T4_S013,T4,academic,2006,2,2,16679,0.00011991126566340908,62,0.03225806451612903
academic_T4::academic_T4_S013,T4,academic,2007,2,2,16679,0.00011991126566340908,77,0.025974025974025976
academic_T4::academic_T4_S013,T4,academic,2008,3,3,16679,0.0001798668984951136,86,0.03488372093023256
academic_T4::academic_T4_S013,T4,academic,2009,3,3,16679,0.0001798668984951136,110,0.02727272727272727
academic_T4::academic_T4_S013,T4,academic,2010,4,4,16679,0.00023982253132681815,129,0.031007751937984496
academic_T4::academic_T4_S013,T4,academic,2011,4,4,16679,0.00023982253132681815,159,0.025157232704402517
academic_T4::academic_T4_S013,T4,academic,2012,8,8,16679,0.0004796450626536363,207,0.03864734299516908
academic_T4::academic_T4_S013,T4,academic,2013,8,8,16679,0.0004796450626536363,257,0.0311284046692607
academic_T4::academic_T4_S013,T4,academic,2014,5,5,16679,0.0002997781641585227,236,0.0211864406779661
academic_T4::academic_T4_S013,T4,academic,2015,12,12,16679,0.0007194675939804545,269,0.04460966542750929
academic_T4::academic_T4_S013,T4,academic,2016,8,8,16679,0.0004796450626536363,347,0.023054755043227664
academic_T4::academic_T4_S013,T4,academic,2017,14,14,16679,0.0008393788596438636,434,0.03225806451612903
academic_T4::academic_T4_S013,T4,academic,2018,25,25,16679,0.0014988908207926135,679,0.036818851251840944
academic_T4::academic_T4_S013,T4,academic,2019,30,30,16679,0.001798668984951136,896,0.033482142857142856
academic_T4::academic_T4_S013,T4,academic,2020,28,28,16679,0.0016787577192877272,1104,0.025362318840579712
academic_T4::academic_T4_S013,T4,academic,2021,24,24,16679,0.001438935187960909,1380,0.017391304347826087
academic_T4::academic_T4_S013,T4,academic,2022,27,27,16679,0.0016188020864560226,1679,0.016081000595592615
academic_T4::academic_T4_S013,T4,academic,2023,32,32,16679,0.0019185802506145452,2301,0.013906996957844416
academic_T4::academic_T4_S013,T4,academic,2024,46,46,16679,0.0027579591102584087,3825,0.012026143790849673
academic_T4::academic_T4_S013,T4,academic,2025,22,22,16679,0.0013190239222974998,2232,0.00985663082437276
academic_T4::academic_T4_S014,T4,academic,2000,0,0,16679,0.0,25,0.0
academic_T4::academic_T4_S014,T4,academic,2001,0,0,16679,0.0,31,0.0
academic_T4::academic_T4_S014,T4,academic,2002,0,0,16679,0.0,35,0.0
academic_T4::academic_T4_S014,T4,academic,2003,0,0,16679,0.0,39,0.0
academic_T4::academic_T4_S014,T4,academic,2004,0,0,16679,0.0,37,0.0
academic_T4::academic_T4_S014,T4,academic,2005,0,0,16679,0.0,43,0.0
academic_T4::academic_T4_S014,T4,academic,2006,0,0,16679,0.0,62,0.0
academic_T4::academic_T4_S014,T4,academic,2007,0,0,16679,0.0,77,0.0
academic_T4::academic_T4_S014,T4,academic,2008,0,0,16679,0.0,86,0.0
academic_T4::academic_T4_S014,T4,academic,2009,0,0,16679,0.0,110,0.0
academic_T4::academic_T4_S014,T4,academic,2010,2,2,16679,0.00011991126566340908,129,0.015503875968992248
academic_T4::academic_T4_S014,T4,academic,2011,1,1,16679,5.995563283170454e-05,159,0.006289308176100629
academic_T4::academic_T4_S014,T4,academic,2012,0,0,16679,0.0,207,0.0
academic_T4::academic_T4_S014,T4,academic,2013,2,2,16679,0.00011991126566340908,257,0.007782101167315175
academic_T4::academic_T4_S014,T4,academic,2014,2,2,16679,0.00011991126566340908,236,0.00847457627118644
academic_T4::academic_T4_S014,T4,academic,2015,0,0,16679,0.0,269,0.0
academic_T4::academic_T4_S014,T4,academic,2016,3,3,16679,0.0001798668984951136,347,0.008645533141210375
academic_T4::academic_T4_S014,T4,academic,2017,4,4,16679,0.00023982253132681815,434,0.009216589861751152
academic_T4::academic_T4_S014,T4,academic,2018,10,10,16679,0.0005995563283170454,679,0.014727540500736377
academic_T4::academic_T4_S014,T4,academic,2019,14,14,16679,0.0008393788596438636,896,0.015625
academic_T4::academic_T4_S014,T4,academic,2020,19,19,16679,0.0011391570238023863,1104,0.017210144927536232
academic_T4::academic_T4_S014,T4,academic,2021,41,41,16679,0.0024581809460998863,1380,0.029710144927536233
academic_T4::academic_T4_S014,T4,academic,2022,35,35,16679,0.002098447149109659,1679,0.02084574151280524
academic_T4::academic_T4_S014,T4,academic,2023,46,46,16679,0.0027579591102584087,2301,0.019991308126901346
academic_T4::academic_T4_S014,T4,academic,2024,93,93,16679,0.005575873853348522,3825,0.02431372549019608
academic_T4::academic_T4_S014,T4,academic,2025,35,35,16679,0.002098447149109659,2232,0.01568100358422939
academic_T4::academic_T4_S015,T4,academic,2000,3,3,16679,0.0001798668984951136,25,0.12
academic_T4::academic_T4_S015,T4,academic,2001,2,2,16679,0.00011991126566340908,31,0.06451612903225806
academic_T4::academic_T4_S015,T4,academic,2002,2,2,16679,0.00011991126566340908,35,0.05714285714285714
academic_T4::academic_T4_S015,T4,academic,2003,2,2,16679,0.00011991126566340908,39,0.05128205128205128
academic_T4::academic_T4_S015,T4,academic,2004,2,2,16679,0.00011991126566340908,37,0.05405405405405406
academic_T4::academic_T4_S015,T4,academic,2005,1,1,16679,5.995563283170454e-05,43,0.023255813953488372
academic_T4::academic_T4_S015,T4,academic,2006,5,5,16679,0.0002997781641585227,62,0.08064516129032258
academic_T4::academic_T4_S015,T4,academic,2007,1,1,16679,5.995563283170454e-05,77,0.012987012987012988
academic_T4::academic_T4_S015,T4,academic,2008,6,6,16679,0.0003597337969902272,86,0.06976744186046512
academic_T4::academic_T4_S015,T4,academic,2009,6,6,16679,0.0003597337969902272,110,0.05454545454545454
academic_T4::academic_T4_S015,T4,academic,2010,3,3,16679,0.0001798668984951136,129,0.023255813953488372
academic_T4::academic_T4_S015,T4,academic,2011,7,7,16679,0.0004196894298219318,159,0.0440251572327044
academic_T4::academic_T4_S015,T4,academic,2012,5,5,16679,0.0002997781641585227,207,0.024154589371980676
academic_T4::academic_T4_S015,T4,academic,2013,4,4,16679,0.00023982253132681815,257,0.01556420233463035
academic_T4::academic_T4_S015,T4,academic,2014,1,1,16679,5.995563283170454e-05,236,0.00423728813559322
academic_T4::academic_T4_S015,T4,academic,2015,4,4,16679,0.00023982253132681815,269,0.01486988847583643
academic_T4::academic_T4_S015,T4,academic,2016,9,9,16679,0.0005396006954853409,347,0.025936599423631124
academic_T4::academic_T4_S015,T4,academic,2017,3,3,16679,0.0001798668984951136,434,0.0069124423963133645
academic_T4::academic_T4_S015,T4,academic,2018,7,7,16679,0.0004196894298219318,679,0.010309278350515464
academic_T4::academic_T4_S015,T4,academic,2019,9,9,16679,0.0005396006954853409,896,0.010044642857142858
academic_T4::academic_T4_S015,T4,academic,2020,12,12,16679,0.0007194675939804545,1104,0.010869565217391304
academic_T4::academic_T4_S015,T4,academic,2021,14,14,16679,0.0008393788596438636,1380,0.010144927536231883
academic_T4::academic_T4_S015,T4,academic,2022,26,26,16679,0.001558846453624318,1679,0.015485407980941036
academic_T4::academic_T4_S015,T4,academic,2023,31,31,16679,0.0018586246177828406,2301,0.013472403302911778
academic_T4::academic_T4_S015,T4,academic,2024,56,56,16679,0.0033575154385754543,3825,0.014640522875816993
academic_T4::academic_T4_S015,T4,academic,2025,33,33,16679,0.0019785358834462498,2232,0.01478494623655914
academic_T4::academic_T4_S023,T4,academic,2000,0,0,16679,0.0,25,0.0
academic_T4::academic_T4_S023,T4,academic,2001,0,0,16679,0.0,31,0.0
academic_T4::academic_T4_S023,T4,academic,2002,0,0,16679,0.0,35,0.0
academic_T4::academic_T4_S023,T4,academic,2003,0,0,16679,0.0,39,0.0
academic_T4::academic_T4_S023,T4,academic,2004,0,0,16679,0.0,37,0.0
academic_T4::academic_T4_S023,T4,academic,2005,1,1,16679,5.995563283170454e-05,43,0.023255813953488372
academic_T4::academic_T4_S023,T4,academic,2006,0,0,16679,0.0,62,0.0
academic_T4::academic_T4_S023,T4,academic,2007,1,1,16679,5.995563283170454e-05,77,0.012987012987012988
academic_T4::academic_T4_S023,T4,academic,2008,0,0,16679,0.0,86,0.0
academic_T4::academic_T4_S023,T4,academic,2009,0,0,16679,0.0,110,0.0
academic_T4::academic_T4_S023,T4,academic,2010,1,1,16679,5.995563283170454e-05,129,0.007751937984496124
academic_T4::academic_T4_S023,T4,academic,2011,1,1,16679,5.995563283170454e-05,159,0.006289308176100629
academic_T4::academic_T4_S023,T4,academic,2012,0,0,16679,0.0,207,0.0
academic_T4::academic_T4_S023,T4,academic,2013,0,0,16679,0.0,257,0.0
academic_T4::academic_T4_S023,T4,academic,2014,1,1,16679,5.995563283170454e-05,236,0.00423728813559322
academic_T4::academic_T4_S023,T4,academic,2015,1,1,16679,5.995563283170454e-05,269,0.0037174721189591076
academic_T4::academic_T4_S023,T4,academic,2016,4,4,16679,0.00023982253132681815,347,0.011527377521613832
academic_T4::academic_T4_S023,T4,academic,2017,3,3,16679,0.0001798668984951136,434,0.0069124423963133645
academic_T4::academic_T4_S023,T4,academic,2018,7,7,16679,0.0004196894298219318,679,0.010309278350515464
academic_T4::academic_T4_S023,T4,academic,2019,9,9,16679,0.0005396006954853409,896,0.010044642857142858
academic_T4::academic_T4_S023,T4,academic,2020,11,11,16679,0.0006595119611487499,1104,0.009963768115942028
academic_T4::academic_T4_S023,T4,academic,2021,14,14,16679,0.0008393788596438636,1380,0.010144927536231883
academic_T4::academic_T4_S023,T4,academic,2022,18,18,16679,0.0010792013909706817,1679,0.01072066706372841
academic_T4::academic_T4_S023,T4,academic,2023,12,12,16679,0.0007194675939804545,2301,0.005215123859191656
academic_T4::academic_T4_S023,T4,academic,2024,40,40,16679,0.0023982253132681817,3825,0.01045751633986928
academic_T4::academic_T4_S023,T4,academic,2025,34,34,16679,0.0020384915162779543,2232,0.015232974910394265
academic_T4::academic_T4_S039,T4,academic,2000,0,0,16679,0.0,25,0.0
academic_T4::academic_T4_S039,T4,academic,2001,0,0,16679,0.0,31,0.0
academic_T4::academic_T4_S039,T4,academic,2002,0,0,16679,0.0,35,0.0
academic_T4::academic_T4_S039,T4,academic,2003,0,0,16679,0.0,39,0.0
academic_T4::academic_T4_S039,T4,academic,2004,0,0,16679,0.0,37,0.0
academic_T4::academic_T4_S039,T4,academic,2005,0,0,16679,0.0,43,0.0
academic_T4::academic_T4_S039,T4,academic,2006,0,0,16679,0.0,62,0.0
academic_T4::academic_T4_S039,T4,academic,2007,0,0,16679,0.0,77,0.0
academic_T4::academic_T4_S039,T4,academic,2008,0,0,16679,0.0,86,0.0
academic_T4::academic_T4_S039,T4,academic,2009,0,0,16679,0.0,110,0.0
academic_T4::academic_T4_S039,T4,academic,2010,0,0,16679,0.0,129,0.0
academic_T4::academic_T4_S039,T4,academic,2011,0,0,16679,0.0,159,0.0
academic_T4::academic_T4_S039,T4,academic,2012,0,0,16679,0.0,207,0.0
academic_T4::academic_T4_S039,T4,academic,2013,0,0,16679,0.0,257,0.0
academic_T4::academic_T4_S039,T4,academic,2014,0,0,16679,0.0,236,0.0
academic_T4::academic_T4_S039,T4,academic,2015,0,0,16679,0.0,269,0.0
academic_T4::academic_T4_S039,T4,academic,2016,0,0,16679,0.0,347,0.0
academic_T4::academic_T4_S039,T4,academic,2017,0,0,16679,0.0,434,0.0
academic_T4::academic_T4_S039,T4,academic,2018,1,1,16679,5.995563283170454e-05,679,0.0014727540500736377
academic_T4::academic_T4_S039,T4,academic,2019,0,0,16679,0.0,896,0.0
academic_T4::academic_T4_S039,T4,academic,2020,13,13,16679,0.000779423226812159,1104,0.01177536231884058
academic_T4::academic_T4_S039,T4,academic,2021,24,24,16679,0.001438935187960909,1380,0.017391304347826087
academic_T4::academic_T4_S039,T4,academic,2022,24,24,16679,0.001438935187960909,1679,0.01429422275163788
academic_T4::academic_T4_S039,T4,academic,2023,9,9,16679,0.0005396006954853409,2301,0.003911342894393742
academic_T4::academic_T4_S039,T4,academic,2024,13,13,16679,0.000779423226812159,3825,0.0033986928104575162
academic_T4::academic_T4_S039,T4,academic,2025,4,4,16679,0.00023982253132681815,2232,0.0017921146953405018
academic_T4::academic_T4_S040,T4,academic,2000,0,0,16679,0.0,25,0.0
academic_T4::academic_T4_S040,T4,academic,2001,0,0,16679,0.0,31,0.0
academic_T4::academic_T4_S040,T4,academic,2002,0,0,16679,0.0,35,0.0
academic_T4::academic_T4_S040,T4,academic,2003,0,0,16679,0.0,39,0.0
academic_T4::academic_T4_S040,T4,academic,2004,0,0,16679,0.0,37,0.0
academic_T4::academic_T4_S040,T4,academic,2005,0,0,16679,0.0,43,0.0
academic_T4::academic_T4_S040,T4,academic,2006,0,0,16679,0.0,62,0.0
academic_T4::academic_T4_S040,T4,academic,2007,0,0,16679,0.0,77,0.0
academic_T4::academic_T4_S040,T4,academic,2008,0,0,16679,0.0,86,0.0
academic_T4::academic_T4_S040,T4,academic,2009,0,0,16679,0.0,110,0.0
academic_T4::academic_T4_S040,T4,academic,2010,0,0,16679,0.0,129,0.0
academic_T4::academic_T4_S040,T4,academic,2011,0,0,16679,0.0,159,0.0
academic_T4::academic_T4_S040,T4,academic,2012,0,0,16679,0.0,207,0.0
academic_T4::academic_T4_S040,T4,academic,2013,0,0,16679,0.0,257,0.0
academic_T4::academic_T4_S040,T4,academic,2014,0,0,16679,0.0,236,0.0
academic_T4::academic_T4_S040,T4,academic,2015,1,1,16679,5.995563283170454e-05,269,0.0037174721189591076
academic_T4::academic_T4_S040,T4,academic,2016,0,0,16679,0.0,347,0.0
academic_T4::academic_T4_S040,T4,academic,2017,1,1,16679,5.995563283170454e-05,434,0.002304147465437788
academic_T4::academic_T4_S040,T4,academic,2018,1,1,16679,5.995563283170454e-05,679,0.0014727540500736377
academic_T4::academic_T4_S040,T4,academic,2019,0,0,16679,0.0,896,0.0
academic_T4::academic_T4_S040,T4,academic,2020,1,1,16679,5.995563283170454e-05,1104,0.0009057971014492754
academic_T4::academic_T4_S040,T4,academic,2021,1,1,16679,5.995563283170454e-05,1380,0.0007246376811594203
academic_T4::academic_T4_S040,T4,academic,2022,1,1,16679,5.995563283170454e-05,1679,0.0005955926146515784
academic_T4::academic_T4_S040,T4,academic,2023,23,23,16679,0.0013789795551292043,2301,0.009995654063450673
academic_T4::academic_T4_S040,T4,academic,2024,31,31,16679,0.0018586246177828406,3825,0.008104575163398693
academic_T4::academic_T4_S040,T4,academic,2025,24,24,16679,0.001438935187960909,2232,0.010752688172043012
academic_T4::academic_T4_S043,T4,academic,2000,0,0,16679,0.0,25,0.0
academic_T4::academic_T4_S043,T4,academic,2001,0,0,16679,0.0,31,0.0
academic_T4::academic_T4_S043,T4,academic,2002,0,0,16679,0.0,35,0.0
academic_T4::academic_T4_S043,T4,academic,2003,1,1,16679,5.995563283170454e-05,39,0.02564102564102564
academic_T4::academic_T4_S043,T4,academic,2004,0,0,16679,0.0,37,0.0
academic_T4::academic_T4_S043,T4,academic,2005,0,0,16679,0.0,43,0.0
academic_T4::academic_T4_S043,T4,academic,2006,0,0,16679,0.0,62,0.0
academic_T4::academic_T4_S043,T4,academic,2007,0,0,16679,0.0,77,0.0
academic_T4::academic_T4_S043,T4,academic,2008,2,2,16679,0.00011991126566340908,86,0.023255813953488372
academic_T4::academic_T4_S043,T4,academic,2009,1,1,16679,5.995563283170454e-05,110,0.00909090909090909
academic_T4::academic_T4_S043,T4,academic,2010,1,1,16679,5.995563283170454e-05,129,0.007751937984496124
academic_T4::academic_T4_S043,T4,academic,2011,0,0,16679,0.0,159,0.0
academic_T4::academic_T4_S043,T4,academic,2012,0,0,16679,0.0,207,0.0
academic_T4::academic_T4_S043,T4,academic,2013,0,0,16679,0.0,257,0.0
academic_T4::academic_T4_S043,T4,academic,2014,0,0,16679,0.0,236,0.0
academic_T4::academic_T4_S043,T4,academic,2015,1,1,16679,5.995563283170454e-05,269,0.0037174721189591076
academic_T4::academic_T4_S043,T4,academic,2016,0,0,16679,0.0,347,0.0
academic_T4::academic_T4_S043,T4,academic,2017,3,3,16679,0.0001798668984951136,434,0.0069124423963133645
academic_T4::academic_T4_S043,T4,academic,2018,4,4,16679,0.00023982253132681815,679,0.005891016200294551
academic_T4::academic_T4_S043,T4,academic,2019,3,3,16679,0.0001798668984951136,896,0.0033482142857142855
academic_T4::academic_T4_S043,T4,academic,2020,5,5,16679,0.0002997781641585227,1104,0.004528985507246377
academic_T4::academic_T4_S043,T4,academic,2021,10,10,16679,0.0005995563283170454,1380,0.007246376811594203
academic_T4::academic_T4_S043,T4,academic,2022,9,9,16679,0.0005396006954853409,1679,0.005360333531864205
academic_T4::academic_T4_S043,T4,academic,2023,11,11,16679,0.0006595119611487499,2301,0.0047805302042590175
academic_T4::academic_T4_S043,T4,academic,2024,13,13,16679,0.000779423226812159,3825,0.0033986928104575162
academic_T4::academic_T4_S043,T4,academic,2025,8,8,16679,0.0004796450626536363,2232,0.0035842293906810036
academic_T4::academic_T4_S050,T4,academic,2000,0,0,16679,0.0,25,0.0
academic_T4::academic_T4_S050,T4,academic,2001,1,1,16679,5.995563283170454e-05,31,0.03225806451612903
academic_T4::academic_T4_S050,T4,academic,2002,0,0,16679,0.0,35,0.0
academic_T4::academic_T4_S050,T4,academic,2003,0,0,16679,0.0,39,0.0
academic_T4::academic_T4_S050,T4,academic,2004,0,0,16679,0.0,37,0.0
academic_T4::academic_T4_S050,T4,academic,2005,0,0,16679,0.0,43,0.0
academic_T4::academic_T4_S050,T4,academic,2006,0,0,16679,0.0,62,0.0
academic_T4::academic_T4_S050,T4,academic,2007,0,0,16679,0.0,77,0.0
academic_T4::academic_T4_S050,T4,academic,2008,0,0,16679,0.0,86,0.0
academic_T4::academic_T4_S050,T4,academic,2009,0,0,16679,0.0,110,0.0
academic_T4::academic_T4_S050,T4,academic,2010,0,0,16679,0.0,129,0.0
academic_T4::academic_T4_S050,T4,academic,2011,0,0,16679,0.0,159,0.0
academic_T4::academic_T4_S050,T4,academic,2012,0,0,16679,0.0,207,0.0
academic_T4::academic_T4_S050,T4,academic,2013,0,0,16679,0.0,257,0.0
academic_T4::academic_T4_S050,T4,academic,2014,0,0,16679,0.0,236,0.0
academic_T4::academic_T4_S050,T4,academic,2015,0,0,16679,0.0,269,0.0
academic_T4::academic_T4_S050,T4,academic,2016,1,1,16679,5.995563283170454e-05,347,0.002881844380403458
academic_T4::academic_T4_S050,T4,academic,2017,1,1,16679,5.995563283170454e-05,434,0.002304147465437788
academic_T4::academic_T4_S050,T4,academic,2018,3,3,16679,0.0001798668984951136,679,0.004418262150220913
academic_T4::academic_T4_S050,T4,academic,2019,1,1,16679,5.995563283170454e-05,896,0.0011160714285714285
academic_T4::academic_T4_S050,T4,academic,2020,0,0,16679,0.0,1104,0.0
academic_T4::academic_T4_S050,T4,academic,2021,9,9,16679,0.0005396006954853409,1380,0.006521739130434782
academic_T4::academic_T4_S050,T4,academic,2022,12,12,16679,0.0007194675939804545,1679,0.00714711137581894
academic_T4::academic_T4_S050,T4,academic,2023,7,7,16679,0.0004196894298219318,2301,0.003042155584528466
academic_T4::academic_T4_S050,T4,academic,2024,10,10,16679,0.0005995563283170454,3825,0.00261437908496732
academic_T4::academic_T4_S050,T4,academic,2025,5,5,16679,0.0002997781641585227,2232,0.002240143369175627
academic_T4::academic_T4_S054,T4,academic,2000,0,0,16679,0.0,25,0.0
academic_T4::academic_T4_S054,T4,academic,2001,0,0,16679,0.0,31,0.0
academic_T4::academic_T4_S054,T4,academic,2002,0,0,16679,0.0,35,0.0
academic_T4::academic_T4_S054,T4,academic,2003,0,0,16679,0.0,39,0.0
academic_T4::academic_T4_S054,T4,academic,2004,0,0,16679,0.0,37,0.0
academic_T4::academic_T4_S054,T4,academic,2005,0,0,16679,0.0,43,0.0
academic_T4::academic_T4_S054,T4,academic,2006,0,0,16679,0.0,62,0.0
academic_T4::academic_T4_S054,T4,academic,2007,0,0,16679,0.0,77,0.0
academic_T4::academic_T4_S054,T4,academic,2008,0,0,16679,0.0,86,0.0
academic_T4::academic_T4_S054,T4,academic,2009,0,0,16679,0.0,110,0.0
academic_T4::academic_T4_S054,T4,academic,2010,0,0,16679,0.0,129,0.0
academic_T4::academic_T4_S054,T4,academic,2011,0,0,16679,0.0,159,0.0
academic_T4::academic_T4_S054,T4,academic,2012,0,0,16679,0.0,207,0.0
academic_T4::academic_T4_S054,T4,academic,2013,0,0,16679,0.0,257,0.0
academic_T4::academic_T4_S054,T4,academic,2014,1,1,16679,5.995563283170454e-05,236,0.00423728813559322
academic_T4::academic_T4_S054,T4,academic,2015,0,0,16679,0.0,269,0.0
academic_T4::academic_T4_S054,T4,academic,2016,0,0,16679,0.0,347,0.0
academic_T4::academic_T4_S054,T4,academic,2017,0,0,16679,0.0,434,0.0
academic_T4::academic_T4_S054,T4,academic,2018,0,0,16679,0.0,679,0.0
academic_T4::academic_T4_S054,T4,academic,2019,2,2,16679,0.00011991126566340908,896,0.002232142857142857
academic_T4::academic_T4_S054,T4,academic,2020,3,3,16679,0.0001798668984951136,1104,0.002717391304347826
academic_T4::academic_T4_S054,T4,academic,2021,2,2,16679,0.00011991126566340908,1380,0.0014492753623188406
academic_T4::academic_T4_S054,T4,academic,2022,5,5,16679,0.0002997781641585227,1679,0.0029779630732578916
academic_T4::academic_T4_S054,T4,academic,2023,6,6,16679,0.0003597337969902272,2301,0.002607561929595828
academic_T4::academic_T4_S054,T4,academic,2024,13,13,16679,0.000779423226812159,3825,0.0033986928104575162
academic_T4::academic_T4_S054,T4,academic,2025,18,18,16679,0.0010792013909706817,2232,0.008064516129032258
academic_T4::academic_T4_S056,T4,academic,2000,0,0,16679,0.0,25,0.0
academic_T4::academic_T4_S056,T4,academic,2001,0,0,16679,0.0,31,0.0
academic_T4::academic_T4_S056,T4,academic,2002,0,0,16679,0.0,35,0.0
academic_T4::academic_T4_S056,T4,academic,2003,0,0,16679,0.0,39,0.0
academic_T4::academic_T4_S056,T4,academic,2004,0,0,16679,0.0,37,0.0
academic_T4::academic_T4_S056,T4,academic,2005,0,0,16679,0.0,43,0.0
academic_T4::academic_T4_S056,T4,academic,2006,0,0,16679,0.0,62,0.0
academic_T4::academic_T4_S056,T4,academic,2007,0,0,16679,0.0,77,0.0
academic_T4::academic_T4_S056,T4,academic,2008,0,0,16679,0.0,86,0.0
academic_T4::academic_T4_S056,T4,academic,2009,0,0,16679,0.0,110,0.0
academic_T4::academic_T4_S056,T4,academic,2010,0,0,16679,0.0,129,0.0
academic_T4::academic_T4_S056,T4,academic,2011,0,0,16679,0.0,159,0.0
academic_T4::academic_T4_S056,T4,academic,2012,1,1,16679,5.995563283170454e-05,207,0.004830917874396135
academic_T4::academic_T4_S056,T4,academic,2013,0,0,16679,0.0,257,0.0
academic_T4::academic_T4_S056,T4,academic,2014,0,0,16679,0.0,236,0.0
academic_T4::academic_T4_S056,T4,academic,2015,0,0,16679,0.0,269,0.0
academic_T4::academic_T4_S056,T4,academic,2016,0,0,16679,0.0,347,0.0
academic_T4::academic_T4_S056,T4,academic,2017,1,1,16679,5.995563283170454e-05,434,0.002304147465437788
academic_T4::academic_T4_S056,T4,academic,2018,1,1,16679,5.995563283170454e-05,679,0.0014727540500736377
academic_T4::academic_T4_S056,T4,academic,2019,1,1,16679,5.995563283170454e-05,896,0.0011160714285714285
academic_T4::academic_T4_S056,T4,academic,2020,3,3,16679,0.0001798668984951136,1104,0.002717391304347826
academic_T4::academic_T4_S056,T4,academic,2021,2,2,16679,0.00011991126566340908,1380,0.0014492753623188406
academic_T4::academic_T4_S056,T4,academic,2022,11,11,16679,0.0006595119611487499,1679,0.006551518761167362
academic_T4::academic_T4_S056,T4,academic,2023,12,12,16679,0.0007194675939804545,2301,0.005215123859191656
academic_T4::academic_T4_S056,T4,academic,2024,15,15,16679,0.000899334492475568,3825,0.00392156862745098
academic_T4::academic_T4_S056,T4,academic,2025,5,5,16679,0.0002997781641585227,2232,0.002240143369175627
academic_T4::academic_T4_S18,T4,academic,2000,0,0,16679,0.0,25,0.0
academic_T4::academic_T4_S18,T4,academic,2001,0,0,16679,0.0,31,0.0
academic_T4::academic_T4_S18,T4,academic,2002,0,0,16679,0.0,35,0.0
academic_T4::academic_T4_S18,T4,academic,2003,0,0,16679,0.0,39,0.0
academic_T4::academic_T4_S18,T4,academic,2004,0,0,16679,0.0,37,0.0
academic_T4::academic_T4_S18,T4,academic,2005,1,1,16679,5.995563283170454e-05,43,0.023255813953488372
academic_T4::academic_T4_S18,T4,academic,2006,0,0,16679,0.0,62,0.0
academic_T4::academic_T4_S18,T4,academic,2007,0,0,16679,0.0,77,0.0
academic_T4::academic_T4_S18,T4,academic,2008,0,0,16679,0.0,86,0.0
academic_T4::academic_T4_S18,T4,academic,2009,2,2,16679,0.00011991126566340908,110,0.01818181818181818
academic_T4::academic_T4_S18,T4,academic,2010,0,0,16679,0.0,129,0.0
academic_T4::academic_T4_S18,T4,academic,2011,0,0,16679,0.0,159,0.0
academic_T4::academic_T4_S18,T4,academic,2012,0,0,16679,0.0,207,0.0
academic_T4::academic_T4_S18,T4,academic,2013,2,2,16679,0.00011991126566340908,257,0.007782101167315175
academic_T4::academic_T4_S18,T4,academic,2014,2,2,16679,0.00011991126566340908,236,0.00847457627118644
academic_T4::academic_T4_S18,T4,academic,2015,1,1,16679,5.995563283170454e-05,269,0.0037174721189591076
academic_T4::academic_T4_S18,T4,academic,2016,3,3,16679,0.0001798668984951136,347,0.008645533141210375
academic_T4::academic_T4_S18,T4,academic,2017,0,0,16679,0.0,434,0.0
academic_T4::academic_T4_S18,T4,academic,2018,2,2,16679,0.00011991126566340908,679,0.0029455081001472753
academic_T4::academic_T4_S18,T4,academic,2019,3,3,16679,0.0001798668984951136,896,0.0033482142857142855
academic_T4::academic_T4_S18,T4,academic,2020,7,7,16679,0.0004196894298219318,1104,0.006340579710144928
academic_T4::academic_T4_S18,T4,academic,2021,16,16,16679,0.0009592901253072726,1380,0.011594202898550725
academic_T4::academic_T4_S18,T4,academic,2022,31,31,16679,0.0018586246177828406,1679,0.01846337105419893
academic_T4::academic_T4_S18,T4,academic,2023,45,45,16679,0.002698003477426704,2301,0.01955671447196871
academic_T4::academic_T4_S18,T4,academic,2024,52,52,16679,0.003117692907248636,3825,0.013594771241830065
academic_T4::academic_T4_S18,T4,academic,2025,33,33,16679,0.0019785358834462498,2232,0.01478494623655914
academic_T5::academic_T5_PG01,T5,academic,2000,8,8,16762,0.0004772700155112755,60,0.13333333333333333
academic_T5::academic_T5_PG01,T5,academic,2001,13,13,16762,0.0007755637752058227,50,0.26
academic_T5::academic_T5_PG01,T5,academic,2002,13,13,16762,0.0007755637752058227,64,0.203125
academic_T5::academic_T5_PG01,T5,academic,2003,11,11,16762,0.0006562462713280038,71,0.15492957746478872
academic_T5::academic_T5_PG01,T5,academic,2004,10,10,16762,0.0005965875193890943,71,0.14084507042253522
academic_T5::academic_T5_PG01,T5,academic,2005,11,11,16762,0.0006562462713280038,57,0.19298245614035087
academic_T5::academic_T5_PG01,T5,academic,2006,13,13,16762,0.0007755637752058227,76,0.17105263157894737
academic_T5::academic_T5_PG01,T5,academic,2007,14,14,16762,0.0008352225271447321,104,0.1346153846153846
academic_T5::academic_T5_PG01,T5,academic,2008,27,27,16762,0.0016107863023505549,118,0.2288135593220339
academic_T5::academic_T5_PG01,T5,academic,2009,32,32,16762,0.001909080062045102,142,0.22535211267605634
academic_T5::academic_T5_PG01,T5,academic,2010,28,28,16762,0.0016704450542894642,149,0.18791946308724833
academic_T5::academic_T5_PG01,T5,academic,2011,63,63,16762,0.0037585013721512946,230,0.27391304347826084
academic_T5::academic_T5_PG01,T5,academic,2012,61,61,16762,0.0036391838682734755,220,0.2772727272727273
academic_T5::academic_T5_PG01,T5,academic,2013,76,76,16762,0.004534065147357117,274,0.2773722627737226
academic_T5::academic_T5_PG01,T5,academic,2014,93,93,16762,0.005548263930318578,315,0.29523809523809524
academic_T5::academic_T5_PG01,T5,academic,2015,103,103,16762,0.006144851449707672,390,0.2641025641025641
academic_T5::academic_T5_PG01,T5,academic,2016,123,123,16762,0.007338026488485861,426,0.2887323943661972
academic_T5::academic_T5_PG01,T5,academic,2017,167,167,16762,0.009963011573797876,502,0.33266932270916333
academic_T5::academic_T5_PG01,T5,academic,2018,222,222,16762,0.013244242930437895,760,0.29210526315789476
academic_T5::academic_T5_PG01,T5,academic,2019,298,298,16762,0.017778308077795013,1024,0.291015625
academic_T5::academic_T5_PG01,T5,academic,2020,371,371,16762,0.022133396969335403,1249,0.29703763010408324
academic_T5::academic_T5_PG01,T5,academic,2021,464,464,16762,0.02768166089965398,1521,0.3050624589086128
academic_T5::academic_T5_PG01,T5,academic,2022,470,470,16762,0.028039613411287436,1587,0.2961562696912413
academic_T5::academic_T5_PG01,T5,academic,2023,563,563,16762,0.033587877341606016,1985,0.2836272040302267
academic_T5::academic_T5_PG01,T5,academic,2024,1023,1023,16762,0.06103090323350435,3314,0.3086904043452022
academic_T5::academic_T5_PG01,T5,academic,2025,583,583,16762,0.0347810523803842,2003,0.291063404892661
academic_T5::academic_T5_PG04,T5,academic,2000,6,6,16762,0.0003579525116334566,60,0.1
academic_T5::academic_T5_PG04,T5,academic,2001,2,2,16762,0.00011931750387781887,50,0.04
academic_T5::academic_T5_PG04,T5,academic,2002,9,9,16762,0.000536928767450185,64,0.140625
academic_T5::academic_T5_PG04,T5,academic,2003,1,1,16762,5.965875193890944e-05,71,0.014084507042253521
academic_T5::academic_T5_PG04,T5,academic,2004,9,9,16762,0.000536928767450185,71,0.1267605633802817
academic_T5::academic_T5_PG04,T5,academic,2005,5,5,16762,0.00029829375969454716,57,0.08771929824561403
academic_T5::academic_T5_PG04,T5,academic,2006,4,4,16762,0.00023863500775563775,76,0.05263157894736842
academic_T5::academic_T5_PG04,T5,academic,2007,7,7,16762,0.00041761126357236605,104,0.0673076923076923
academic_T5::academic_T5_PG04,T5,academic,2008,8,8,16762,0.0004772700155112755,118,0.06779661016949153
academic_T5::academic_T5_PG04,T5,academic,2009,10,10,16762,0.0005965875193890943,142,0.07042253521126761
academic_T5::academic_T5_PG04,T5,academic,2010,12,12,16762,0.0007159050232669132,149,0.08053691275167785
academic_T5::academic_T5_PG04,T5,academic,2011,21,21,16762,0.0012528337907170982,230,0.09130434782608696
academic_T5::academic_T5_PG04,T5,academic,2012,18,18,16762,0.00107385753490037,220,0.08181818181818182
academic_T5::academic_T5_PG04,T5,academic,2013,24,24,16762,0.0014318100465338264,274,0.08759124087591241
academic_T5::academic_T5_PG04,T5,academic,2014,26,26,16762,0.0015511275504116453,315,0.08253968253968254
academic_T5::academic_T5_PG04,T5,academic,2015,40,40,16762,0.0023863500775563773,390,0.10256410256410256
academic_T5::academic_T5_PG04,T5,academic,2016,44,44,16762,0.002624985085312015,426,0.10328638497652583
academic_T5::academic_T5_PG04,T5,academic,2017,40,40,16762,0.0023863500775563773,502,0.0796812749003984
academic_T5::academic_T5_PG04,T5,academic,2018,81,81,16762,0.004832358907051665,760,0.10657894736842105
academic_T5::academic_T5_PG04,T5,academic,2019,99,99,16762,0.005906216441952035,1024,0.0966796875
academic_T5::academic_T5_PG04,T5,academic,2020,109,109,16762,0.006502803961341129,1249,0.08726981585268215
academic_T5::academic_T5_PG04,T5,academic,2021,129,129,16762,0.007695979000119317,1521,0.08481262327416174
academic_T5::academic_T5_PG04,T5,academic,2022,132,132,16762,0.007874955255936046,1587,0.0831758034026465
academic_T5::academic_T5_PG04,T5,academic,2023,127,127,16762,0.007576661496241499,1985,0.06397984886649874
academic_T5::academic_T5_PG04,T5,academic,2024,158,158,16762,0.00942608280634769,3314,0.04767652383826192
academic_T5::academic_T5_PG04,T5,academic,2025,103,103,16762,0.006144851449707672,2003,0.05142286570144783
academic_T5::academic_T5_PG06,T5,academic,2000,0,0,16762,0.0,60,0.0
academic_T5::academic_T5_PG06,T5,academic,2001,1,1,16762,5.965875193890944e-05,50,0.02
academic_T5::academic_T5_PG06,T5,academic,2002,2,2,16762,0.00011931750387781887,64,0.03125
academic_T5::academic_T5_PG06,T5,academic,2003,2,2,16762,0.00011931750387781887,71,0.028169014084507043
academic_T5::academic_T5_PG06,T5,academic,2004,0,0,16762,0.0,71,0.0
academic_T5::academic_T5_PG06,T5,academic,2005,2,2,16762,0.00011931750387781887,57,0.03508771929824561
academic_T5::academic_T5_PG06,T5,academic,2006,1,1,16762,5.965875193890944e-05,76,0.013157894736842105
academic_T5::academic_T5_PG06,T5,academic,2007,2,2,16762,0.00011931750387781887,104,0.019230769230769232
academic_T5::academic_T5_PG06,T5,academic,2008,1,1,16762,5.965875193890944e-05,118,0.00847457627118644
academic_T5::academic_T5_PG06,T5,academic,2009,2,2,16762,0.00011931750387781887,142,0.014084507042253521
academic_T5::academic_T5_PG06,T5,academic,2010,1,1,16762,5.965875193890944e-05,149,0.006711409395973154
academic_T5::academic_T5_PG06,T5,academic,2011,3,3,16762,0.0001789762558167283,230,0.013043478260869565
academic_T5::academic_T5_PG06,T5,academic,2012,2,2,16762,0.00011931750387781887,220,0.00909090909090909
academic_T5::academic_T5_PG06,T5,academic,2013,2,2,16762,0.00011931750387781887,274,0.0072992700729927005
academic_T5::academic_T5_PG06,T5,academic,2014,4,4,16762,0.00023863500775563775,315,0.012698412698412698
academic_T5::academic_T5_PG06,T5,academic,2015,9,9,16762,0.000536928767450185,390,0.023076923076923078
academic_T5::academic_T5_PG06,T5,academic,2016,8,8,16762,0.0004772700155112755,426,0.018779342723004695
academic_T5::academic_T5_PG06,T5,academic,2017,8,8,16762,0.0004772700155112755,502,0.01593625498007968
academic_T5::academic_T5_PG06,T5,academic,2018,33,33,16762,0.0019687388139840115,760,0.04342105263157895
academic_T5::academic_T5_PG06,T5,academic,2019,16,16,16762,0.000954540031022551,1024,0.015625
academic_T5::academic_T5_PG06,T5,academic,2020,46,46,16762,0.002744302589189834,1249,0.03682946357085669
academic_T5::academic_T5_PG06,T5,academic,2021,64,64,16762,0.003818160124090204,1521,0.042077580539119
academic_T5::academic_T5_PG06,T5,academic,2022,75,75,16762,0.004474406395418208,1587,0.04725897920604915
academic_T5::academic_T5_PG06,T5,academic,2023,132,132,16762,0.007874955255936046,1985,0.06649874055415617
academic_T5::academic_T5_PG06,T5,academic,2024,211,211,16762,0.012587996659109892,3314,0.06366928183464092
academic_T5::academic_T5_PG06,T5,academic,2025,127,127,16762,0.007576661496241499,2003,0.06340489266100849
academic_T5::academic_T5_PG07,T5,academic,2000,0,0,16762,0.0,60,0.0
academic_T5::academic_T5_PG07,T5,academic,2001,1,1,16762,5.965875193890944e-05,50,0.02
academic_T5::academic_T5_PG07,T5,academic,2002,1,1,16762,5.965875193890944e-05,64,0.015625
academic_T5::academic_T5_PG07,T5,academic,2003,1,1,16762,5.965875193890944e-05,71,0.014084507042253521
academic_T5::academic_T5_PG07,T5,academic,2004,1,1,16762,5.965875193890944e-05,71,0.014084507042253521
academic_T5::academic_T5_PG07,T5,academic,2005,0,0,16762,0.0,57,0.0
academic_T5::academic_T5_PG07,T5,academic,2006,5,5,16762,0.00029829375969454716,76,0.06578947368421052
academic_T5::academic_T5_PG07,T5,academic,2007,12,12,16762,0.0007159050232669132,104,0.11538461538461539
academic_T5::academic_T5_PG07,T5,academic,2008,9,9,16762,0.000536928767450185,118,0.07627118644067797
academic_T5::academic_T5_PG07,T5,academic,2009,7,7,16762,0.00041761126357236605,142,0.04929577464788732
academic_T5::academic_T5_PG07,T5,academic,2010,5,5,16762,0.00029829375969454716,149,0.03355704697986577
academic_T5::academic_T5_PG07,T5,academic,2011,8,8,16762,0.0004772700155112755,230,0.034782608695652174
academic_T5::academic_T5_PG07,T5,academic,2012,9,9,16762,0.000536928767450185,220,0.04090909090909091
academic_T5::academic_T5_PG07,T5,academic,2013,3,3,16762,0.0001789762558167283,274,0.010948905109489052
academic_T5::academic_T5_PG07,T5,academic,2014,11,11,16762,0.0006562462713280038,315,0.03492063492063492
academic_T5::academic_T5_PG07,T5,academic,2015,8,8,16762,0.0004772700155112755,390,0.020512820512820513
academic_T5::academic_T5_PG07,T5,academic,2016,15,15,16762,0.0008948812790836415,426,0.035211267605633804
academic_T5::academic_T5_PG07,T5,academic,2017,11,11,16762,0.0006562462713280038,502,0.021912350597609563
academic_T5::academic_T5_PG07,T5,academic,2018,23,23,16762,0.001372151294594917,760,0.030263157894736843
academic_T5::academic_T5_PG07,T5,academic,2019,23,23,16762,0.001372151294594917,1024,0.0224609375
academic_T5::academic_T5_PG07,T5,academic,2020,52,52,16762,0.0031022551008232906,1249,0.041633306645316254
academic_T5::academic_T5_PG07,T5,academic,2021,52,52,16762,0.0031022551008232906,1521,0.03418803418803419
academic_T5::academic_T5_PG07,T5,academic,2022,76,76,16762,0.004534065147357117,1587,0.04788909892879647
academic_T5::academic_T5_PG07,T5,academic,2023,102,102,16762,0.006085192697768763,1985,0.05138539042821159
academic_T5::academic_T5_PG07,T5,academic,2024,140,140,16762,0.00835222527144732,3314,0.04224502112251056
academic_T5::academic_T5_PG07,T5,academic,2025,86,86,16762,0.0051306526667462115,2003,0.042935596605092365
academic_T5::academic_T5_PG10,T5,academic,2000,0,0,16762,0.0,60,0.0
academic_T5::academic_T5_PG10,T5,academic,2001,2,2,16762,0.00011931750387781887,50,0.04
academic_T5::academic_T5_PG10,T5,academic,2002,0,0,16762,0.0,64,0.0
academic_T5::academic_T5_PG10,T5,academic,2003,1,1,16762,5.965875193890944e-05,71,0.014084507042253521
academic_T5::academic_T5_PG10,T5,academic,2004,1,1,16762,5.965875193890944e-05,71,0.014084507042253521
academic_T5::academic_T5_PG10,T5,academic,2005,0,0,16762,0.0,57,0.0
academic_T5::academic_T5_PG10,T5,academic,2006,1,1,16762,5.965875193890944e-05,76,0.013157894736842105
academic_T5::academic_T5_PG10,T5,academic,2007,1,1,16762,5.965875193890944e-05,104,0.009615384615384616
academic_T5::academic_T5_PG10,T5,academic,2008,3,3,16762,0.0001789762558167283,118,0.025423728813559324
academic_T5::academic_T5_PG10,T5,academic,2009,2,2,16762,0.00011931750387781887,142,0.014084507042253521
academic_T5::academic_T5_PG10,T5,academic,2010,2,2,16762,0.00011931750387781887,149,0.013422818791946308
academic_T5::academic_T5_PG10,T5,academic,2011,1,1,16762,5.965875193890944e-05,230,0.004347826086956522
academic_T5::academic_T5_PG10,T5,academic,2012,5,5,16762,0.00029829375969454716,220,0.022727272727272728
academic_T5::academic_T5_PG10,T5,academic,2013,1,1,16762,5.965875193890944e-05,274,0.0036496350364963502
academic_T5::academic_T5_PG10,T5,academic,2014,0,0,16762,0.0,315,0.0
academic_T5::academic_T5_PG10,T5,academic,2015,3,3,16762,0.0001789762558167283,390,0.007692307692307693
academic_T5::academic_T5_PG10,T5,academic,2016,0,0,16762,0.0,426,0.0
academic_T5::academic_T5_PG10,T5,academic,2017,4,4,16762,0.00023863500775563775,502,0.00796812749003984
academic_T5::academic_T5_PG10,T5,academic,2018,11,11,16762,0.0006562462713280038,760,0.014473684210526316
academic_T5::academic_T5_PG10,T5,academic,2019,15,15,16762,0.0008948812790836415,1024,0.0146484375
academic_T5::academic_T5_PG10,T5,academic,2020,22,22,16762,0.0013124925426560075,1249,0.017614091273018415
academic_T5::academic_T5_PG10,T5,academic,2021,23,23,16762,0.001372151294594917,1521,0.015121630506245891
academic_T5::academic_T5_PG10,T5,academic,2022,24,24,16762,0.0014318100465338264,1587,0.015122873345935728
academic_T5::academic_T5_PG10,T5,academic,2023,38,38,16762,0.0022670325736785586,1985,0.019143576826196475
academic_T5::academic_T5_PG10,T5,academic,2024,111,111,16762,0.0066221214652189475,3314,0.03349426674713337
academic_T5::academic_T5_PG10,T5,academic,2025,59,59,16762,0.003519866364395657,2003,0.02945581627558662
academic_T5::academic_T5_PG11,T5,academic,2000,0,0,16762,0.0,60,0.0
academic_T5::academic_T5_PG11,T5,academic,2001,0,0,16762,0.0,50,0.0
academic_T5::academic_T5_PG11,T5,academic,2002,2,2,16762,0.00011931750387781887,64,0.03125
academic_T5::academic_T5_PG11,T5,academic,2003,4,4,16762,0.00023863500775563775,71,0.056338028169014086
academic_T5::academic_T5_PG11,T5,academic,2004,3,3,16762,0.0001789762558167283,71,0.04225352112676056
academic_T5::academic_T5_PG11,T5,academic,2005,3,3,16762,0.0001789762558167283,57,0.05263157894736842
academic_T5::academic_T5_PG11,T5,academic,2006,7,7,16762,0.00041761126357236605,76,0.09210526315789473
academic_T5::academic_T5_PG11,T5,academic,2007,4,4,16762,0.00023863500775563775,104,0.038461538461538464
academic_T5::academic_T5_PG11,T5,academic,2008,5,5,16762,0.00029829375969454716,118,0.0423728813559322
academic_T5::academic_T5_PG11,T5,academic,2009,8,8,16762,0.0004772700155112755,142,0.056338028169014086
academic_T5::academic_T5_PG11,T5,academic,2010,6,6,16762,0.0003579525116334566,149,0.040268456375838924
academic_T5::academic_T5_PG11,T5,academic,2011,15,15,16762,0.0008948812790836415,230,0.06521739130434782
academic_T5::academic_T5_PG11,T5,academic,2012,15,15,16762,0.0008948812790836415,220,0.06818181818181818
academic_T5::academic_T5_PG11,T5,academic,2013,9,9,16762,0.000536928767450185,274,0.032846715328467155
academic_T5::academic_T5_PG11,T5,academic,2014,15,15,16762,0.0008948812790836415,315,0.047619047619047616
academic_T5::academic_T5_PG11,T5,academic,2015,23,23,16762,0.001372151294594917,390,0.05897435897435897
academic_T5::academic_T5_PG11,T5,academic,2016,17,17,16762,0.0010141987829614604,426,0.03990610328638498
academic_T5::academic_T5_PG11,T5,academic,2017,15,15,16762,0.0008948812790836415,502,0.029880478087649404
academic_T5::academic_T5_PG11,T5,academic,2018,33,33,16762,0.0019687388139840115,760,0.04342105263157895
academic_T5::academic_T5_PG11,T5,academic,2019,50,50,16762,0.002982937596945472,1024,0.048828125
academic_T5::academic_T5_PG11,T5,academic,2020,35,35,16762,0.00208805631786183,1249,0.02802241793434748
academic_T5::academic_T5_PG11,T5,academic,2021,39,39,16762,0.002326691325617468,1521,0.02564102564102564
academic_T5::academic_T5_PG11,T5,academic,2022,51,51,16762,0.0030425963488843813,1587,0.03213610586011342
academic_T5::academic_T5_PG11,T5,academic,2023,58,58,16762,0.0034602076124567475,1985,0.029219143576826197
academic_T5::academic_T5_PG11,T5,academic,2024,74,74,16762,0.004414747643479299,3314,0.022329511164755584
academic_T5::academic_T5_PG11,T5,academic,2025,51,51,16762,0.0030425963488843813,2003,0.0254618072890664
academic_T5::academic_T5_PG14,T5,academic,2000,0,0,16762,0.0,60,0.0
academic_T5::academic_T5_PG14,T5,academic,2001,0,0,16762,0.0,50,0.0
academic_T5::academic_T5_PG14,T5,academic,2002,0,0,16762,0.0,64,0.0
academic_T5::academic_T5_PG14,T5,academic,2003,0,0,16762,0.0,71,0.0
academic_T5::academic_T5_PG14,T5,academic,2004,0,0,16762,0.0,71,0.0
academic_T5::academic_T5_PG14,T5,academic,2005,0,0,16762,0.0,57,0.0
academic_T5::academic_T5_PG14,T5,academic,2006,0,0,16762,0.0,76,0.0
academic_T5::academic_T5_PG14,T5,academic,2007,0,0,16762,0.0,104,0.0
academic_T5::academic_T5_PG14,T5,academic,2008,0,0,16762,0.0,118,0.0
academic_T5::academic_T5_PG14,T5,academic,2009,0,0,16762,0.0,142,0.0
academic_T5::academic_T5_PG14,T5,academic,2010,1,1,16762,5.965875193890944e-05,149,0.006711409395973154
academic_T5::academic_T5_PG14,T5,academic,2011,1,1,16762,5.965875193890944e-05,230,0.004347826086956522
academic_T5::academic_T5_PG14,T5,academic,2012,0,0,16762,0.0,220,0.0
academic_T5::academic_T5_PG14,T5,academic,2013,1,1,16762,5.965875193890944e-05,274,0.0036496350364963502
academic_T5::academic_T5_PG14,T5,academic,2014,1,1,16762,5.965875193890944e-05,315,0.0031746031746031746
academic_T5::academic_T5_PG14,T5,academic,2015,5,5,16762,0.00029829375969454716,390,0.01282051282051282
academic_T5::academic_T5_PG14,T5,academic,2016,1,1,16762,5.965875193890944e-05,426,0.002347417840375587
academic_T5::academic_T5_PG14,T5,academic,2017,2,2,16762,0.00011931750387781887,502,0.00398406374501992
academic_T5::academic_T5_PG14,T5,academic,2018,7,7,16762,0.00041761126357236605,760,0.009210526315789473
academic_T5::academic_T5_PG14,T5,academic,2019,10,10,16762,0.0005965875193890943,1024,0.009765625
academic_T5::academic_T5_PG14,T5,academic,2020,8,8,16762,0.0004772700155112755,1249,0.006405124099279423
academic_T5::academic_T5_PG14,T5,academic,2021,11,11,16762,0.0006562462713280038,1521,0.007232084155161078
academic_T5::academic_T5_PG14,T5,academic,2022,14,14,16762,0.0008352225271447321,1587,0.008821676118462508
academic_T5::academic_T5_PG14,T5,academic,2023,16,16,16762,0.000954540031022551,1985,0.008060453400503778
academic_T5::academic_T5_PG14,T5,academic,2024,41,41,16762,0.002446008829495287,3314,0.012371756185878094
academic_T5::academic_T5_PG14,T5,academic,2025,13,13,16762,0.0007755637752058227,2003,0.006490264603095357
academic_T5::academic_T5_S014,T5,academic,2000,0,0,16762,0.0,60,0.0
academic_T5::academic_T5_S014,T5,academic,2001,0,0,16762,0.0,50,0.0
academic_T5::academic_T5_S014,T5,academic,2002,0,0,16762,0.0,64,0.0
academic_T5::academic_T5_S014,T5,academic,2003,0,0,16762,0.0,71,0.0
academic_T5::academic_T5_S014,T5,academic,2004,0,0,16762,0.0,71,0.0
academic_T5::academic_T5_S014,T5,academic,2005,0,0,16762,0.0,57,0.0
academic_T5::academic_T5_S014,T5,academic,2006,1,1,16762,5.965875193890944e-05,76,0.013157894736842105
academic_T5::academic_T5_S014,T5,academic,2007,1,1,16762,5.965875193890944e-05,104,0.009615384615384616
academic_T5::academic_T5_S014,T5,academic,2008,0,0,16762,0.0,118,0.0
academic_T5::academic_T5_S014,T5,academic,2009,0,0,16762,0.0,142,0.0
academic_T5::academic_T5_S014,T5,academic,2010,0,0,16762,0.0,149,0.0
academic_T5::academic_T5_S014,T5,academic,2011,4,4,16762,0.00023863500775563775,230,0.017391304347826087
academic_T5::academic_T5_S014,T5,academic,2012,3,3,16762,0.0001789762558167283,220,0.013636363636363636
academic_T5::academic_T5_S014,T5,academic,2013,7,7,16762,0.00041761126357236605,274,0.025547445255474453
academic_T5::academic_T5_S014,T5,academic,2014,2,2,16762,0.00011931750387781887,315,0.006349206349206349
academic_T5::academic_T5_S014,T5,academic,2015,4,4,16762,0.00023863500775563775,390,0.010256410256410256
academic_T5::academic_T5_S014,T5,academic,2016,4,4,16762,0.00023863500775563775,426,0.009389671361502348
academic_T5::academic_T5_S014,T5,academic,2017,5,5,16762,0.00029829375969454716,502,0.0099601593625498
academic_T5::academic_T5_S014,T5,academic,2018,4,4,16762,0.00023863500775563775,760,0.005263157894736842
academic_T5::academic_T5_S014,T5,academic,2019,22,22,16762,0.0013124925426560075,1024,0.021484375
academic_T5::academic_T5_S014,T5,academic,2020,12,12,16762,0.0007159050232669132,1249,0.009607686148919135
academic_T5::academic_T5_S014,T5,academic,2021,31,31,16762,0.0018494213101061926,1521,0.020381328073635765
academic_T5::academic_T5_S014,T5,academic,2022,44,44,16762,0.002624985085312015,1587,0.027725267800882167
academic_T5::academic_T5_S014,T5,academic,2023,53,53,16762,0.0031619138527622004,1985,0.026700251889168764
academic_T5::academic_T5_S014,T5,academic,2024,84,84,16762,0.005011335162868393,3314,0.025347012673506336
academic_T5::academic_T5_S014,T5,academic,2025,65,65,16762,0.0038778188760291133,2003,0.032451323015476784
academic_T5::academic_T5_S042,T5,academic,2000,0,0,16762,0.0,60,0.0
academic_T5::academic_T5_S042,T5,academic,2001,0,0,16762,0.0,50,0.0
academic_T5::academic_T5_S042,T5,academic,2002,0,0,16762,0.0,64,0.0
academic_T5::academic_T5_S042,T5,academic,2003,1,1,16762,5.965875193890944e-05,71,0.014084507042253521
academic_T5::academic_T5_S042,T5,academic,2004,0,0,16762,0.0,71,0.0
academic_T5::academic_T5_S042,T5,academic,2005,0,0,16762,0.0,57,0.0
academic_T5::academic_T5_S042,T5,academic,2006,0,0,16762,0.0,76,0.0
academic_T5::academic_T5_S042,T5,academic,2007,1,1,16762,5.965875193890944e-05,104,0.009615384615384616
academic_T5::academic_T5_S042,T5,academic,2008,0,0,16762,0.0,118,0.0
academic_T5::academic_T5_S042,T5,academic,2009,0,0,16762,0.0,142,0.0
academic_T5::academic_T5_S042,T5,academic,2010,0,0,16762,0.0,149,0.0
academic_T5::academic_T5_S042,T5,academic,2011,0,0,16762,0.0,230,0.0
academic_T5::academic_T5_S042,T5,academic,2012,2,2,16762,0.00011931750387781887,220,0.00909090909090909
academic_T5::academic_T5_S042,T5,academic,2013,3,3,16762,0.0001789762558167283,274,0.010948905109489052
academic_T5::academic_T5_S042,T5,academic,2014,4,4,16762,0.00023863500775563775,315,0.012698412698412698
academic_T5::academic_T5_S042,T5,academic,2015,2,2,16762,0.00011931750387781887,390,0.005128205128205128
academic_T5::academic_T5_S042,T5,academic,2016,3,3,16762,0.0001789762558167283,426,0.007042253521126761
academic_T5::academic_T5_S042,T5,academic,2017,6,6,16762,0.0003579525116334566,502,0.01195219123505976
academic_T5::academic_T5_S042,T5,academic,2018,8,8,16762,0.0004772700155112755,760,0.010526315789473684
academic_T5::academic_T5_S042,T5,academic,2019,9,9,16762,0.000536928767450185,1024,0.0087890625
academic_T5::academic_T5_S042,T5,academic,2020,7,7,16762,0.00041761126357236605,1249,0.005604483586869495
academic_T5::academic_T5_S042,T5,academic,2021,14,14,16762,0.0008352225271447321,1521,0.009204470742932281
academic_T5::academic_T5_S042,T5,academic,2022,12,12,16762,0.0007159050232669132,1587,0.007561436672967864
academic_T5::academic_T5_S042,T5,academic,2023,10,10,16762,0.0005965875193890943,1985,0.005037783375314861
academic_T5::academic_T5_S042,T5,academic,2024,20,20,16762,0.0011931750387781887,3314,0.006035003017501509
academic_T5::academic_T5_S042,T5,academic,2025,6,6,16762,0.0003579525116334566,2003,0.0029955067398901645
academic_T5::academic_T5_S043,T5,academic,2000,0,0,16762,0.0,60,0.0
academic_T5::academic_T5_S043,T5,academic,2001,0,0,16762,0.0,50,0.0
academic_T5::academic_T5_S043,T5,academic,2002,0,0,16762,0.0,64,0.0
academic_T5::academic_T5_S043,T5,academic,2003,0,0,16762,0.0,71,0.0
academic_T5::academic_T5_S043,T5,academic,2004,0,0,16762,0.0,71,0.0
academic_T5::academic_T5_S043,T5,academic,2005,0,0,16762,0.0,57,0.0
academic_T5::academic_T5_S043,T5,academic,2006,0,0,16762,0.0,76,0.0
academic_T5::academic_T5_S043,T5,academic,2007,0,0,16762,0.0,104,0.0
academic_T5::academic_T5_S043,T5,academic,2008,0,0,16762,0.0,118,0.0
academic_T5::academic_T5_S043,T5,academic,2009,0,0,16762,0.0,142,0.0
academic_T5::academic_T5_S043,T5,academic,2010,0,0,16762,0.0,149,0.0
academic_T5::academic_T5_S043,T5,academic,2011,0,0,16762,0.0,230,0.0
academic_T5::academic_T5_S043,T5,academic,2012,0,0,16762,0.0,220,0.0
academic_T5::academic_T5_S043,T5,academic,2013,0,0,16762,0.0,274,0.0
academic_T5::academic_T5_S043,T5,academic,2014,0,0,16762,0.0,315,0.0
academic_T5::academic_T5_S043,T5,academic,2015,0,0,16762,0.0,390,0.0
academic_T5::academic_T5_S043,T5,academic,2016,0,0,16762,0.0,426,0.0
academic_T5::academic_T5_S043,T5,academic,2017,0,0,16762,0.0,502,0.0
academic_T5::academic_T5_S043,T5,academic,2018,0,0,16762,0.0,760,0.0
academic_T5::academic_T5_S043,T5,academic,2019,0,0,16762,0.0,1024,0.0
academic_T5::academic_T5_S043,T5,academic,2020,13,13,16762,0.0007755637752058227,1249,0.010408326661329063
academic_T5::academic_T5_S043,T5,academic,2021,30,30,16762,0.001789762558167283,1521,0.01972386587771203
academic_T5::academic_T5_S043,T5,academic,2022,32,32,16762,0.001909080062045102,1587,0.020163831127914304
academic_T5::academic_T5_S043,T5,academic,2023,14,14,16762,0.0008352225271447321,1985,0.007052896725440806
academic_T5::academic_T5_S043,T5,academic,2024,16,16,16762,0.000954540031022551,3314,0.004828002414001207
academic_T5::academic_T5_S043,T5,academic,2025,6,6,16762,0.0003579525116334566,2003,0.0029955067398901645
academic_T5::academic_T5_S047,T5,academic,2000,2,2,16762,0.00011931750387781887,60,0.03333333333333333
academic_T5::academic_T5_S047,T5,academic,2001,0,0,16762,0.0,50,0.0
academic_T5::academic_T5_S047,T5,academic,2002,0,0,16762,0.0,64,0.0
academic_T5::academic_T5_S047,T5,academic,2003,0,0,16762,0.0,71,0.0
academic_T5::academic_T5_S047,T5,academic,2004,1,1,16762,5.965875193890944e-05,71,0.014084507042253521
academic_T5::academic_T5_S047,T5,academic,2005,0,0,16762,0.0,57,0.0
academic_T5::academic_T5_S047,T5,academic,2006,0,0,16762,0.0,76,0.0
academic_T5::academic_T5_S047,T5,academic,2007,1,1,16762,5.965875193890944e-05,104,0.009615384615384616
academic_T5::academic_T5_S047,T5,academic,2008,1,1,16762,5.965875193890944e-05,118,0.00847457627118644
academic_T5::academic_T5_S047,T5,academic,2009,1,1,16762,5.965875193890944e-05,142,0.007042253521126761
academic_T5::academic_T5_S047,T5,academic,2010,3,3,16762,0.0001789762558167283,149,0.020134228187919462
academic_T5::academic_T5_S047,T5,academic,2011,5,5,16762,0.00029829375969454716,230,0.021739130434782608
academic_T5::academic_T5_S047,T5,academic,2012,1,1,16762,5.965875193890944e-05,220,0.004545454545454545
academic_T5::academic_T5_S047,T5,academic,2013,2,2,16762,0.00011931750387781887,274,0.0072992700729927005
academic_T5::academic_T5_S047,T5,academic,2014,0,0,16762,0.0,315,0.0
academic_T5::academic_T5_S047,T5,academic,2015,1,1,16762,5.965875193890944e-05,390,0.002564102564102564
academic_T5::academic_T5_S047,T5,academic,2016,1,1,16762,5.965875193890944e-05,426,0.002347417840375587
academic_T5::academic_T5_S047,T5,academic,2017,1,1,16762,5.965875193890944e-05,502,0.00199203187250996
academic_T5::academic_T5_S047,T5,academic,2018,3,3,16762,0.0001789762558167283,760,0.003947368421052632
academic_T5::academic_T5_S047,T5,academic,2019,3,3,16762,0.0001789762558167283,1024,0.0029296875
academic_T5::academic_T5_S047,T5,academic,2020,7,7,16762,0.00041761126357236605,1249,0.005604483586869495
academic_T5::academic_T5_S047,T5,academic,2021,9,9,16762,0.000536928767450185,1521,0.005917159763313609
academic_T5::academic_T5_S047,T5,academic,2022,17,17,16762,0.0010141987829614604,1587,0.010712035286704474
academic_T5::academic_T5_S047,T5,academic,2023,12,12,16762,0.0007159050232669132,1985,0.006045340050377834
academic_T5::academic_T5_S047,T5,academic,2024,18,18,16762,0.00107385753490037,3314,0.005431502715751358
academic_T5::academic_T5_S047,T5,academic,2025,8,8,16762,0.0004772700155112755,2003,0.00399400898652022
academic_T5::academic_T5_S048,T5,academic,2000,2,2,16762,0.00011931750387781887,60,0.03333333333333333
academic_T5::academic_T5_S048,T5,academic,2001,1,1,16762,5.965875193890944e-05,50,0.02
academic_T5::academic_T5_S048,T5,academic,2002,0,0,16762,0.0,64,0.0
academic_T5::academic_T5_S048,T5,academic,2003,0,0,16762,0.0,71,0.0
academic_T5::academic_T5_S048,T5,academic,2004,1,1,16762,5.965875193890944e-05,71,0.014084507042253521
academic_T5::academic_T5_S048,T5,academic,2005,1,1,16762,5.965875193890944e-05,57,0.017543859649122806
academic_T5::academic_T5_S048,T5,academic,2006,0,0,16762,0.0,76,0.0
academic_T5::academic_T5_S048,T5,academic,2007,0,0,16762,0.0,104,0.0
academic_T5::academic_T5_S048,T5,academic,2008,1,1,16762,5.965875193890944e-05,118,0.00847457627118644
academic_T5::academic_T5_S048,T5,academic,2009,0,0,16762,0.0,142,0.0
academic_T5::academic_T5_S048,T5,academic,2010,0,0,16762,0.0,149,0.0
academic_T5::academic_T5_S048,T5,academic,2011,1,1,16762,5.965875193890944e-05,230,0.004347826086956522
academic_T5::academic_T5_S048,T5,academic,2012,0,0,16762,0.0,220,0.0
academic_T5::academic_T5_S048,T5,academic,2013,1,1,16762,5.965875193890944e-05,274,0.0036496350364963502
academic_T5::academic_T5_S048,T5,academic,2014,2,2,16762,0.00011931750387781887,315,0.006349206349206349
academic_T5::academic_T5_S048,T5,academic,2015,3,3,16762,0.0001789762558167283,390,0.007692307692307693
academic_T5::academic_T5_S048,T5,academic,2016,3,3,16762,0.0001789762558167283,426,0.007042253521126761
academic_T5::academic_T5_S048,T5,academic,2017,6,6,16762,0.0003579525116334566,502,0.01195219123505976
academic_T5::academic_T5_S048,T5,academic,2018,8,8,16762,0.0004772700155112755,760,0.010526315789473684
academic_T5::academic_T5_S048,T5,academic,2019,7,7,16762,0.00041761126357236605,1024,0.0068359375
academic_T5::academic_T5_S048,T5,academic,2020,6,6,16762,0.0003579525116334566,1249,0.004803843074459567
academic_T5::academic_T5_S048,T5,academic,2021,10,10,16762,0.0005965875193890943,1521,0.006574621959237344
academic_T5::academic_T5_S048,T5,academic,2022,7,7,16762,0.00041761126357236605,1587,0.004410838059231254
academic_T5::academic_T5_S048,T5,academic,2023,12,12,16762,0.0007159050232669132,1985,0.006045340050377834
academic_T5::academic_T5_S048,T5,academic,2024,13,13,16762,0.0007755637752058227,3314,0.003922751961375981
academic_T5::academic_T5_S048,T5,academic,2025,6,6,16762,0.0003579525116334566,2003,0.0029955067398901645
academic_T5::academic_T5_S054,T5,academic,2000,0,0,16762,0.0,60,0.0
academic_T5::academic_T5_S054,T5,academic,2001,0,0,16762,0.0,50,0.0
academic_T5::academic_T5_S054,T5,academic,2002,1,1,16762,5.965875193890944e-05,64,0.015625
academic_T5::academic_T5_S054,T5,academic,2003,0,0,16762,0.0,71,0.0
academic_T5::academic_T5_S054,T5,academic,2004,0,0,16762,0.0,71,0.0
academic_T5::academic_T5_S054,T5,academic,2005,0,0,16762,0.0,57,0.0
academic_T5::academic_T5_S054,T5,academic,2006,0,0,16762,0.0,76,0.0
academic_T5::academic_T5_S054,T5,academic,2007,0,0,16762,0.0,104,0.0
academic_T5::academic_T5_S054,T5,academic,2008,0,0,16762,0.0,118,0.0
academic_T5::academic_T5_S054,T5,academic,2009,0,0,16762,0.0,142,0.0
academic_T5::academic_T5_S054,T5,academic,2010,0,0,16762,0.0,149,0.0
academic_T5::academic_T5_S054,T5,academic,2011,1,1,16762,5.965875193890944e-05,230,0.004347826086956522
academic_T5::academic_T5_S054,T5,academic,2012,1,1,16762,5.965875193890944e-05,220,0.004545454545454545
academic_T5::academic_T5_S054,T5,academic,2013,1,1,16762,5.965875193890944e-05,274,0.0036496350364963502
academic_T5::academic_T5_S054,T5,academic,2014,1,1,16762,5.965875193890944e-05,315,0.0031746031746031746
academic_T5::academic_T5_S054,T5,academic,2015,2,2,16762,0.00011931750387781887,390,0.005128205128205128
academic_T5::academic_T5_S054,T5,academic,2016,2,2,16762,0.00011931750387781887,426,0.004694835680751174
academic_T5::academic_T5_S054,T5,academic,2017,2,2,16762,0.00011931750387781887,502,0.00398406374501992
academic_T5::academic_T5_S054,T5,academic,2018,7,7,16762,0.00041761126357236605,760,0.009210526315789473
academic_T5::academic_T5_S054,T5,academic,2019,1,1,16762,5.965875193890944e-05,1024,0.0009765625
academic_T5::academic_T5_S054,T5,academic,2020,5,5,16762,0.00029829375969454716,1249,0.0040032025620496394
academic_T5::academic_T5_S054,T5,academic,2021,6,6,16762,0.0003579525116334566,1521,0.0039447731755424065
academic_T5::academic_T5_S054,T5,academic,2022,1,1,16762,5.965875193890944e-05,1587,0.000630119722747322
academic_T5::academic_T5_S054,T5,academic,2023,8,8,16762,0.0004772700155112755,1985,0.004030226700251889
academic_T5::academic_T5_S054,T5,academic,2024,32,32,16762,0.001909080062045102,3314,0.009656004828002414
academic_T5::academic_T5_S054,T5,academic,2025,19,19,16762,0.0011335162868392793,2003,0.009485771342985522
academic_T5::academic_T5_S055,T5,academic,2000,0,0,16762,0.0,60,0.0
academic_T5::academic_T5_S055,T5,academic,2001,0,0,16762,0.0,50,0.0
academic_T5::academic_T5_S055,T5,academic,2002,0,0,16762,0.0,64,0.0
academic_T5::academic_T5_S055,T5,academic,2003,0,0,16762,0.0,71,0.0
academic_T5::academic_T5_S055,T5,academic,2004,0,0,16762,0.0,71,0.0
academic_T5::academic_T5_S055,T5,academic,2005,0,0,16762,0.0,57,0.0
academic_T5::academic_T5_S055,T5,academic,2006,1,1,16762,5.965875193890944e-05,76,0.013157894736842105
academic_T5::academic_T5_S055,T5,academic,2007,0,0,16762,0.0,104,0.0
academic_T5::academic_T5_S055,T5,academic,2008,0,0,16762,0.0,118,0.0
academic_T5::academic_T5_S055,T5,academic,2009,0,0,16762,0.0,142,0.0
academic_T5::academic_T5_S055,T5,academic,2010,2,2,16762,0.00011931750387781887,149,0.013422818791946308
academic_T5::academic_T5_S055,T5,academic,2011,0,0,16762,0.0,230,0.0
academic_T5::academic_T5_S055,T5,academic,2012,0,0,16762,0.0,220,0.0
academic_T5::academic_T5_S055,T5,academic,2013,2,2,16762,0.00011931750387781887,274,0.0072992700729927005
academic_T5::academic_T5_S055,T5,academic,2014,2,2,16762,0.00011931750387781887,315,0.006349206349206349
academic_T5::academic_T5_S055,T5,academic,2015,2,2,16762,0.00011931750387781887,390,0.005128205128205128
academic_T5::academic_T5_S055,T5,academic,2016,5,5,16762,0.00029829375969454716,426,0.011737089201877934
academic_T5::academic_T5_S055,T5,academic,2017,2,2,16762,0.00011931750387781887,502,0.00398406374501992
academic_T5::academic_T5_S055,T5,academic,2018,4,4,16762,0.00023863500775563775,760,0.005263157894736842
academic_T5::academic_T5_S055,T5,academic,2019,1,1,16762,5.965875193890944e-05,1024,0.0009765625
academic_T5::academic_T5_S055,T5,academic,2020,6,6,16762,0.0003579525116334566,1249,0.004803843074459567
academic_T5::academic_T5_S055,T5,academic,2021,6,6,16762,0.0003579525116334566,1521,0.0039447731755424065
academic_T5::academic_T5_S055,T5,academic,2022,13,13,16762,0.0007755637752058227,1587,0.008191556395715185
academic_T5::academic_T5_S055,T5,academic,2023,13,13,16762,0.0007755637752058227,1985,0.00654911838790932
academic_T5::academic_T5_S055,T5,academic,2024,18,18,16762,0.00107385753490037,3314,0.005431502715751358
academic_T5::academic_T5_S055,T5,academic,2025,4,4,16762,0.00023863500775563775,2003,0.00199700449326011
academic_T5::academic_T5_S060,T5,academic,2000,0,0,16762,0.0,60,0.0
academic_T5::academic_T5_S060,T5,academic,2001,0,0,16762,0.0,50,0.0
academic_T5::academic_T5_S060,T5,academic,2002,0,0,16762,0.0,64,0.0
academic_T5::academic_T5_S060,T5,academic,2003,0,0,16762,0.0,71,0.0
academic_T5::academic_T5_S060,T5,academic,2004,0,0,16762,0.0,71,0.0
academic_T5::academic_T5_S060,T5,academic,2005,0,0,16762,0.0,57,0.0
academic_T5::academic_T5_S060,T5,academic,2006,0,0,16762,0.0,76,0.0
academic_T5::academic_T5_S060,T5,academic,2007,0,0,16762,0.0,104,0.0
academic_T5::academic_T5_S060,T5,academic,2008,0,0,16762,0.0,118,0.0
academic_T5::academic_T5_S060,T5,academic,2009,0,0,16762,0.0,142,0.0
academic_T5::academic_T5_S060,T5,academic,2010,1,1,16762,5.965875193890944e-05,149,0.006711409395973154
academic_T5::academic_T5_S060,T5,academic,2011,0,0,16762,0.0,230,0.0
academic_T5::academic_T5_S060,T5,academic,2012,1,1,16762,5.965875193890944e-05,220,0.004545454545454545
academic_T5::academic_T5_S060,T5,academic,2013,0,0,16762,0.0,274,0.0
academic_T5::academic_T5_S060,T5,academic,2014,1,1,16762,5.965875193890944e-05,315,0.0031746031746031746
academic_T5::academic_T5_S060,T5,academic,2015,0,0,16762,0.0,390,0.0
academic_T5::academic_T5_S060,T5,academic,2016,2,2,16762,0.00011931750387781887,426,0.004694835680751174
academic_T5::academic_T5_S060,T5,academic,2017,3,3,16762,0.0001789762558167283,502,0.00597609561752988
academic_T5::academic_T5_S060,T5,academic,2018,2,2,16762,0.00011931750387781887,760,0.002631578947368421
academic_T5::academic_T5_S060,T5,academic,2019,1,1,16762,5.965875193890944e-05,1024,0.0009765625
academic_T5::academic_T5_S060,T5,academic,2020,4,4,16762,0.00023863500775563775,1249,0.0032025620496397116
academic_T5::academic_T5_S060,T5,academic,2021,6,6,16762,0.0003579525116334566,1521,0.0039447731755424065
academic_T5::academic_T5_S060,T5,academic,2022,4,4,16762,0.00023863500775563775,1587,0.002520478890989288
academic_T5::academic_T5_S060,T5,academic,2023,13,13,16762,0.0007755637752058227,1985,0.00654911838790932
academic_T5::academic_T5_S060,T5,academic,2024,21,21,16762,0.0012528337907170982,3314,0.006336753168376584
academic_T5::academic_T5_S060,T5,academic,2025,14,14,16762,0.0008352225271447321,2003,0.006989515726410384
academic_T5::academic_T5_S074,T5,academic,2000,0,0,16762,0.0,60,0.0
academic_T5::academic_T5_S074,T5,academic,2001,0,0,16762,0.0,50,0.0
academic_T5::academic_T5_S074,T5,academic,2002,0,0,16762,0.0,64,0.0
academic_T5::academic_T5_S074,T5,academic,2003,0,0,16762,0.0,71,0.0
academic_T5::academic_T5_S074,T5,academic,2004,0,0,16762,0.0,71,0.0
academic_T5::academic_T5_S074,T5,academic,2005,0,0,16762,0.0,57,0.0
academic_T5::academic_T5_S074,T5,academic,2006,0,0,16762,0.0,76,0.0
academic_T5::academic_T5_S074,T5,academic,2007,1,1,16762,5.965875193890944e-05,104,0.009615384615384616
academic_T5::academic_T5_S074,T5,academic,2008,0,0,16762,0.0,118,0.0
academic_T5::academic_T5_S074,T5,academic,2009,0,0,16762,0.0,142,0.0
academic_T5::academic_T5_S074,T5,academic,2010,0,0,16762,0.0,149,0.0
academic_T5::academic_T5_S074,T5,academic,2011,1,1,16762,5.965875193890944e-05,230,0.004347826086956522
academic_T5::academic_T5_S074,T5,academic,2012,0,0,16762,0.0,220,0.0
academic_T5::academic_T5_S074,T5,academic,2013,1,1,16762,5.965875193890944e-05,274,0.0036496350364963502
academic_T5::academic_T5_S074,T5,academic,2014,0,0,16762,0.0,315,0.0
academic_T5::academic_T5_S074,T5,academic,2015,2,2,16762,0.00011931750387781887,390,0.005128205128205128
academic_T5::academic_T5_S074,T5,academic,2016,0,0,16762,0.0,426,0.0
academic_T5::academic_T5_S074,T5,academic,2017,3,3,16762,0.0001789762558167283,502,0.00597609561752988
academic_T5::academic_T5_S074,T5,academic,2018,4,4,16762,0.00023863500775563775,760,0.005263157894736842
academic_T5::academic_T5_S074,T5,academic,2019,4,4,16762,0.00023863500775563775,1024,0.00390625
academic_T5::academic_T5_S074,T5,academic,2020,5,5,16762,0.00029829375969454716,1249,0.0040032025620496394
academic_T5::academic_T5_S074,T5,academic,2021,6,6,16762,0.0003579525116334566,1521,0.0039447731755424065
academic_T5::academic_T5_S074,T5,academic,2022,8,8,16762,0.0004772700155112755,1587,0.005040957781978576
academic_T5::academic_T5_S074,T5,academic,2023,6,6,16762,0.0003579525116334566,1985,0.003022670025188917
academic_T5::academic_T5_S074,T5,academic,2024,6,6,16762,0.0003579525116334566,3314,0.0018105009052504525
academic_T5::academic_T5_S074,T5,academic,2025,5,5,16762,0.00029829375969454716,2003,0.0024962556165751375
academic_T5::academic_T5_S075,T5,academic,2000,0,0,16762,0.0,60,0.0
academic_T5::academic_T5_S075,T5,academic,2001,0,0,16762,0.0,50,0.0
academic_T5::academic_T5_S075,T5,academic,2002,0,0,16762,0.0,64,0.0
academic_T5::academic_T5_S075,T5,academic,2003,0,0,16762,0.0,71,0.0
academic_T5::academic_T5_S075,T5,academic,2004,0,0,16762,0.0,71,0.0
academic_T5::academic_T5_S075,T5,academic,2005,0,0,16762,0.0,57,0.0
academic_T5::academic_T5_S075,T5,academic,2006,0,0,16762,0.0,76,0.0
academic_T5::academic_T5_S075,T5,academic,2007,0,0,16762,0.0,104,0.0
academic_T5::academic_T5_S075,T5,academic,2008,0,0,16762,0.0,118,0.0
academic_T5::academic_T5_S075,T5,academic,2009,1,1,16762,5.965875193890944e-05,142,0.007042253521126761
academic_T5::academic_T5_S075,T5,academic,2010,1,1,16762,5.965875193890944e-05,149,0.006711409395973154
academic_T5::academic_T5_S075,T5,academic,2011,0,0,16762,0.0,230,0.0
academic_T5::academic_T5_S075,T5,academic,2012,0,0,16762,0.0,220,0.0
academic_T5::academic_T5_S075,T5,academic,2013,1,1,16762,5.965875193890944e-05,274,0.0036496350364963502
academic_T5::academic_T5_S075,T5,academic,2014,3,3,16762,0.0001789762558167283,315,0.009523809523809525
academic_T5::academic_T5_S075,T5,academic,2015,1,1,16762,5.965875193890944e-05,390,0.002564102564102564
academic_T5::academic_T5_S075,T5,academic,2016,0,0,16762,0.0,426,0.0
academic_T5::academic_T5_S075,T5,academic,2017,3,3,16762,0.0001789762558167283,502,0.00597609561752988
academic_T5::academic_T5_S075,T5,academic,2018,1,1,16762,5.965875193890944e-05,760,0.0013157894736842105
academic_T5::academic_T5_S075,T5,academic,2019,2,2,16762,0.00011931750387781887,1024,0.001953125
academic_T5::academic_T5_S075,T5,academic,2020,1,1,16762,5.965875193890944e-05,1249,0.0008006405124099279
academic_T5::academic_T5_S075,T5,academic,2021,5,5,16762,0.00029829375969454716,1521,0.003287310979618672
academic_T5::academic_T5_S075,T5,academic,2022,6,6,16762,0.0003579525116334566,1587,0.003780718336483932
academic_T5::academic_T5_S075,T5,academic,2023,2,2,16762,0.00011931750387781887,1985,0.0010075566750629723
academic_T5::academic_T5_S075,T5,academic,2024,15,15,16762,0.0008948812790836415,3314,0.004526252263126132
academic_T5::academic_T5_S075,T5,academic,2025,6,6,16762,0.0003579525116334566,2003,0.0029955067398901645
academic_T6::academic_T6_PG01,T6,academic,2000,11,11,25192,0.00043664655446173386,134,0.08208955223880597
academic_T6::academic_T6_PG01,T6,academic,2001,14,14,25192,0.0005557319784058432,122,0.11475409836065574
academic_T6::academic_T6_PG01,T6,academic,2002,10,10,25192,0.0003969514131470308,130,0.07692307692307693
academic_T6::academic_T6_PG01,T6,academic,2003,15,15,25192,0.0005954271197205462,151,0.09933774834437085
academic_T6::academic_T6_PG01,T6,academic,2004,19,19,25192,0.0007542076849793585,144,0.13194444444444445
academic_T6::academic_T6_PG01,T6,academic,2005,11,11,25192,0.00043664655446173386,142,0.07746478873239436
academic_T6::academic_T6_PG01,T6,academic,2006,17,17,25192,0.0006748174023499524,186,0.0913978494623656
academic_T6::academic_T6_PG01,T6,academic,2007,31,31,25192,0.0012305493807557954,218,0.14220183486238533
academic_T6::academic_T6_PG01,T6,academic,2008,32,32,25192,0.0012702445220704986,220,0.14545454545454545
academic_T6::academic_T6_PG01,T6,academic,2009,33,33,25192,0.0013099396633852016,274,0.12043795620437957
academic_T6::academic_T6_PG01,T6,academic,2010,31,31,25192,0.0012305493807557954,331,0.09365558912386707
academic_T6::academic_T6_PG01,T6,academic,2011,30,30,25192,0.0011908542394410925,356,0.08426966292134831
academic_T6::academic_T6_PG01,T6,academic,2012,62,62,25192,0.002461098761511591,426,0.14553990610328638
academic_T6::academic_T6_PG01,T6,academic,2013,64,64,25192,0.0025404890441409972,484,0.1322314049586777
academic_T6::academic_T6_PG01,T6,academic,2014,74,74,25192,0.002937440457288028,571,0.1295971978984238
academic_T6::academic_T6_PG01,T6,academic,2015,56,56,25192,0.0022229279136233727,575,0.09739130434782609
academic_T6::academic_T6_PG01,T6,academic,2016,80,80,25192,0.0031756113051762463,631,0.12678288431061807
academic_T6::academic_T6_PG01,T6,academic,2017,103,103,25192,0.004088599555414418,808,0.12747524752475248
academic_T6::academic_T6_PG01,T6,academic,2018,121,121,25192,0.004803112099079073,1267,0.09550118389897395
academic_T6::academic_T6_PG01,T6,academic,2019,171,171,25192,0.006787869164814227,1777,0.09622960045019696
academic_T6::academic_T6_PG01,T6,academic,2020,192,192,25192,0.007621467132422992,1857,0.10339256865912763
academic_T6::academic_T6_PG01,T6,academic,2021,209,209,25192,0.008296284534772944,2207,0.0946986859990938
academic_T6::academic_T6_PG01,T6,academic,2022,175,175,25192,0.006946649730073039,2238,0.07819481680071493
academic_T6::academic_T6_PG01,T6,academic,2023,208,208,25192,0.00825658939345824,2855,0.07285464098073555
academic_T6::academic_T6_PG01,T6,academic,2024,323,323,25192,0.012821530644649096,4721,0.06841770811268799
academic_T6::academic_T6_PG01,T6,academic,2025,170,170,25192,0.0067481740234995235,2367,0.07182087029995775
academic_T6::academic_T6_PG03,T6,academic,2000,20,20,25192,0.0007939028262940616,134,0.14925373134328357
academic_T6::academic_T6_PG03,T6,academic,2001,11,11,25192,0.00043664655446173386,122,0.09016393442622951
academic_T6::academic_T6_PG03,T6,academic,2002,9,9,25192,0.0003572562718323277,130,0.06923076923076923
academic_T6::academic_T6_PG03,T6,academic,2003,18,18,25192,0.0007145125436646554,151,0.11920529801324503
academic_T6::academic_T6_PG03,T6,academic,2004,12,12,25192,0.000476341695776437,144,0.08333333333333333
academic_T6::academic_T6_PG03,T6,academic,2005,13,13,25192,0.00051603683709114,142,0.09154929577464789
academic_T6::academic_T6_PG03,T6,academic,2006,24,24,25192,0.000952683391552874,186,0.12903225806451613
academic_T6::academic_T6_PG03,T6,academic,2007,24,24,25192,0.000952683391552874,218,0.11009174311926606
academic_T6::academic_T6_PG03,T6,academic,2008,18,18,25192,0.0007145125436646554,220,0.08181818181818182
academic_T6::academic_T6_PG03,T6,academic,2009,28,28,25192,0.0011114639568116863,274,0.10218978102189781
academic_T6::academic_T6_PG03,T6,academic,2010,46,46,25192,0.0018259765004763418,331,0.13897280966767372
academic_T6::academic_T6_PG03,T6,academic,2011,35,35,25192,0.0013893299460146077,356,0.09831460674157304
academic_T6::academic_T6_PG03,T6,academic,2012,41,41,25192,0.0016275007939028263,426,0.09624413145539906
academic_T6::academic_T6_PG03,T6,academic,2013,47,47,25192,0.0018656716417910447,484,0.09710743801652892
academic_T6::academic_T6_PG03,T6,academic,2014,77,77,25192,0.003056525881232137,571,0.13485113835376533
academic_T6::academic_T6_PG03,T6,academic,2015,62,62,25192,0.002461098761511591,575,0.10782608695652174
academic_T6::academic_T6_PG03,T6,academic,2016,71,71,25192,0.0028183550333439186,631,0.11251980982567353
academic_T6::academic_T6_PG03,T6,academic,2017,101,101,25192,0.004009209272785011,808,0.125
academic_T6::academic_T6_PG03,T6,academic,2018,145,145,25192,0.005755795490631947,1267,0.11444356748224152
academic_T6::academic_T6_PG03,T6,academic,2019,199,199,25192,0.007899333121625912,1777,0.11198649409116489
academic_T6::academic_T6_PG03,T6,academic,2020,253,253,25192,0.010042870752619878,1857,0.1362412493268713
academic_T6::academic_T6_PG03,T6,academic,2021,313,313,25192,0.012424579231502064,2207,0.14182147711826007
academic_T6::academic_T6_PG03,T6,academic,2022,311,311,25192,0.012345188948872658,2238,0.1389633601429848
academic_T6::academic_T6_PG03,T6,academic,2023,358,358,25192,0.014210860590663702,2855,0.12539404553415062
academic_T6::academic_T6_PG03,T6,academic,2024,592,592,25192,0.023499523658304225,4721,0.1253971616183012
academic_T6::academic_T6_PG03,T6,academic,2025,267,267,25192,0.010598602731025723,2367,0.11280101394169835
academic_T6::academic_T6_PG05,T6,academic,2000,2,2,25192,7.939028262940616e-05,134,0.014925373134328358
academic_T6::academic_T6_PG05,T6,academic,2001,10,10,25192,0.0003969514131470308,122,0.08196721311475409
academic_T6::academic_T6_PG05,T6,academic,2002,13,13,25192,0.00051603683709114,130,0.1
academic_T6::academic_T6_PG05,T6,academic,2003,16,16,25192,0.0006351222610352493,151,0.10596026490066225
academic_T6::academic_T6_PG05,T6,academic,2004,12,12,25192,0.000476341695776437,144,0.08333333333333333
academic_T6::academic_T6_PG05,T6,academic,2005,11,11,25192,0.00043664655446173386,142,0.07746478873239436
academic_T6::academic_T6_PG05,T6,academic,2006,17,17,25192,0.0006748174023499524,186,0.0913978494623656
academic_T6::academic_T6_PG05,T6,academic,2007,9,9,25192,0.0003572562718323277,218,0.04128440366972477
academic_T6::academic_T6_PG05,T6,academic,2008,11,11,25192,0.00043664655446173386,220,0.05
academic_T6::academic_T6_PG05,T6,academic,2009,13,13,25192,0.00051603683709114,274,0.04744525547445255
academic_T6::academic_T6_PG05,T6,academic,2010,23,23,25192,0.0009129882502381709,331,0.06948640483383686
academic_T6::academic_T6_PG05,T6,academic,2011,20,20,25192,0.0007939028262940616,356,0.056179775280898875
academic_T6::academic_T6_PG05,T6,academic,2012,24,24,25192,0.000952683391552874,426,0.056338028169014086
academic_T6::academic_T6_PG05,T6,academic,2013,21,21,25192,0.0008335979676087646,484,0.04338842975206612
academic_T6::academic_T6_PG05,T6,academic,2014,31,31,25192,0.0012305493807557954,571,0.0542907180385289
academic_T6::academic_T6_PG05,T6,academic,2015,25,25,25192,0.000992378532867577,575,0.043478260869565216
academic_T6::academic_T6_PG05,T6,academic,2016,29,29,25192,0.0011511590981263893,631,0.04595879556259905
academic_T6::academic_T6_PG05,T6,academic,2017,35,35,25192,0.0013893299460146077,808,0.043316831683168314
academic_T6::academic_T6_PG05,T6,academic,2018,49,49,25192,0.0019450619244204509,1267,0.03867403314917127
academic_T6::academic_T6_PG05,T6,academic,2019,66,66,25192,0.002619879326770403,1777,0.03714124929656725
academic_T6::academic_T6_PG05,T6,academic,2020,80,80,25192,0.0031756113051762463,1857,0.043080236941303175
academic_T6::academic_T6_PG05,T6,academic,2021,75,75,25192,0.002977135598602731,2207,0.03398278205709107
academic_T6::academic_T6_PG05,T6,academic,2022,68,68,25192,0.0026992696093998095,2238,0.03038427167113494
academic_T6::academic_T6_PG05,T6,academic,2023,81,81,25192,0.0032153064464909495,2855,0.028371278458844133
academic_T6::academic_T6_PG05,T6,academic,2024,127,127,25192,0.005041282946967291,4721,0.02690108027960178
academic_T6::academic_T6_PG05,T6,academic,2025,78,78,25192,0.0030962210225468404,2367,0.032953105196451206
academic_T6::academic_T6_PG09,T6,academic,2000,3,3,25192,0.00011908542394410924,134,0.022388059701492536
academic_T6::academic_T6_PG09,T6,academic,2001,6,6,25192,0.0002381708478882185,122,0.04918032786885246
academic_T6::academic_T6_PG09,T6,academic,2002,7,7,25192,0.0002778659892029216,130,0.05384615384615385
academic_T6::academic_T6_PG09,T6,academic,2003,9,9,25192,0.0003572562718323277,151,0.059602649006622516
academic_T6::academic_T6_PG09,T6,academic,2004,4,4,25192,0.00015878056525881233,144,0.027777777777777776
academic_T6::academic_T6_PG09,T6,academic,2005,14,14,25192,0.0005557319784058432,142,0.09859154929577464
academic_T6::academic_T6_PG09,T6,academic,2006,7,7,25192,0.0002778659892029216,186,0.03763440860215054
academic_T6::academic_T6_PG09,T6,academic,2007,14,14,25192,0.0005557319784058432,218,0.06422018348623854
academic_T6::academic_T6_PG09,T6,academic,2008,11,11,25192,0.00043664655446173386,220,0.05
academic_T6::academic_T6_PG09,T6,academic,2009,16,16,25192,0.0006351222610352493,274,0.058394160583941604
academic_T6::academic_T6_PG09,T6,academic,2010,14,14,25192,0.0005557319784058432,331,0.04229607250755287
academic_T6::academic_T6_PG09,T6,academic,2011,21,21,25192,0.0008335979676087646,356,0.05898876404494382
academic_T6::academic_T6_PG09,T6,academic,2012,15,15,25192,0.0005954271197205462,426,0.035211267605633804
academic_T6::academic_T6_PG09,T6,academic,2013,26,26,25192,0.00103207367418228,484,0.05371900826446281
academic_T6::academic_T6_PG09,T6,academic,2014,26,26,25192,0.00103207367418228,571,0.04553415061295972
academic_T6::academic_T6_PG09,T6,academic,2015,31,31,25192,0.0012305493807557954,575,0.05391304347826087
academic_T6::academic_T6_PG09,T6,academic,2016,38,38,25192,0.001508415369958717,631,0.060221870047543584
academic_T6::academic_T6_PG09,T6,academic,2017,41,41,25192,0.0016275007939028263,808,0.050742574257425746
academic_T6::academic_T6_PG09,T6,academic,2018,50,50,25192,0.001984757065735154,1267,0.03946329913180742
academic_T6::academic_T6_PG09,T6,academic,2019,75,75,25192,0.002977135598602731,1777,0.04220596510973551
academic_T6::academic_T6_PG09,T6,academic,2020,82,82,25192,0.0032550015878056527,1857,0.04415724286483576
academic_T6::academic_T6_PG09,T6,academic,2021,115,115,25192,0.004564941251190854,2207,0.05210693248753965
academic_T6::academic_T6_PG09,T6,academic,2022,111,111,25192,0.004406160685932042,2238,0.049597855227882036
academic_T6::academic_T6_PG09,T6,academic,2023,125,125,25192,0.004961892664337885,2855,0.043782837127845885
academic_T6::academic_T6_PG09,T6,academic,2024,238,238,25192,0.009447443632899333,4721,0.050413048083033256
academic_T6::academic_T6_PG09,T6,academic,2025,120,120,25192,0.00476341695776437,2367,0.050697084917617236
academic_T6::academic_T6_PG10,T6,academic,2000,5,5,25192,0.0001984757065735154,134,0.03731343283582089
academic_T6::academic_T6_PG10,T6,academic,2001,3,3,25192,0.00011908542394410924,122,0.02459016393442623
academic_T6::academic_T6_PG10,T6,academic,2002,5,5,25192,0.0001984757065735154,130,0.038461538461538464
academic_T6::academic_T6_PG10,T6,academic,2003,5,5,25192,0.0001984757065735154,151,0.033112582781456956
academic_T6::academic_T6_PG10,T6,academic,2004,4,4,25192,0.00015878056525881233,144,0.027777777777777776
academic_T6::academic_T6_PG10,T6,academic,2005,4,4,25192,0.00015878056525881233,142,0.028169014084507043
academic_T6::academic_T6_PG10,T6,academic,2006,3,3,25192,0.00011908542394410924,186,0.016129032258064516
academic_T6::academic_T6_PG10,T6,academic,2007,9,9,25192,0.0003572562718323277,218,0.04128440366972477
academic_T6::academic_T6_PG10,T6,academic,2008,7,7,25192,0.0002778659892029216,220,0.031818181818181815
academic_T6::academic_T6_PG10,T6,academic,2009,10,10,25192,0.0003969514131470308,274,0.0364963503649635
academic_T6::academic_T6_PG10,T6,academic,2010,5,5,25192,0.0001984757065735154,331,0.015105740181268883
academic_T6::academic_T6_PG10,T6,academic,2011,7,7,25192,0.0002778659892029216,356,0.019662921348314606
academic_T6::academic_T6_PG10,T6,academic,2012,11,11,25192,0.00043664655446173386,426,0.025821596244131457
academic_T6::academic_T6_PG10,T6,academic,2013,6,6,25192,0.0002381708478882185,484,0.012396694214876033
academic_T6::academic_T6_PG10,T6,academic,2014,10,10,25192,0.0003969514131470308,571,0.017513134851138354
academic_T6::academic_T6_PG10,T6,academic,2015,16,16,25192,0.0006351222610352493,575,0.02782608695652174
academic_T6::academic_T6_PG10,T6,academic,2016,10,10,25192,0.0003969514131470308,631,0.01584786053882726
academic_T6::academic_T6_PG10,T6,academic,2017,18,18,25192,0.0007145125436646554,808,0.022277227722772276
academic_T6::academic_T6_PG10,T6,academic,2018,20,20,25192,0.0007939028262940616,1267,0.01578531965272297
academic_T6::academic_T6_PG10,T6,academic,2019,32,32,25192,0.0012702445220704986,1777,0.018007878446820485
academic_T6::academic_T6_PG10,T6,academic,2020,30,30,25192,0.0011908542394410925,1857,0.01615508885298869
academic_T6::academic_T6_PG10,T6,academic,2021,35,35,25192,0.0013893299460146077,2207,0.0158586316266425
academic_T6::academic_T6_PG10,T6,academic,2022,36,36,25192,0.0014290250873293109,2238,0.0160857908847185
academic_T6::academic_T6_PG10,T6,academic,2023,46,46,25192,0.0018259765004763418,2855,0.016112084063047285
academic_T6::academic_T6_PG10,T6,academic,2024,113,113,25192,0.004485550968561448,4721,0.023935606862952763
academic_T6::academic_T6_PG10,T6,academic,2025,42,42,25192,0.0016671959352175293,2367,0.017743979721166033
academic_T6::academic_T6_PG18,T6,academic,2000,3,3,25192,0.00011908542394410924,134,0.022388059701492536
academic_T6::academic_T6_PG18,T6,academic,2001,1,1,25192,3.969514131470308e-05,122,0.00819672131147541
academic_T6::academic_T6_PG18,T6,academic,2002,2,2,25192,7.939028262940616e-05,130,0.015384615384615385
academic_T6::academic_T6_PG18,T6,academic,2003,3,3,25192,0.00011908542394410924,151,0.019867549668874173
academic_T6::academic_T6_PG18,T6,academic,2004,5,5,25192,0.0001984757065735154,144,0.034722222222222224
academic_T6::academic_T6_PG18,T6,academic,2005,5,5,25192,0.0001984757065735154,142,0.035211267605633804
academic_T6::academic_T6_PG18,T6,academic,2006,3,3,25192,0.00011908542394410924,186,0.016129032258064516
academic_T6::academic_T6_PG18,T6,academic,2007,5,5,25192,0.0001984757065735154,218,0.022935779816513763
academic_T6::academic_T6_PG18,T6,academic,2008,6,6,25192,0.0002381708478882185,220,0.02727272727272727
academic_T6::academic_T6_PG18,T6,academic,2009,5,5,25192,0.0001984757065735154,274,0.01824817518248175
academic_T6::academic_T6_PG18,T6,academic,2010,12,12,25192,0.000476341695776437,331,0.03625377643504532
academic_T6::academic_T6_PG18,T6,academic,2011,10,10,25192,0.0003969514131470308,356,0.028089887640449437
academic_T6::academic_T6_PG18,T6,academic,2012,9,9,25192,0.0003572562718323277,426,0.02112676056338028
academic_T6::academic_T6_PG18,T6,academic,2013,10,10,25192,0.0003969514131470308,484,0.02066115702479339
academic_T6::academic_T6_PG18,T6,academic,2014,8,8,25192,0.00031756113051762465,571,0.014010507880910683
academic_T6::academic_T6_PG18,T6,academic,2015,16,16,25192,0.0006351222610352493,575,0.02782608695652174
academic_T6::academic_T6_PG18,T6,academic,2016,8,8,25192,0.00031756113051762465,631,0.012678288431061807
academic_T6::academic_T6_PG18,T6,academic,2017,6,6,25192,0.0002381708478882185,808,0.007425742574257425
academic_T6::academic_T6_PG18,T6,academic,2018,32,32,25192,0.0012702445220704986,1267,0.025256511444356748
academic_T6::academic_T6_PG18,T6,academic,2019,33,33,25192,0.0013099396633852016,1777,0.018570624648283626
academic_T6::academic_T6_PG18,T6,academic,2020,30,30,25192,0.0011908542394410925,1857,0.01615508885298869
academic_T6::academic_T6_PG18,T6,academic,2021,40,40,25192,0.0015878056525881232,2207,0.01812415043044857
academic_T6::academic_T6_PG18,T6,academic,2022,42,42,25192,0.0016671959352175293,2238,0.01876675603217158
academic_T6::academic_T6_PG18,T6,academic,2023,40,40,25192,0.0015878056525881232,2855,0.014010507880910683
academic_T6::academic_T6_PG18,T6,academic,2024,61,61,25192,0.0024214036201968877,4721,0.01292099131539928
academic_T6::academic_T6_PG18,T6,academic,2025,26,26,25192,0.00103207367418228,2367,0.010984368398817067
academic_T6::academic_T6_PG19,T6,academic,2000,4,4,25192,0.00015878056525881233,134,0.029850746268656716
academic_T6::academic_T6_PG19,T6,academic,2001,2,2,25192,7.939028262940616e-05,122,0.01639344262295082
academic_T6::academic_T6_PG19,T6,academic,2002,1,1,25192,3.969514131470308e-05,130,0.007692307692307693
academic_T6::academic_T6_PG19,T6,academic,2003,7,7,25192,0.0002778659892029216,151,0.046357615894039736
academic_T6::academic_T6_PG19,T6,academic,2004,3,3,25192,0.00011908542394410924,144,0.020833333333333332
academic_T6::academic_T6_PG19,T6,academic,2005,3,3,25192,0.00011908542394410924,142,0.02112676056338028
academic_T6::academic_T6_PG19,T6,academic,2006,5,5,25192,0.0001984757065735154,186,0.026881720430107527
academic_T6::academic_T6_PG19,T6,academic,2007,7,7,25192,0.0002778659892029216,218,0.03211009174311927
academic_T6::academic_T6_PG19,T6,academic,2008,3,3,25192,0.00011908542394410924,220,0.013636363636363636
academic_T6::academic_T6_PG19,T6,academic,2009,9,9,25192,0.0003572562718323277,274,0.032846715328467155
academic_T6::academic_T6_PG19,T6,academic,2010,1,1,25192,3.969514131470308e-05,331,0.0030211480362537764
academic_T6::academic_T6_PG19,T6,academic,2011,6,6,25192,0.0002381708478882185,356,0.016853932584269662
academic_T6::academic_T6_PG19,T6,academic,2012,6,6,25192,0.0002381708478882185,426,0.014084507042253521
academic_T6::academic_T6_PG19,T6,academic,2013,11,11,25192,0.00043664655446173386,484,0.022727272727272728
academic_T6::academic_T6_PG19,T6,academic,2014,14,14,25192,0.0005557319784058432,571,0.024518388791593695
academic_T6::academic_T6_PG19,T6,academic,2015,10,10,25192,0.0003969514131470308,575,0.017391304347826087
academic_T6::academic_T6_PG19,T6,academic,2016,9,9,25192,0.0003572562718323277,631,0.014263074484944533
academic_T6::academic_T6_PG19,T6,academic,2017,17,17,25192,0.0006748174023499524,808,0.02103960396039604
academic_T6::academic_T6_PG19,T6,academic,2018,18,18,25192,0.0007145125436646554,1267,0.014206787687450671
academic_T6::academic_T6_PG19,T6,academic,2019,30,30,25192,0.0011908542394410925,1777,0.016882386043894203
academic_T6::academic_T6_PG19,T6,academic,2020,20,20,25192,0.0007939028262940616,1857,0.010770059235325794
academic_T6::academic_T6_PG19,T6,academic,2021,26,26,25192,0.00103207367418228,2207,0.011780697779791573
academic_T6::academic_T6_PG19,T6,academic,2022,33,33,25192,0.0013099396633852016,2238,0.014745308310991957
academic_T6::academic_T6_PG19,T6,academic,2023,61,61,25192,0.0024214036201968877,2855,0.02136602451838879
academic_T6::academic_T6_PG19,T6,academic,2024,105,105,25192,0.004167989838043823,4721,0.022241050624867614
academic_T6::academic_T6_PG19,T6,academic,2025,63,63,25192,0.002500793902826294,2367,0.026615969581749048
academic_T6::academic_T6_S007,T6,academic,2000,0,0,25192,0.0,134,0.0
academic_T6::academic_T6_S007,T6,academic,2001,2,2,25192,7.939028262940616e-05,122,0.01639344262295082
academic_T6::academic_T6_S007,T6,academic,2002,2,2,25192,7.939028262940616e-05,130,0.015384615384615385
academic_T6::academic_T6_S007,T6,academic,2003,1,1,25192,3.969514131470308e-05,151,0.006622516556291391
academic_T6::academic_T6_S007,T6,academic,2004,0,0,25192,0.0,144,0.0
academic_T6::academic_T6_S007,T6,academic,2005,3,3,25192,0.00011908542394410924,142,0.02112676056338028
academic_T6::academic_T6_S007,T6,academic,2006,2,2,25192,7.939028262940616e-05,186,0.010752688172043012
academic_T6::academic_T6_S007,T6,academic,2007,0,0,25192,0.0,218,0.0
academic_T6::academic_T6_S007,T6,academic,2008,3,3,25192,0.00011908542394410924,220,0.013636363636363636
academic_T6::academic_T6_S007,T6,academic,2009,2,2,25192,7.939028262940616e-05,274,0.0072992700729927005
academic_T6::academic_T6_S007,T6,academic,2010,4,4,25192,0.00015878056525881233,331,0.012084592145015106
academic_T6::academic_T6_S007,T6,academic,2011,2,2,25192,7.939028262940616e-05,356,0.0056179775280898875
academic_T6::academic_T6_S007,T6,academic,2012,2,2,25192,7.939028262940616e-05,426,0.004694835680751174
academic_T6::academic_T6_S007,T6,academic,2013,12,12,25192,0.000476341695776437,484,0.024793388429752067
academic_T6::academic_T6_S007,T6,academic,2014,8,8,25192,0.00031756113051762465,571,0.014010507880910683
academic_T6::academic_T6_S007,T6,academic,2015,7,7,25192,0.0002778659892029216,575,0.01217391304347826
academic_T6::academic_T6_S007,T6,academic,2016,8,8,25192,0.00031756113051762465,631,0.012678288431061807
academic_T6::academic_T6_S007,T6,academic,2017,14,14,25192,0.0005557319784058432,808,0.017326732673267328
academic_T6::academic_T6_S007,T6,academic,2018,28,28,25192,0.0011114639568116863,1267,0.022099447513812154
academic_T6::academic_T6_S007,T6,academic,2019,39,39,25192,0.0015481105112734202,1777,0.021947101857062466
academic_T6::academic_T6_S007,T6,academic,2020,35,35,25192,0.0013893299460146077,1857,0.01884760366182014
academic_T6::academic_T6_S007,T6,academic,2021,37,37,25192,0.001468720228644014,2207,0.01676483914816493
academic_T6::academic_T6_S007,T6,academic,2022,39,39,25192,0.0015481105112734202,2238,0.01742627345844504
academic_T6::academic_T6_S007,T6,academic,2023,70,70,25192,0.0027786598920292154,2855,0.024518388791593695
academic_T6::academic_T6_S007,T6,academic,2024,104,104,25192,0.00412829469672912,4721,0.022029231095106967
academic_T6::academic_T6_S007,T6,academic,2025,51,51,25192,0.0020244522070498572,2367,0.021546261089987327
academic_T6::academic_T6_S021,T6,academic,2000,1,1,25192,3.969514131470308e-05,134,0.007462686567164179
academic_T6::academic_T6_S021,T6,academic,2001,1,1,25192,3.969514131470308e-05,122,0.00819672131147541
academic_T6::academic_T6_S021,T6,academic,2002,1,1,25192,3.969514131470308e-05,130,0.007692307692307693
academic_T6::academic_T6_S021,T6,academic,2003,1,1,25192,3.969514131470308e-05,151,0.006622516556291391
academic_T6::academic_T6_S021,T6,academic,2004,0,0,25192,0.0,144,0.0
academic_T6::academic_T6_S021,T6,academic,2005,1,1,25192,3.969514131470308e-05,142,0.007042253521126761
academic_T6::academic_T6_S021,T6,academic,2006,3,3,25192,0.00011908542394410924,186,0.016129032258064516
academic_T6::academic_T6_S021,T6,academic,2007,0,0,25192,0.0,218,0.0
academic_T6::academic_T6_S021,T6,academic,2008,0,0,25192,0.0,220,0.0
academic_T6::academic_T6_S021,T6,academic,2009,2,2,25192,7.939028262940616e-05,274,0.0072992700729927005
academic_T6::academic_T6_S021,T6,academic,2010,4,4,25192,0.00015878056525881233,331,0.012084592145015106
academic_T6::academic_T6_S021,T6,academic,2011,2,2,25192,7.939028262940616e-05,356,0.0056179775280898875
academic_T6::academic_T6_S021,T6,academic,2012,1,1,25192,3.969514131470308e-05,426,0.002347417840375587
academic_T6::academic_T6_S021,T6,academic,2013,5,5,25192,0.0001984757065735154,484,0.010330578512396695
academic_T6::academic_T6_S021,T6,academic,2014,3,3,25192,0.00011908542394410924,571,0.005253940455341506
academic_T6::academic_T6_S021,T6,academic,2015,0,0,25192,0.0,575,0.0
academic_T6::academic_T6_S021,T6,academic,2016,6,6,25192,0.0002381708478882185,631,0.009508716323296355
academic_T6::academic_T6_S021,T6,academic,2017,3,3,25192,0.00011908542394410924,808,0.0037128712871287127
academic_T6::academic_T6_S021,T6,academic,2018,14,14,25192,0.0005557319784058432,1267,0.011049723756906077
academic_T6::academic_T6_S021,T6,academic,2019,21,21,25192,0.0008335979676087646,1777,0.011817670230725942
academic_T6::academic_T6_S021,T6,academic,2020,21,21,25192,0.0008335979676087646,1857,0.011308562197092083
academic_T6::academic_T6_S021,T6,academic,2021,22,22,25192,0.0008732931089234677,2207,0.009968282736746714
academic_T6::academic_T6_S021,T6,academic,2022,29,29,25192,0.0011511590981263893,2238,0.012957998212689902
academic_T6::academic_T6_S021,T6,academic,2023,56,56,25192,0.0022229279136233727,2855,0.019614711033274956
academic_T6::academic_T6_S021,T6,academic,2024,74,74,25192,0.002937440457288028,4721,0.01567464520228765
academic_T6::academic_T6_S021,T6,academic,2025,44,44,25192,0.0017465862178469354,2367,0.018588931136459652
academic_T6::academic_T6_S022,T6,academic,2000,2,2,25192,7.939028262940616e-05,134,0.014925373134328358
academic_T6::academic_T6_S022,T6,academic,2001,1,1,25192,3.969514131470308e-05,122,0.00819672131147541
academic_T6::academic_T6_S022,T6,academic,2002,0,0,25192,0.0,130,0.0
academic_T6::academic_T6_S022,T6,academic,2003,0,0,25192,0.0,151,0.0
academic_T6::academic_T6_S022,T6,academic,2004,1,1,25192,3.969514131470308e-05,144,0.006944444444444444
academic_T6::academic_T6_S022,T6,academic,2005,0,0,25192,0.0,142,0.0
academic_T6::academic_T6_S022,T6,academic,2006,2,2,25192,7.939028262940616e-05,186,0.010752688172043012
academic_T6::academic_T6_S022,T6,academic,2007,1,1,25192,3.969514131470308e-05,218,0.0045871559633027525
academic_T6::academic_T6_S022,T6,academic,2008,1,1,25192,3.969514131470308e-05,220,0.004545454545454545
academic_T6::academic_T6_S022,T6,academic,2009,2,2,25192,7.939028262940616e-05,274,0.0072992700729927005
academic_T6::academic_T6_S022,T6,academic,2010,0,0,25192,0.0,331,0.0
academic_T6::academic_T6_S022,T6,academic,2011,1,1,25192,3.969514131470308e-05,356,0.0028089887640449437
academic_T6::academic_T6_S022,T6,academic,2012,6,6,25192,0.0002381708478882185,426,0.014084507042253521
academic_T6::academic_T6_S022,T6,academic,2013,4,4,25192,0.00015878056525881233,484,0.008264462809917356
academic_T6::academic_T6_S022,T6,academic,2014,7,7,25192,0.0002778659892029216,571,0.012259194395796848
academic_T6::academic_T6_S022,T6,academic,2015,4,4,25192,0.00015878056525881233,575,0.006956521739130435
academic_T6::academic_T6_S022,T6,academic,2016,1,1,25192,3.969514131470308e-05,631,0.001584786053882726
academic_T6::academic_T6_S022,T6,academic,2017,7,7,25192,0.0002778659892029216,808,0.008663366336633664
academic_T6::academic_T6_S022,T6,academic,2018,8,8,25192,0.00031756113051762465,1267,0.006314127861089187
academic_T6::academic_T6_S022,T6,academic,2019,18,18,25192,0.0007145125436646554,1777,0.010129431626336522
academic_T6::academic_T6_S022,T6,academic,2020,10,10,25192,0.0003969514131470308,1857,0.005385029617662897
academic_T6::academic_T6_S022,T6,academic,2021,30,30,25192,0.0011908542394410925,2207,0.01359311282283643
academic_T6::academic_T6_S022,T6,academic,2022,32,32,25192,0.0012702445220704986,2238,0.014298480786416443
academic_T6::academic_T6_S022,T6,academic,2023,44,44,25192,0.0017465862178469354,2855,0.015411558669001752
academic_T6::academic_T6_S022,T6,academic,2024,96,96,25192,0.003810733566211496,4721,0.02033467485702182
academic_T6::academic_T6_S022,T6,academic,2025,30,30,25192,0.0011908542394410925,2367,0.012674271229404309
academic_T6::academic_T6_S031,T6,academic,2000,0,0,25192,0.0,134,0.0
academic_T6::academic_T6_S031,T6,academic,2001,0,0,25192,0.0,122,0.0
academic_T6::academic_T6_S031,T6,academic,2002,0,0,25192,0.0,130,0.0
academic_T6::academic_T6_S031,T6,academic,2003,0,0,25192,0.0,151,0.0
academic_T6::academic_T6_S031,T6,academic,2004,0,0,25192,0.0,144,0.0
academic_T6::academic_T6_S031,T6,academic,2005,0,0,25192,0.0,142,0.0
academic_T6::academic_T6_S031,T6,academic,2006,0,0,25192,0.0,186,0.0
academic_T6::academic_T6_S031,T6,academic,2007,0,0,25192,0.0,218,0.0
academic_T6::academic_T6_S031,T6,academic,2008,0,0,25192,0.0,220,0.0
academic_T6::academic_T6_S031,T6,academic,2009,0,0,25192,0.0,274,0.0
academic_T6::academic_T6_S031,T6,academic,2010,0,0,25192,0.0,331,0.0
academic_T6::academic_T6_S031,T6,academic,2011,0,0,25192,0.0,356,0.0
academic_T6::academic_T6_S031,T6,academic,2012,0,0,25192,0.0,426,0.0
academic_T6::academic_T6_S031,T6,academic,2013,1,1,25192,3.969514131470308e-05,484,0.002066115702479339
academic_T6::academic_T6_S031,T6,academic,2014,1,1,25192,3.969514131470308e-05,571,0.0017513134851138354
academic_T6::academic_T6_S031,T6,academic,2015,0,0,25192,0.0,575,0.0
academic_T6::academic_T6_S031,T6,academic,2016,1,1,25192,3.969514131470308e-05,631,0.001584786053882726
academic_T6::academic_T6_S031,T6,academic,2017,4,4,25192,0.00015878056525881233,808,0.0049504950495049506
academic_T6::academic_T6_S031,T6,academic,2018,10,10,25192,0.0003969514131470308,1267,0.007892659826361484
academic_T6::academic_T6_S031,T6,academic,2019,18,18,25192,0.0007145125436646554,1777,0.010129431626336522
academic_T6::academic_T6_S031,T6,academic,2020,30,30,25192,0.0011908542394410925,1857,0.01615508885298869
academic_T6::academic_T6_S031,T6,academic,2021,30,30,25192,0.0011908542394410925,2207,0.01359311282283643
academic_T6::academic_T6_S031,T6,academic,2022,27,27,25192,0.0010717688154969832,2238,0.012064343163538873
academic_T6::academic_T6_S031,T6,academic,2023,48,48,25192,0.001905366783105748,2855,0.01681260945709282
academic_T6::academic_T6_S031,T6,academic,2024,53,53,25192,0.002103842489679263,4721,0.011226435077314129
academic_T6::academic_T6_S031,T6,academic,2025,16,16,25192,0.0006351222610352493,2367,0.006759611322348965
academic_T6::academic_T6_S045,T6,academic,2000,0,0,25192,0.0,134,0.0
academic_T6::academic_T6_S045,T6,academic,2001,1,1,25192,3.969514131470308e-05,122,0.00819672131147541
academic_T6::academic_T6_S045,T6,academic,2002,0,0,25192,0.0,130,0.0
academic_T6::academic_T6_S045,T6,academic,2003,0,0,25192,0.0,151,0.0
academic_T6::academic_T6_S045,T6,academic,2004,1,1,25192,3.969514131470308e-05,144,0.006944444444444444
academic_T6::academic_T6_S045,T6,academic,2005,3,3,25192,0.00011908542394410924,142,0.02112676056338028
academic_T6::academic_T6_S045,T6,academic,2006,0,0,25192,0.0,186,0.0
academic_T6::academic_T6_S045,T6,academic,2007,2,2,25192,7.939028262940616e-05,218,0.009174311926605505
academic_T6::academic_T6_S045,T6,academic,2008,1,1,25192,3.969514131470308e-05,220,0.004545454545454545
academic_T6::academic_T6_S045,T6,academic,2009,1,1,25192,3.969514131470308e-05,274,0.0036496350364963502
academic_T6::academic_T6_S045,T6,academic,2010,1,1,25192,3.969514131470308e-05,331,0.0030211480362537764
academic_T6::academic_T6_S045,T6,academic,2011,2,2,25192,7.939028262940616e-05,356,0.0056179775280898875
academic_T6::academic_T6_S045,T6,academic,2012,4,4,25192,0.00015878056525881233,426,0.009389671361502348
academic_T6::academic_T6_S045,T6,academic,2013,2,2,25192,7.939028262940616e-05,484,0.004132231404958678
academic_T6::academic_T6_S045,T6,academic,2014,1,1,25192,3.969514131470308e-05,571,0.0017513134851138354
academic_T6::academic_T6_S045,T6,academic,2015,1,1,25192,3.969514131470308e-05,575,0.0017391304347826088
academic_T6::academic_T6_S045,T6,academic,2016,0,0,25192,0.0,631,0.0
academic_T6::academic_T6_S045,T6,academic,2017,5,5,25192,0.0001984757065735154,808,0.006188118811881188
academic_T6::academic_T6_S045,T6,academic,2018,3,3,25192,0.00011908542394410924,1267,0.0023677979479084454
academic_T6::academic_T6_S045,T6,academic,2019,8,8,25192,0.00031756113051762465,1777,0.004501969611705121
academic_T6::academic_T6_S045,T6,academic,2020,11,11,25192,0.00043664655446173386,1857,0.0059235325794291865
academic_T6::academic_T6_S045,T6,academic,2021,4,4,25192,0.00015878056525881233,2207,0.0018124150430448573
academic_T6::academic_T6_S045,T6,academic,2022,8,8,25192,0.00031756113051762465,2238,0.0035746201966041107
academic_T6::academic_T6_S045,T6,academic,2023,22,22,25192,0.0008732931089234677,2855,0.007705779334500876
academic_T6::academic_T6_S045,T6,academic,2024,70,70,25192,0.0027786598920292154,4721,0.014827367083245075
academic_T6::academic_T6_S045,T6,academic,2025,37,37,25192,0.001468720228644014,2367,0.01563160118293198
academic_T6::academic_T6_S078,T6,academic,2000,0,0,25192,0.0,134,0.0
academic_T6::academic_T6_S078,T6,academic,2001,0,0,25192,0.0,122,0.0
academic_T6::academic_T6_S078,T6,academic,2002,1,1,25192,3.969514131470308e-05,130,0.007692307692307693
academic_T6::academic_T6_S078,T6,academic,2003,0,0,25192,0.0,151,0.0
academic_T6::academic_T6_S078,T6,academic,2004,0,0,25192,0.0,144,0.0
academic_T6::academic_T6_S078,T6,academic,2005,1,1,25192,3.969514131470308e-05,142,0.007042253521126761
academic_T6::academic_T6_S078,T6,academic,2006,1,1,25192,3.969514131470308e-05,186,0.005376344086021506
academic_T6::academic_T6_S078,T6,academic,2007,1,1,25192,3.969514131470308e-05,218,0.0045871559633027525
academic_T6::academic_T6_S078,T6,academic,2008,1,1,25192,3.969514131470308e-05,220,0.004545454545454545
academic_T6::academic_T6_S078,T6,academic,2009,0,0,25192,0.0,274,0.0
academic_T6::academic_T6_S078,T6,academic,2010,1,1,25192,3.969514131470308e-05,331,0.0030211480362537764
academic_T6::academic_T6_S078,T6,academic,2011,1,1,25192,3.969514131470308e-05,356,0.0028089887640449437
academic_T6::academic_T6_S078,T6,academic,2012,3,3,25192,0.00011908542394410924,426,0.007042253521126761
academic_T6::academic_T6_S078,T6,academic,2013,1,1,25192,3.969514131470308e-05,484,0.002066115702479339
academic_T6::academic_T6_S078,T6,academic,2014,2,2,25192,7.939028262940616e-05,571,0.0035026269702276708
academic_T6::academic_T6_S078,T6,academic,2015,2,2,25192,7.939028262940616e-05,575,0.0034782608695652175
academic_T6::academic_T6_S078,T6,academic,2016,2,2,25192,7.939028262940616e-05,631,0.003169572107765452
academic_T6::academic_T6_S078,T6,academic,2017,3,3,25192,0.00011908542394410924,808,0.0037128712871287127
academic_T6::academic_T6_S078,T6,academic,2018,6,6,25192,0.0002381708478882185,1267,0.004735595895816891
academic_T6::academic_T6_S078,T6,academic,2019,4,4,25192,0.00015878056525881233,1777,0.0022509848058525606
academic_T6::academic_T6_S078,T6,academic,2020,5,5,25192,0.0001984757065735154,1857,0.0026925148088314485
academic_T6::academic_T6_S078,T6,academic,2021,10,10,25192,0.0003969514131470308,2207,0.004531037607612143
academic_T6::academic_T6_S078,T6,academic,2022,6,6,25192,0.0002381708478882185,2238,0.002680965147453083
academic_T6::academic_T6_S078,T6,academic,2023,11,11,25192,0.00043664655446173386,2855,0.003852889667250438
academic_T6::academic_T6_S078,T6,academic,2024,21,21,25192,0.0008335979676087646,4721,0.004448210124973522
academic_T6::academic_T6_S078,T6,academic,2025,10,10,25192,0.0003969514131470308,2367,0.004224757076468103
academic_T6::academic_T6_S099,T6,academic,2000,0,0,25192,0.0,134,0.0
academic_T6::academic_T6_S099,T6,academic,2001,0,0,25192,0.0,122,0.0
academic_T6::academic_T6_S099,T6,academic,2002,0,0,25192,0.0,130,0.0
academic_T6::academic_T6_S099,T6,academic,2003,0,0,25192,0.0,151,0.0
academic_T6::academic_T6_S099,T6,academic,2004,0,0,25192,0.0,144,0.0
academic_T6::academic_T6_S099,T6,academic,2005,1,1,25192,3.969514131470308e-05,142,0.007042253521126761
academic_T6::academic_T6_S099,T6,academic,2006,0,0,25192,0.0,186,0.0
academic_T6::academic_T6_S099,T6,academic,2007,0,0,25192,0.0,218,0.0
academic_T6::academic_T6_S099,T6,academic,2008,0,0,25192,0.0,220,0.0
academic_T6::academic_T6_S099,T6,academic,2009,1,1,25192,3.969514131470308e-05,274,0.0036496350364963502
academic_T6::academic_T6_S099,T6,academic,2010,1,1,25192,3.969514131470308e-05,331,0.0030211480362537764
academic_T6::academic_T6_S099,T6,academic,2011,3,3,25192,0.00011908542394410924,356,0.008426966292134831
academic_T6::academic_T6_S099,T6,academic,2012,1,1,25192,3.969514131470308e-05,426,0.002347417840375587
academic_T6::academic_T6_S099,T6,academic,2013,3,3,25192,0.00011908542394410924,484,0.006198347107438017
academic_T6::academic_T6_S099,T6,academic,2014,1,1,25192,3.969514131470308e-05,571,0.0017513134851138354
academic_T6::academic_T6_S099,T6,academic,2015,1,1,25192,3.969514131470308e-05,575,0.0017391304347826088
academic_T6::academic_T6_S099,T6,academic,2016,3,3,25192,0.00011908542394410924,631,0.004754358161648178
academic_T6::academic_T6_S099,T6,academic,2017,2,2,25192,7.939028262940616e-05,808,0.0024752475247524753
academic_T6::academic_T6_S099,T6,academic,2018,4,4,25192,0.00015878056525881233,1267,0.0031570639305445935
academic_T6::academic_T6_S099,T6,academic,2019,2,2,25192,7.939028262940616e-05,1777,0.0011254924029262803
academic_T6::academic_T6_S099,T6,academic,2020,3,3,25192,0.00011908542394410924,1857,0.0016155088852988692
academic_T6::academic_T6_S099,T6,academic,2021,3,3,25192,0.00011908542394410924,2207,0.001359311282283643
academic_T6::academic_T6_S099,T6,academic,2022,4,4,25192,0.00015878056525881233,2238,0.0017873100983020554
academic_T6::academic_T6_S099,T6,academic,2023,5,5,25192,0.0001984757065735154,2855,0.0017513134851138354
academic_T6::academic_T6_S099,T6,academic,2024,13,13,25192,0.00051603683709114,4721,0.002753653886888371
academic_T6::academic_T6_S099,T6,academic,2025,7,7,25192,0.0002778659892029216,2367,0.002957329953527672
academic_T6::academic_T6_S106,T6,academic,2000,0,0,25192,0.0,134,0.0
academic_T6::academic_T6_S106,T6,academic,2001,0,0,25192,0.0,122,0.0
academic_T6::academic_T6_S106,T6,academic,2002,0,0,25192,0.0,130,0.0
academic_T6::academic_T6_S106,T6,academic,2003,0,0,25192,0.0,151,0.0
academic_T6::academic_T6_S106,T6,academic,2004,0,0,25192,0.0,144,0.0
academic_T6::academic_T6_S106,T6,academic,2005,0,0,25192,0.0,142,0.0
academic_T6::academic_T6_S106,T6,academic,2006,0,0,25192,0.0,186,0.0
academic_T6::academic_T6_S106,T6,academic,2007,0,0,25192,0.0,218,0.0
academic_T6::academic_T6_S106,T6,academic,2008,0,0,25192,0.0,220,0.0
academic_T6::academic_T6_S106,T6,academic,2009,0,0,25192,0.0,274,0.0
academic_T6::academic_T6_S106,T6,academic,2010,1,1,25192,3.969514131470308e-05,331,0.0030211480362537764
academic_T6::academic_T6_S106,T6,academic,2011,2,2,25192,7.939028262940616e-05,356,0.0056179775280898875
academic_T6::academic_T6_S106,T6,academic,2012,2,2,25192,7.939028262940616e-05,426,0.004694835680751174
academic_T6::academic_T6_S106,T6,academic,2013,1,1,25192,3.969514131470308e-05,484,0.002066115702479339
academic_T6::academic_T6_S106,T6,academic,2014,0,0,25192,0.0,571,0.0
academic_T6::academic_T6_S106,T6,academic,2015,0,0,25192,0.0,575,0.0
academic_T6::academic_T6_S106,T6,academic,2016,3,3,25192,0.00011908542394410924,631,0.004754358161648178
academic_T6::academic_T6_S106,T6,academic,2017,1,1,25192,3.969514131470308e-05,808,0.0012376237623762376
academic_T6::academic_T6_S106,T6,academic,2018,6,6,25192,0.0002381708478882185,1267,0.004735595895816891
academic_T6::academic_T6_S106,T6,academic,2019,2,2,25192,7.939028262940616e-05,1777,0.0011254924029262803
academic_T6::academic_T6_S106,T6,academic,2020,1,1,25192,3.969514131470308e-05,1857,0.0005385029617662897
academic_T6::academic_T6_S106,T6,academic,2021,4,4,25192,0.00015878056525881233,2207,0.0018124150430448573
academic_T6::academic_T6_S106,T6,academic,2022,7,7,25192,0.0002778659892029216,2238,0.003127792672028597
academic_T6::academic_T6_S106,T6,academic,2023,6,6,25192,0.0002381708478882185,2855,0.0021015761821366026
academic_T6::academic_T6_S106,T6,academic,2024,10,10,25192,0.0003969514131470308,4721,0.0021181952976064393
academic_T6::academic_T6_S106,T6,academic,2025,7,7,25192,0.0002778659892029216,2367,0.002957329953527672
academic_T6::academic_T6_S107,T6,academic,2000,0,0,25192,0.0,134,0.0
academic_T6::academic_T6_S107,T6,academic,2001,0,0,25192,0.0,122,0.0
academic_T6::academic_T6_S107,T6,academic,2002,0,0,25192,0.0,130,0.0
academic_T6::academic_T6_S107,T6,academic,2003,0,0,25192,0.0,151,0.0
academic_T6::academic_T6_S107,T6,academic,2004,0,0,25192,0.0,144,0.0
academic_T6::academic_T6_S107,T6,academic,2005,0,0,25192,0.0,142,0.0
academic_T6::academic_T6_S107,T6,academic,2006,0,0,25192,0.0,186,0.0
academic_T6::academic_T6_S107,T6,academic,2007,0,0,25192,0.0,218,0.0
academic_T6::academic_T6_S107,T6,academic,2008,0,0,25192,0.0,220,0.0
academic_T6::academic_T6_S107,T6,academic,2009,0,0,25192,0.0,274,0.0
academic_T6::academic_T6_S107,T6,academic,2010,0,0,25192,0.0,331,0.0
academic_T6::academic_T6_S107,T6,academic,2011,0,0,25192,0.0,356,0.0
academic_T6::academic_T6_S107,T6,academic,2012,0,0,25192,0.0,426,0.0
academic_T6::academic_T6_S107,T6,academic,2013,1,1,25192,3.969514131470308e-05,484,0.002066115702479339
academic_T6::academic_T6_S107,T6,academic,2014,1,1,25192,3.969514131470308e-05,571,0.0017513134851138354
academic_T6::academic_T6_S107,T6,academic,2015,1,1,25192,3.969514131470308e-05,575,0.0017391304347826088
academic_T6::academic_T6_S107,T6,academic,2016,0,0,25192,0.0,631,0.0
academic_T6::academic_T6_S107,T6,academic,2017,1,1,25192,3.969514131470308e-05,808,0.0012376237623762376
academic_T6::academic_T6_S107,T6,academic,2018,0,0,25192,0.0,1267,0.0
academic_T6::academic_T6_S107,T6,academic,2019,5,5,25192,0.0001984757065735154,1777,0.0028137310073157004
academic_T6::academic_T6_S107,T6,academic,2020,15,15,25192,0.0005954271197205462,1857,0.008077544426494346
academic_T6::academic_T6_S107,T6,academic,2021,2,2,25192,7.939028262940616e-05,2207,0.0009062075215224287
academic_T6::academic_T6_S107,T6,academic,2022,8,8,25192,0.00031756113051762465,2238,0.0035746201966041107
academic_T6::academic_T6_S107,T6,academic,2023,3,3,25192,0.00011908542394410924,2855,0.0010507880910683013
academic_T6::academic_T6_S107,T6,academic,2024,15,15,25192,0.0005954271197205462,4721,0.003177292946409659
academic_T6::academic_T6_S107,T6,academic,2025,3,3,25192,0.00011908542394410924,2367,0.0012674271229404308
corporate_T1::corporate_T1_PG03,T1,corporate,2000,0,0,483,0.0,0,0.0
corporate_T1::corporate_T1_PG03,T1,corporate,2001,0,0,483,0.0,0,0.0
corporate_T1::corporate_T1_PG03,T1,corporate,2002,0,0,483,0.0,1,0.0
corporate_T1::corporate_T1_PG03,T1,corporate,2003,0,0,483,0.0,0,0.0
corporate_T1::corporate_T1_PG03,T1,corporate,2004,0,0,483,0.0,1,0.0
corporate_T1::corporate_T1_PG03,T1,corporate,2005,0,0,483,0.0,4,0.0
corporate_T1::corporate_T1_PG03,T1,corporate,2006,0,0,483,0.0,8,0.0
corporate_T1::corporate_T1_PG03,T1,corporate,2007,0,0,483,0.0,6,0.0
corporate_T1::corporate_T1_PG03,T1,corporate,2008,0,0,483,0.0,26,0.0
corporate_T1::corporate_T1_PG03,T1,corporate,2009,6,6,483,0.012422360248447204,29,0.20689655172413793
corporate_T1::corporate_T1_PG03,T1,corporate,2010,7,7,483,0.014492753623188406,18,0.3888888888888889
corporate_T1::corporate_T1_PG03,T1,corporate,2011,8,8,483,0.016563146997929608,22,0.36363636363636365
corporate_T1::corporate_T1_PG03,T1,corporate,2012,5,5,483,0.010351966873706004,43,0.11627906976744186
corporate_T1::corporate_T1_PG03,T1,corporate,2013,3,3,483,0.006211180124223602,33,0.09090909090909091
corporate_T1::corporate_T1_PG03,T1,corporate,2014,3,3,483,0.006211180124223602,34,0.08823529411764706
corporate_T1::corporate_T1_PG03,T1,corporate,2015,3,3,483,0.006211180124223602,29,0.10344827586206896
corporate_T1::corporate_T1_PG03,T1,corporate,2016,0,0,483,0.0,21,0.0
corporate_T1::corporate_T1_PG03,T1,corporate,2017,3,3,483,0.006211180124223602,28,0.10714285714285714
corporate_T1::corporate_T1_PG03,T1,corporate,2018,1,1,483,0.002070393374741201,28,0.03571428571428571
corporate_T1::corporate_T1_PG03,T1,corporate,2019,0,0,483,0.0,17,0.0
corporate_T1::corporate_T1_PG03,T1,corporate,2020,0,0,483,0.0,23,0.0
corporate_T1::corporate_T1_PG03,T1,corporate,2021,1,1,483,0.002070393374741201,17,0.058823529411764705
corporate_T1::corporate_T1_PG03,T1,corporate,2022,4,4,483,0.008281573498964804,18,0.2222222222222222
corporate_T1::corporate_T1_PG03,T1,corporate,2023,5,5,483,0.010351966873706004,24,0.20833333333333334
corporate_T1::corporate_T1_PG03,T1,corporate,2024,3,3,483,0.006211180124223602,25,0.12
corporate_T1::corporate_T1_PG03,T1,corporate,2025,5,5,483,0.010351966873706004,28,0.17857142857142858
corporate_T1::corporate_T1_PG04,T1,corporate,2000,0,0,483,0.0,0,0.0
corporate_T1::corporate_T1_PG04,T1,corporate,2001,0,0,483,0.0,0,0.0
corporate_T1::corporate_T1_PG04,T1,corporate,2002,0,0,483,0.0,1,0.0
corporate_T1::corporate_T1_PG04,T1,corporate,2003,0,0,483,0.0,0,0.0
corporate_T1::corporate_T1_PG04,T1,corporate,2004,0,0,483,0.0,1,0.0
corporate_T1::corporate_T1_PG04,T1,corporate,2005,0,0,483,0.0,4,0.0
corporate_T1::corporate_T1_PG04,T1,corporate,2006,0,0,483,0.0,8,0.0
corporate_T1::corporate_T1_PG04,T1,corporate,2007,1,1,483,0.002070393374741201,6,0.16666666666666666
corporate_T1::corporate_T1_PG04,T1,corporate,2008,2,2,483,0.004140786749482402,26,0.07692307692307693
corporate_T1::corporate_T1_PG04,T1,corporate,2009,1,1,483,0.002070393374741201,29,0.034482758620689655
corporate_T1::corporate_T1_PG04,T1,corporate,2010,0,0,483,0.0,18,0.0
corporate_T1::corporate_T1_PG04,T1,corporate,2011,0,0,483,0.0,22,0.0
corporate_T1::corporate_T1_PG04,T1,corporate,2012,1,1,483,0.002070393374741201,43,0.023255813953488372
corporate_T1::corporate_T1_PG04,T1,corporate,2013,0,0,483,0.0,33,0.0
corporate_T1::corporate_T1_PG04,T1,corporate,2014,0,0,483,0.0,34,0.0
corporate_T1::corporate_T1_PG04,T1,corporate,2015,3,3,483,0.006211180124223602,29,0.10344827586206896
corporate_T1::corporate_T1_PG04,T1,corporate,2016,4,4,483,0.008281573498964804,21,0.19047619047619047
corporate_T1::corporate_T1_PG04,T1,corporate,2017,1,1,483,0.002070393374741201,28,0.03571428571428571
corporate_T1::corporate_T1_PG04,T1,corporate,2018,4,4,483,0.008281573498964804,28,0.14285714285714285
corporate_T1::corporate_T1_PG04,T1,corporate,2019,6,6,483,0.012422360248447204,17,0.35294117647058826
corporate_T1::corporate_T1_PG04,T1,corporate,2020,5,5,483,0.010351966873706004,23,0.21739130434782608
corporate_T1::corporate_T1_PG04,T1,corporate,2021,5,5,483,0.010351966873706004,17,0.29411764705882354
corporate_T1::corporate_T1_PG04,T1,corporate,2022,5,5,483,0.010351966873706004,18,0.2777777777777778
corporate_T1::corporate_T1_PG04,T1,corporate,2023,9,9,483,0.018633540372670808,24,0.375
corporate_T1::corporate_T1_PG04,T1,corporate,2024,8,8,483,0.016563146997929608,25,0.32
corporate_T1::corporate_T1_PG04,T1,corporate,2025,8,8,483,0.016563146997929608,28,0.2857142857142857
corporate_T1::corporate_T1_S004,T1,corporate,2000,0,0,483,0.0,0,0.0
corporate_T1::corporate_T1_S004,T1,corporate,2001,0,0,483,0.0,0,0.0
corporate_T1::corporate_T1_S004,T1,corporate,2002,0,0,483,0.0,1,0.0
corporate_T1::corporate_T1_S004,T1,corporate,2003,0,0,483,0.0,0,0.0
corporate_T1::corporate_T1_S004,T1,corporate,2004,0,0,483,0.0,1,0.0
corporate_T1::corporate_T1_S004,T1,corporate,2005,0,0,483,0.0,4,0.0
corporate_T1::corporate_T1_S004,T1,corporate,2006,0,0,483,0.0,8,0.0
corporate_T1::corporate_T1_S004,T1,corporate,2007,0,0,483,0.0,6,0.0
corporate_T1::corporate_T1_S004,T1,corporate,2008,2,2,483,0.004140786749482402,26,0.07692307692307693
corporate_T1::corporate_T1_S004,T1,corporate,2009,2,2,483,0.004140786749482402,29,0.06896551724137931
corporate_T1::corporate_T1_S004,T1,corporate,2010,3,3,483,0.006211180124223602,18,0.16666666666666666
corporate_T1::corporate_T1_S004,T1,corporate,2011,2,2,483,0.004140786749482402,22,0.09090909090909091
corporate_T1::corporate_T1_S004,T1,corporate,2012,3,3,483,0.006211180124223602,43,0.06976744186046512
corporate_T1::corporate_T1_S004,T1,corporate,2013,2,2,483,0.004140786749482402,33,0.06060606060606061
corporate_T1::corporate_T1_S004,T1,corporate,2014,2,2,483,0.004140786749482402,34,0.058823529411764705
corporate_T1::corporate_T1_S004,T1,corporate,2015,1,1,483,0.002070393374741201,29,0.034482758620689655
corporate_T1::corporate_T1_S004,T1,corporate,2016,1,1,483,0.002070393374741201,21,0.047619047619047616
corporate_T1::corporate_T1_S004,T1,corporate,2017,4,4,483,0.008281573498964804,28,0.14285714285714285
corporate_T1::corporate_T1_S004,T1,corporate,2018,3,3,483,0.006211180124223602,28,0.10714285714285714
corporate_T1::corporate_T1_S004,T1,corporate,2019,1,1,483,0.002070393374741201,17,0.058823529411764705
corporate_T1::corporate_T1_S004,T1,corporate,2020,2,2,483,0.004140786749482402,23,0.08695652173913043
corporate_T1::corporate_T1_S004,T1,corporate,2021,0,0,483,0.0,17,0.0
corporate_T1::corporate_T1_S004,T1,corporate,2022,2,2,483,0.004140786749482402,18,0.1111111111111111
corporate_T1::corporate_T1_S004,T1,corporate,2023,2,2,483,0.004140786749482402,24,0.08333333333333333
corporate_T1::corporate_T1_S004,T1,corporate,2024,4,4,483,0.008281573498964804,25,0.16
corporate_T1::corporate_T1_S004,T1,corporate,2025,11,11,483,0.022774327122153208,28,0.39285714285714285
corporate_T1::corporate_T1_S010,T1,corporate,2000,0,0,483,0.0,0,0.0
corporate_T1::corporate_T1_S010,T1,corporate,2001,0,0,483,0.0,0,0.0
corporate_T1::corporate_T1_S010,T1,corporate,2002,0,0,483,0.0,1,0.0
corporate_T1::corporate_T1_S010,T1,corporate,2003,0,0,483,0.0,0,0.0
corporate_T1::corporate_T1_S010,T1,corporate,2004,0,0,483,0.0,1,0.0
corporate_T1::corporate_T1_S010,T1,corporate,2005,0,0,483,0.0,4,0.0
corporate_T1::corporate_T1_S010,T1,corporate,2006,0,0,483,0.0,8,0.0
corporate_T1::corporate_T1_S010,T1,corporate,2007,1,1,483,0.002070393374741201,6,0.16666666666666666
corporate_T1::corporate_T1_S010,T1,corporate,2008,2,2,483,0.004140786749482402,26,0.07692307692307693
corporate_T1::corporate_T1_S010,T1,corporate,2009,2,2,483,0.004140786749482402,29,0.06896551724137931
corporate_T1::corporate_T1_S010,T1,corporate,2010,2,2,483,0.004140786749482402,18,0.1111111111111111
corporate_T1::corporate_T1_S010,T1,corporate,2011,2,2,483,0.004140786749482402,22,0.09090909090909091
corporate_T1::corporate_T1_S010,T1,corporate,2012,2,2,483,0.004140786749482402,43,0.046511627906976744
corporate_T1::corporate_T1_S010,T1,corporate,2013,0,0,483,0.0,33,0.0
corporate_T1::corporate_T1_S010,T1,corporate,2014,2,2,483,0.004140786749482402,34,0.058823529411764705
corporate_T1::corporate_T1_S010,T1,corporate,2015,3,3,483,0.006211180124223602,29,0.10344827586206896
corporate_T1::corporate_T1_S010,T1,corporate,2016,0,0,483,0.0,21,0.0
corporate_T1::corporate_T1_S010,T1,corporate,2017,0,0,483,0.0,28,0.0
corporate_T1::corporate_T1_S010,T1,corporate,2018,0,0,483,0.0,28,0.0
corporate_T1::corporate_T1_S010,T1,corporate,2019,0,0,483,0.0,17,0.0
corporate_T1::corporate_T1_S010,T1,corporate,2020,0,0,483,0.0,23,0.0
corporate_T1::corporate_T1_S010,T1,corporate,2021,0,0,483,0.0,17,0.0
corporate_T1::corporate_T1_S010,T1,corporate,2022,0,0,483,0.0,18,0.0
corporate_T1::corporate_T1_S010,T1,corporate,2023,0,0,483,0.0,24,0.0
corporate_T1::corporate_T1_S010,T1,corporate,2024,0,0,483,0.0,25,0.0
corporate_T1::corporate_T1_S010,T1,corporate,2025,0,0,483,0.0,28,0.0
corporate_T2::corporate_T2_PG01,T2,corporate,2000,0,0,439,0.0,0,0.0
corporate_T2::corporate_T2_PG01,T2,corporate,2001,1,1,439,0.002277904328018223,1,1.0
corporate_T2::corporate_T2_PG01,T2,corporate,2002,2,2,439,0.004555808656036446,3,0.6666666666666666
corporate_T2::corporate_T2_PG01,T2,corporate,2003,4,4,439,0.009111617312072893,5,0.8
corporate_T2::corporate_T2_PG01,T2,corporate,2004,5,5,439,0.011389521640091117,7,0.7142857142857143
corporate_T2::corporate_T2_PG01,T2,corporate,2005,2,2,439,0.004555808656036446,2,1.0
corporate_T2::corporate_T2_PG01,T2,corporate,2006,7,7,439,0.015945330296127564,10,0.7
corporate_T2::corporate_T2_PG01,T2,corporate,2007,4,4,439,0.009111617312072893,6,0.6666666666666666
corporate_T2::corporate_T2_PG01,T2,corporate,2008,9,9,439,0.02050113895216401,10,0.9
corporate_T2::corporate_T2_PG01,T2,corporate,2009,13,13,439,0.029612756264236904,21,0.6190476190476191
corporate_T2::corporate_T2_PG01,T2,corporate,2010,15,15,439,0.03416856492027335,22,0.6818181818181818
corporate_T2::corporate_T2_PG01,T2,corporate,2011,14,14,439,0.03189066059225513,25,0.56
corporate_T2::corporate_T2_PG01,T2,corporate,2012,17,17,439,0.0387243735763098,28,0.6071428571428571
corporate_T2::corporate_T2_PG01,T2,corporate,2013,21,21,439,0.04783599088838269,41,0.5121951219512195
corporate_T2::corporate_T2_PG01,T2,corporate,2014,25,25,439,0.05694760820045558,37,0.6756756756756757
corporate_T2::corporate_T2_PG01,T2,corporate,2015,23,23,439,0.05239179954441914,35,0.6571428571428571
corporate_T2::corporate_T2_PG01,T2,corporate,2016,21,21,439,0.04783599088838269,30,0.7
corporate_T2::corporate_T2_PG01,T2,corporate,2017,11,11,439,0.025056947608200455,17,0.6470588235294118
corporate_T2::corporate_T2_PG01,T2,corporate,2018,9,9,439,0.02050113895216401,19,0.47368421052631576
corporate_T2::corporate_T2_PG01,T2,corporate,2019,13,13,439,0.029612756264236904,21,0.6190476190476191
corporate_T2::corporate_T2_PG01,T2,corporate,2020,11,11,439,0.025056947608200455,24,0.4583333333333333
corporate_T2::corporate_T2_PG01,T2,corporate,2021,13,13,439,0.029612756264236904,19,0.6842105263157895
corporate_T2::corporate_T2_PG01,T2,corporate,2022,10,10,439,0.022779043280182234,15,0.6666666666666666
corporate_T2::corporate_T2_PG01,T2,corporate,2023,7,7,439,0.015945330296127564,14,0.5
corporate_T2::corporate_T2_PG01,T2,corporate,2024,8,8,439,0.018223234624145785,13,0.6153846153846154
corporate_T2::corporate_T2_PG01,T2,corporate,2025,4,4,439,0.009111617312072893,14,0.2857142857142857
corporate_T2::corporate_T2_S000,T2,corporate,2000,0,0,439,0.0,0,0.0
corporate_T2::corporate_T2_S000,T2,corporate,2001,0,0,439,0.0,1,0.0
corporate_T2::corporate_T2_S000,T2,corporate,2002,1,1,439,0.002277904328018223,3,0.3333333333333333
corporate_T2::corporate_T2_S000,T2,corporate,2003,2,2,439,0.004555808656036446,5,0.4
corporate_T2::corporate_T2_S000,T2,corporate,2004,2,2,439,0.004555808656036446,7,0.2857142857142857
corporate_T2::corporate_T2_S000,T2,corporate,2005,0,0,439,0.0,2,0.0
corporate_T2::corporate_T2_S000,T2,corporate,2006,3,3,439,0.00683371298405467,10,0.3
corporate_T2::corporate_T2_S000,T2,corporate,2007,1,1,439,0.002277904328018223,6,0.16666666666666666
corporate_T2::corporate_T2_S000,T2,corporate,2008,0,0,439,0.0,10,0.0
corporate_T2::corporate_T2_S000,T2,corporate,2009,4,4,439,0.009111617312072893,21,0.19047619047619047
corporate_T2::corporate_T2_S000,T2,corporate,2010,5,5,439,0.011389521640091117,22,0.22727272727272727
corporate_T2::corporate_T2_S000,T2,corporate,2011,5,5,439,0.011389521640091117,25,0.2
corporate_T2::corporate_T2_S000,T2,corporate,2012,8,8,439,0.018223234624145785,28,0.2857142857142857
corporate_T2::corporate_T2_S000,T2,corporate,2013,11,11,439,0.025056947608200455,41,0.2682926829268293
corporate_T2::corporate_T2_S000,T2,corporate,2014,7,7,439,0.015945330296127564,37,0.1891891891891892
corporate_T2::corporate_T2_S000,T2,corporate,2015,9,9,439,0.02050113895216401,35,0.2571428571428571
corporate_T2::corporate_T2_S000,T2,corporate,2016,2,2,439,0.004555808656036446,30,0.06666666666666667
corporate_T2::corporate_T2_S000,T2,corporate,2017,3,3,439,0.00683371298405467,17,0.17647058823529413
corporate_T2::corporate_T2_S000,T2,corporate,2018,6,6,439,0.01366742596810934,19,0.3157894736842105
corporate_T2::corporate_T2_S000,T2,corporate,2019,4,4,439,0.009111617312072893,21,0.19047619047619047
corporate_T2::corporate_T2_S000,T2,corporate,2020,7,7,439,0.015945330296127564,24,0.2916666666666667
corporate_T2::corporate_T2_S000,T2,corporate,2021,3,3,439,0.00683371298405467,19,0.15789473684210525
corporate_T2::corporate_T2_S000,T2,corporate,2022,4,4,439,0.009111617312072893,15,0.26666666666666666
corporate_T2::corporate_T2_S000,T2,corporate,2023,2,2,439,0.004555808656036446,14,0.14285714285714285
corporate_T2::corporate_T2_S000,T2,corporate,2024,2,2,439,0.004555808656036446,13,0.15384615384615385
corporate_T2::corporate_T2_S000,T2,corporate,2025,5,5,439,0.011389521640091117,14,0.35714285714285715
corporate_T2::corporate_T2_S004,T2,corporate,2000,0,0,439,0.0,0,0.0
corporate_T2::corporate_T2_S004,T2,corporate,2001,0,0,439,0.0,1,0.0
corporate_T2::corporate_T2_S004,T2,corporate,2002,0,0,439,0.0,3,0.0
corporate_T2::corporate_T2_S004,T2,corporate,2003,0,0,439,0.0,5,0.0
corporate_T2::corporate_T2_S004,T2,corporate,2004,0,0,439,0.0,7,0.0
corporate_T2::corporate_T2_S004,T2,corporate,2005,0,0,439,0.0,2,0.0
corporate_T2::corporate_T2_S004,T2,corporate,2006,0,0,439,0.0,10,0.0
corporate_T2::corporate_T2_S004,T2,corporate,2007,0,0,439,0.0,6,0.0
corporate_T2::corporate_T2_S004,T2,corporate,2008,0,0,439,0.0,10,0.0
corporate_T2::corporate_T2_S004,T2,corporate,2009,0,0,439,0.0,21,0.0
corporate_T2::corporate_T2_S004,T2,corporate,2010,0,0,439,0.0,22,0.0
corporate_T2::corporate_T2_S004,T2,corporate,2011,2,2,439,0.004555808656036446,25,0.08
corporate_T2::corporate_T2_S004,T2,corporate,2012,3,3,439,0.00683371298405467,28,0.10714285714285714
corporate_T2::corporate_T2_S004,T2,corporate,2013,4,4,439,0.009111617312072893,41,0.0975609756097561
corporate_T2::corporate_T2_S004,T2,corporate,2014,4,4,439,0.009111617312072893,37,0.10810810810810811
corporate_T2::corporate_T2_S004,T2,corporate,2015,1,1,439,0.002277904328018223,35,0.02857142857142857
corporate_T2::corporate_T2_S004,T2,corporate,2016,7,7,439,0.015945330296127564,30,0.23333333333333334
corporate_T2::corporate_T2_S004,T2,corporate,2017,2,2,439,0.004555808656036446,17,0.11764705882352941
corporate_T2::corporate_T2_S004,T2,corporate,2018,3,3,439,0.00683371298405467,19,0.15789473684210525
corporate_T2::corporate_T2_S004,T2,corporate,2019,2,2,439,0.004555808656036446,21,0.09523809523809523
corporate_T2::corporate_T2_S004,T2,corporate,2020,2,2,439,0.004555808656036446,24,0.08333333333333333
corporate_T2::corporate_T2_S004,T2,corporate,2021,1,1,439,0.002277904328018223,19,0.05263157894736842
corporate_T2::corporate_T2_S004,T2,corporate,2022,0,0,439,0.0,15,0.0
corporate_T2::corporate_T2_S004,T2,corporate,2023,3,3,439,0.00683371298405467,14,0.21428571428571427
corporate_T2::corporate_T2_S004,T2,corporate,2024,2,2,439,0.004555808656036446,13,0.15384615384615385
corporate_T2::corporate_T2_S004,T2,corporate,2025,4,4,439,0.009111617312072893,14,0.2857142857142857
corporate_T2::corporate_T2_S007,T2,corporate,2000,0,0,439,0.0,0,0.0
corporate_T2::corporate_T2_S007,T2,corporate,2001,0,0,439,0.0,1,0.0
corporate_T2::corporate_T2_S007,T2,corporate,2002,0,0,439,0.0,3,0.0
corporate_T2::corporate_T2_S007,T2,corporate,2003,0,0,439,0.0,5,0.0
corporate_T2::corporate_T2_S007,T2,corporate,2004,0,0,439,0.0,7,0.0
corporate_T2::corporate_T2_S007,T2,corporate,2005,0,0,439,0.0,2,0.0
corporate_T2::corporate_T2_S007,T2,corporate,2006,0,0,439,0.0,10,0.0
corporate_T2::corporate_T2_S007,T2,corporate,2007,1,1,439,0.002277904328018223,6,0.16666666666666666
corporate_T2::corporate_T2_S007,T2,corporate,2008,1,1,439,0.002277904328018223,10,0.1
corporate_T2::corporate_T2_S007,T2,corporate,2009,3,3,439,0.00683371298405467,21,0.14285714285714285
corporate_T2::corporate_T2_S007,T2,corporate,2010,1,1,439,0.002277904328018223,22,0.045454545454545456
corporate_T2::corporate_T2_S007,T2,corporate,2011,1,1,439,0.002277904328018223,25,0.04
corporate_T2::corporate_T2_S007,T2,corporate,2012,0,0,439,0.0,28,0.0
corporate_T2::corporate_T2_S007,T2,corporate,2013,6,6,439,0.01366742596810934,41,0.14634146341463414
corporate_T2::corporate_T2_S007,T2,corporate,2014,1,1,439,0.002277904328018223,37,0.02702702702702703
corporate_T2::corporate_T2_S007,T2,corporate,2015,2,2,439,0.004555808656036446,35,0.05714285714285714
corporate_T2::corporate_T2_S007,T2,corporate,2016,1,1,439,0.002277904328018223,30,0.03333333333333333
corporate_T2::corporate_T2_S007,T2,corporate,2017,0,0,439,0.0,17,0.0
corporate_T2::corporate_T2_S007,T2,corporate,2018,0,0,439,0.0,19,0.0
corporate_T2::corporate_T2_S007,T2,corporate,2019,1,1,439,0.002277904328018223,21,0.047619047619047616
corporate_T2::corporate_T2_S007,T2,corporate,2020,1,1,439,0.002277904328018223,24,0.041666666666666664
corporate_T2::corporate_T2_S007,T2,corporate,2021,1,1,439,0.002277904328018223,19,0.05263157894736842
corporate_T2::corporate_T2_S007,T2,corporate,2022,1,1,439,0.002277904328018223,15,0.06666666666666667
corporate_T2::corporate_T2_S007,T2,corporate,2023,1,1,439,0.002277904328018223,14,0.07142857142857142
corporate_T2::corporate_T2_S007,T2,corporate,2024,0,0,439,0.0,13,0.0
corporate_T2::corporate_T2_S007,T2,corporate,2025,0,0,439,0.0,14,0.0
corporate_T2::corporate_T2_S011,T2,corporate,2000,0,0,439,0.0,0,0.0
corporate_T2::corporate_T2_S011,T2,corporate,2001,0,0,439,0.0,1,0.0
corporate_T2::corporate_T2_S011,T2,corporate,2002,0,0,439,0.0,3,0.0
corporate_T2::corporate_T2_S011,T2,corporate,2003,0,0,439,0.0,5,0.0
corporate_T2::corporate_T2_S011,T2,corporate,2004,0,0,439,0.0,7,0.0
corporate_T2::corporate_T2_S011,T2,corporate,2005,0,0,439,0.0,2,0.0
corporate_T2::corporate_T2_S011,T2,corporate,2006,0,0,439,0.0,10,0.0
corporate_T2::corporate_T2_S011,T2,corporate,2007,0,0,439,0.0,6,0.0
corporate_T2::corporate_T2_S011,T2,corporate,2008,0,0,439,0.0,10,0.0
corporate_T2::corporate_T2_S011,T2,corporate,2009,1,1,439,0.002277904328018223,21,0.047619047619047616
corporate_T2::corporate_T2_S011,T2,corporate,2010,2,2,439,0.004555808656036446,22,0.09090909090909091
corporate_T2::corporate_T2_S011,T2,corporate,2011,5,5,439,0.011389521640091117,25,0.2
corporate_T2::corporate_T2_S011,T2,corporate,2012,0,0,439,0.0,28,0.0
corporate_T2::corporate_T2_S011,T2,corporate,2013,0,0,439,0.0,41,0.0
corporate_T2::corporate_T2_S011,T2,corporate,2014,0,0,439,0.0,37,0.0
corporate_T2::corporate_T2_S011,T2,corporate,2015,0,0,439,0.0,35,0.0
corporate_T2::corporate_T2_S011,T2,corporate,2016,0,0,439,0.0,30,0.0
corporate_T2::corporate_T2_S011,T2,corporate,2017,1,1,439,0.002277904328018223,17,0.058823529411764705
corporate_T2::corporate_T2_S011,T2,corporate,2018,2,2,439,0.004555808656036446,19,0.10526315789473684
corporate_T2::corporate_T2_S011,T2,corporate,2019,1,1,439,0.002277904328018223,21,0.047619047619047616
corporate_T2::corporate_T2_S011,T2,corporate,2020,3,3,439,0.00683371298405467,24,0.125
corporate_T2::corporate_T2_S011,T2,corporate,2021,1,1,439,0.002277904328018223,19,0.05263157894736842
corporate_T2::corporate_T2_S011,T2,corporate,2022,0,0,439,0.0,15,0.0
corporate_T2::corporate_T2_S011,T2,corporate,2023,1,1,439,0.002277904328018223,14,0.07142857142857142
corporate_T2::corporate_T2_S011,T2,corporate,2024,1,1,439,0.002277904328018223,13,0.07692307692307693
corporate_T2::corporate_T2_S011,T2,corporate,2025,1,1,439,0.002277904328018223,14,0.07142857142857142
corporate_T3::corporate_T3_S000,T3,corporate,2000,0,0,149,0.0,0,0.0
corporate_T3::corporate_T3_S000,T3,corporate,2001,0,0,149,0.0,1,0.0
corporate_T3::corporate_T3_S000,T3,corporate,2002,0,0,149,0.0,0,0.0
corporate_T3::corporate_T3_S000,T3,corporate,2003,0,0,149,0.0,0,0.0
corporate_T3::corporate_T3_S000,T3,corporate,2004,0,0,149,0.0,0,0.0
corporate_T3::corporate_T3_S000,T3,corporate,2005,0,0,149,0.0,0,0.0
corporate_T3::corporate_T3_S000,T3,corporate,2006,0,0,149,0.0,1,0.0
corporate_T3::corporate_T3_S000,T3,corporate,2007,0,0,149,0.0,1,0.0
corporate_T3::corporate_T3_S000,T3,corporate,2008,1,1,149,0.006711409395973154,2,0.5
corporate_T3::corporate_T3_S000,T3,corporate,2009,0,0,149,0.0,4,0.0
corporate_T3::corporate_T3_S000,T3,corporate,2010,3,3,149,0.020134228187919462,6,0.5
corporate_T3::corporate_T3_S000,T3,corporate,2011,1,1,149,0.006711409395973154,6,0.16666666666666666
corporate_T3::corporate_T3_S000,T3,corporate,2012,1,1,149,0.006711409395973154,7,0.14285714285714285
corporate_T3::corporate_T3_S000,T3,corporate,2013,0,0,149,0.0,9,0.0
corporate_T3::corporate_T3_S000,T3,corporate,2014,1,1,149,0.006711409395973154,8,0.125
corporate_T3::corporate_T3_S000,T3,corporate,2015,0,0,149,0.0,11,0.0
corporate_T3::corporate_T3_S000,T3,corporate,2016,1,1,149,0.006711409395973154,8,0.125
corporate_T3::corporate_T3_S000,T3,corporate,2017,0,0,149,0.0,5,0.0
corporate_T3::corporate_T3_S000,T3,corporate,2018,0,0,149,0.0,3,0.0
corporate_T3::corporate_T3_S000,T3,corporate,2019,1,1,149,0.006711409395973154,4,0.25
corporate_T3::corporate_T3_S000,T3,corporate,2020,1,1,149,0.006711409395973154,7,0.14285714285714285
corporate_T3::corporate_T3_S000,T3,corporate,2021,0,0,149,0.0,7,0.0
corporate_T3::corporate_T3_S000,T3,corporate,2022,4,4,149,0.026845637583892617,14,0.2857142857142857
corporate_T3::corporate_T3_S000,T3,corporate,2023,8,8,149,0.053691275167785234,16,0.5
corporate_T3::corporate_T3_S000,T3,corporate,2024,10,10,149,0.06711409395973154,16,0.625
corporate_T3::corporate_T3_S000,T3,corporate,2025,9,9,149,0.06040268456375839,13,0.6923076923076923
corporate_T3::corporate_T3_S002,T3,corporate,2000,0,0,149,0.0,0,0.0
corporate_T3::corporate_T3_S002,T3,corporate,2001,0,0,149,0.0,1,0.0
corporate_T3::corporate_T3_S002,T3,corporate,2002,0,0,149,0.0,0,0.0
corporate_T3::corporate_T3_S002,T3,corporate,2003,0,0,149,0.0,0,0.0
corporate_T3::corporate_T3_S002,T3,corporate,2004,0,0,149,0.0,0,0.0
corporate_T3::corporate_T3_S002,T3,corporate,2005,0,0,149,0.0,0,0.0
corporate_T3::corporate_T3_S002,T3,corporate,2006,0,0,149,0.0,1,0.0
corporate_T3::corporate_T3_S002,T3,corporate,2007,0,0,149,0.0,1,0.0
corporate_T3::corporate_T3_S002,T3,corporate,2008,0,0,149,0.0,2,0.0
corporate_T3::corporate_T3_S002,T3,corporate,2009,0,0,149,0.0,4,0.0
corporate_T3::corporate_T3_S002,T3,corporate,2010,1,1,149,0.006711409395973154,6,0.16666666666666666
corporate_T3::corporate_T3_S002,T3,corporate,2011,2,2,149,0.013422818791946308,6,0.3333333333333333
corporate_T3::corporate_T3_S002,T3,corporate,2012,1,1,149,0.006711409395973154,7,0.14285714285714285
corporate_T3::corporate_T3_S002,T3,corporate,2013,0,0,149,0.0,9,0.0
corporate_T3::corporate_T3_S002,T3,corporate,2014,1,1,149,0.006711409395973154,8,0.125
corporate_T3::corporate_T3_S002,T3,corporate,2015,3,3,149,0.020134228187919462,11,0.2727272727272727
corporate_T3::corporate_T3_S002,T3,corporate,2016,1,1,149,0.006711409395973154,8,0.125
corporate_T3::corporate_T3_S002,T3,corporate,2017,0,0,149,0.0,5,0.0
corporate_T3::corporate_T3_S002,T3,corporate,2018,1,1,149,0.006711409395973154,3,0.3333333333333333
corporate_T3::corporate_T3_S002,T3,corporate,2019,1,1,149,0.006711409395973154,4,0.25
corporate_T3::corporate_T3_S002,T3,corporate,2020,2,2,149,0.013422818791946308,7,0.2857142857142857
corporate_T3::corporate_T3_S002,T3,corporate,2021,2,2,149,0.013422818791946308,7,0.2857142857142857
corporate_T3::corporate_T3_S002,T3,corporate,2022,0,0,149,0.0,14,0.0
corporate_T3::corporate_T3_S002,T3,corporate,2023,3,3,149,0.020134228187919462,16,0.1875
corporate_T3::corporate_T3_S002,T3,corporate,2024,0,0,149,0.0,16,0.0
corporate_T3::corporate_T3_S002,T3,corporate,2025,0,0,149,0.0,13,0.0
corporate_T3::corporate_T3_S006,T3,corporate,2000,0,0,149,0.0,0,0.0
corporate_T3::corporate_T3_S006,T3,corporate,2001,0,0,149,0.0,1,0.0
corporate_T3::corporate_T3_S006,T3,corporate,2002,0,0,149,0.0,0,0.0
corporate_T3::corporate_T3_S006,T3,corporate,2003,0,0,149,0.0,0,0.0
corporate_T3::corporate_T3_S006,T3,corporate,2004,0,0,149,0.0,0,0.0
corporate_T3::corporate_T3_S006,T3,corporate,2005,0,0,149,0.0,0,0.0
corporate_T3::corporate_T3_S006,T3,corporate,2006,0,0,149,0.0,1,0.0
corporate_T3::corporate_T3_S006,T3,corporate,2007,1,1,149,0.006711409395973154,1,1.0
corporate_T3::corporate_T3_S006,T3,corporate,2008,0,0,149,0.0,2,0.0
corporate_T3::corporate_T3_S006,T3,corporate,2009,1,1,149,0.006711409395973154,4,0.25
corporate_T3::corporate_T3_S006,T3,corporate,2010,1,1,149,0.006711409395973154,6,0.16666666666666666
corporate_T3::corporate_T3_S006,T3,corporate,2011,0,0,149,0.0,6,0.0
corporate_T3::corporate_T3_S006,T3,corporate,2012,1,1,149,0.006711409395973154,7,0.14285714285714285
corporate_T3::corporate_T3_S006,T3,corporate,2013,2,2,149,0.013422818791946308,9,0.2222222222222222
corporate_T3::corporate_T3_S006,T3,corporate,2014,1,1,149,0.006711409395973154,8,0.125
corporate_T3::corporate_T3_S006,T3,corporate,2015,0,0,149,0.0,11,0.0
corporate_T3::corporate_T3_S006,T3,corporate,2016,1,1,149,0.006711409395973154,8,0.125
corporate_T3::corporate_T3_S006,T3,corporate,2017,1,1,149,0.006711409395973154,5,0.2
corporate_T3::corporate_T3_S006,T3,corporate,2018,0,0,149,0.0,3,0.0
corporate_T3::corporate_T3_S006,T3,corporate,2019,0,0,149,0.0,4,0.0
corporate_T3::corporate_T3_S006,T3,corporate,2020,0,0,149,0.0,7,0.0
corporate_T3::corporate_T3_S006,T3,corporate,2021,0,0,149,0.0,7,0.0
corporate_T3::corporate_T3_S006,T3,corporate,2022,0,0,149,0.0,14,0.0
corporate_T3::corporate_T3_S006,T3,corporate,2023,0,0,149,0.0,16,0.0
corporate_T3::corporate_T3_S006,T3,corporate,2024,0,0,149,0.0,16,0.0
corporate_T3::corporate_T3_S006,T3,corporate,2025,1,1,149,0.006711409395973154,13,0.07692307692307693
corporate_T3::corporate_T3_S009,T3,corporate,2000,0,0,149,0.0,0,0.0
corporate_T3::corporate_T3_S009,T3,corporate,2001,0,0,149,0.0,1,0.0
corporate_T3::corporate_T3_S009,T3,corporate,2002,0,0,149,0.0,0,0.0
corporate_T3::corporate_T3_S009,T3,corporate,2003,0,0,149,0.0,0,0.0
corporate_T3::corporate_T3_S009,T3,corporate,2004,0,0,149,0.0,0,0.0
corporate_T3::corporate_T3_S009,T3,corporate,2005,0,0,149,0.0,0,0.0
corporate_T3::corporate_T3_S009,T3,corporate,2006,0,0,149,0.0,1,0.0
corporate_T3::corporate_T3_S009,T3,corporate,2007,0,0,149,0.0,1,0.0
corporate_T3::corporate_T3_S009,T3,corporate,2008,1,1,149,0.006711409395973154,2,0.5
corporate_T3::corporate_T3_S009,T3,corporate,2009,0,0,149,0.0,4,0.0
corporate_T3::corporate_T3_S009,T3,corporate,2010,0,0,149,0.0,6,0.0
corporate_T3::corporate_T3_S009,T3,corporate,2011,0,0,149,0.0,6,0.0
corporate_T3::corporate_T3_S009,T3,corporate,2012,0,0,149,0.0,7,0.0
corporate_T3::corporate_T3_S009,T3,corporate,2013,0,0,149,0.0,9,0.0
corporate_T3::corporate_T3_S009,T3,corporate,2014,0,0,149,0.0,8,0.0
corporate_T3::corporate_T3_S009,T3,corporate,2015,0,0,149,0.0,11,0.0
corporate_T3::corporate_T3_S009,T3,corporate,2016,0,0,149,0.0,8,0.0
corporate_T3::corporate_T3_S009,T3,corporate,2017,0,0,149,0.0,5,0.0
corporate_T3::corporate_T3_S009,T3,corporate,2018,0,0,149,0.0,3,0.0
corporate_T3::corporate_T3_S009,T3,corporate,2019,0,0,149,0.0,4,0.0
corporate_T3::corporate_T3_S009,T3,corporate,2020,1,1,149,0.006711409395973154,7,0.14285714285714285
corporate_T3::corporate_T3_S009,T3,corporate,2021,1,1,149,0.006711409395973154,7,0.14285714285714285
corporate_T3::corporate_T3_S009,T3,corporate,2022,1,1,149,0.006711409395973154,14,0.07142857142857142
corporate_T3::corporate_T3_S009,T3,corporate,2023,1,1,149,0.006711409395973154,16,0.0625
corporate_T3::corporate_T3_S009,T3,corporate,2024,1,1,149,0.006711409395973154,16,0.0625
corporate_T3::corporate_T3_S009,T3,corporate,2025,0,0,149,0.0,13,0.0
corporate_T3::corporate_T3_S010,T3,corporate,2000,0,0,149,0.0,0,0.0
corporate_T3::corporate_T3_S010,T3,corporate,2001,0,0,149,0.0,1,0.0
corporate_T3::corporate_T3_S010,T3,corporate,2002,0,0,149,0.0,0,0.0
corporate_T3::corporate_T3_S010,T3,corporate,2003,0,0,149,0.0,0,0.0
corporate_T3::corporate_T3_S010,T3,corporate,2004,0,0,149,0.0,0,0.0
corporate_T3::corporate_T3_S010,T3,corporate,2005,0,0,149,0.0,0,0.0
corporate_T3::corporate_T3_S010,T3,corporate,2006,0,0,149,0.0,1,0.0
corporate_T3::corporate_T3_S010,T3,corporate,2007,0,0,149,0.0,1,0.0
corporate_T3::corporate_T3_S010,T3,corporate,2008,0,0,149,0.0,2,0.0
corporate_T3::corporate_T3_S010,T3,corporate,2009,0,0,149,0.0,4,0.0
corporate_T3::corporate_T3_S010,T3,corporate,2010,0,0,149,0.0,6,0.0
corporate_T3::corporate_T3_S010,T3,corporate,2011,0,0,149,0.0,6,0.0
corporate_T3::corporate_T3_S010,T3,corporate,2012,1,1,149,0.006711409395973154,7,0.14285714285714285
corporate_T3::corporate_T3_S010,T3,corporate,2013,0,0,149,0.0,9,0.0
corporate_T3::corporate_T3_S010,T3,corporate,2014,0,0,149,0.0,8,0.0
corporate_T3::corporate_T3_S010,T3,corporate,2015,0,0,149,0.0,11,0.0
corporate_T3::corporate_T3_S010,T3,corporate,2016,0,0,149,0.0,8,0.0
corporate_T3::corporate_T3_S010,T3,corporate,2017,0,0,149,0.0,5,0.0
corporate_T3::corporate_T3_S010,T3,corporate,2018,0,0,149,0.0,3,0.0
corporate_T3::corporate_T3_S010,T3,corporate,2019,0,0,149,0.0,4,0.0
corporate_T3::corporate_T3_S010,T3,corporate,2020,0,0,149,0.0,7,0.0
corporate_T3::corporate_T3_S010,T3,corporate,2021,1,1,149,0.006711409395973154,7,0.14285714285714285
corporate_T3::corporate_T3_S010,T3,corporate,2022,1,1,149,0.006711409395973154,14,0.07142857142857142
corporate_T3::corporate_T3_S010,T3,corporate,2023,1,1,149,0.006711409395973154,16,0.0625
corporate_T3::corporate_T3_S010,T3,corporate,2024,2,2,149,0.013422818791946308,16,0.125
corporate_T3::corporate_T3_S010,T3,corporate,2025,0,0,149,0.0,13,0.0
corporate_T4::corporate_T4_PG01,T4,corporate,2000,0,0,3153,0.0,10,0.0
corporate_T4::corporate_T4_PG01,T4,corporate,2001,0,0,3153,0.0,7,0.0
corporate_T4::corporate_T4_PG01,T4,corporate,2002,0,0,3153,0.0,17,0.0
corporate_T4::corporate_T4_PG01,T4,corporate,2003,3,3,3153,0.0009514747859181732,39,0.07692307692307693
corporate_T4::corporate_T4_PG01,T4,corporate,2004,3,3,3153,0.0009514747859181732,28,0.10714285714285714
corporate_T4::corporate_T4_PG01,T4,corporate,2005,3,3,3153,0.0009514747859181732,34,0.08823529411764706
corporate_T4::corporate_T4_PG01,T4,corporate,2006,2,2,3153,0.0006343165239454488,17,0.11764705882352941
corporate_T4::corporate_T4_PG01,T4,corporate,2007,10,10,3153,0.003171582619727244,32,0.3125
corporate_T4::corporate_T4_PG01,T4,corporate,2008,17,17,3153,0.005391690453536315,42,0.40476190476190477
corporate_T4::corporate_T4_PG01,T4,corporate,2009,34,34,3153,0.01078338090707263,91,0.37362637362637363
corporate_T4::corporate_T4_PG01,T4,corporate,2010,95,95,3153,0.030130034887408817,151,0.6291390728476821
corporate_T4::corporate_T4_PG01,T4,corporate,2011,116,116,3153,0.03679035838883603,164,0.7073170731707317
corporate_T4::corporate_T4_PG01,T4,corporate,2012,165,165,3153,0.05233111322549953,233,0.7081545064377682
corporate_T4::corporate_T4_PG01,T4,corporate,2013,198,198,3153,0.06279733587059944,260,0.7615384615384615
corporate_T4::corporate_T4_PG01,T4,corporate,2014,206,206,3153,0.06533460196638123,263,0.7832699619771863
corporate_T4::corporate_T4_PG01,T4,corporate,2015,202,202,3153,0.06406596891849033,251,0.8047808764940239
corporate_T4::corporate_T4_PG01,T4,corporate,2016,174,174,3153,0.05518553758325404,205,0.848780487804878
corporate_T4::corporate_T4_PG01,T4,corporate,2017,153,153,3153,0.048525214081826834,185,0.827027027027027
corporate_T4::corporate_T4_PG01,T4,corporate,2018,150,150,3153,0.047573739295908656,176,0.8522727272727273
corporate_T4::corporate_T4_PG01,T4,corporate,2019,140,140,3153,0.044402156676181415,160,0.875
corporate_T4::corporate_T4_PG01,T4,corporate,2020,127,127,3153,0.040279099270535995,142,0.8943661971830986
corporate_T4::corporate_T4_PG01,T4,corporate,2021,108,108,3153,0.03425309229305423,119,0.907563025210084
corporate_T4::corporate_T4_PG01,T4,corporate,2022,111,111,3153,0.035204567078972404,124,0.8951612903225806
corporate_T4::corporate_T4_PG01,T4,corporate,2023,118,118,3153,0.03742467491278148,129,0.9147286821705426
corporate_T4::corporate_T4_PG01,T4,corporate,2024,119,119,3153,0.0377418331747542,135,0.8814814814814815
corporate_T4::corporate_T4_PG01,T4,corporate,2025,123,123,3153,0.0390104662226451,139,0.8848920863309353
corporate_T5::corporate_T5_PG01,T5,corporate,2000,3,3,2397,0.0012515644555694619,3,1.0
corporate_T5::corporate_T5_PG01,T5,corporate,2001,1,1,2397,0.00041718815185648727,1,1.0
corporate_T5::corporate_T5_PG01,T5,corporate,2002,10,10,2397,0.004171881518564873,10,1.0
corporate_T5::corporate_T5_PG01,T5,corporate,2003,10,10,2397,0.004171881518564873,10,1.0
corporate_T5::corporate_T5_PG01,T5,corporate,2004,9,9,2397,0.0037546933667083854,9,1.0
corporate_T5::corporate_T5_PG01,T5,corporate,2005,10,10,2397,0.004171881518564873,10,1.0
corporate_T5::corporate_T5_PG01,T5,corporate,2006,26,26,2397,0.01084689194826867,26,1.0
corporate_T5::corporate_T5_PG01,T5,corporate,2007,23,23,2397,0.009595327492699207,23,1.0
corporate_T5::corporate_T5_PG01,T5,corporate,2008,35,35,2397,0.014601585314977055,35,1.0
corporate_T5::corporate_T5_PG01,T5,corporate,2009,65,65,2397,0.027117229870671673,65,1.0
corporate_T5::corporate_T5_PG01,T5,corporate,2010,85,85,2397,0.03546099290780142,85,1.0
corporate_T5::corporate_T5_PG01,T5,corporate,2011,107,107,2397,0.04463913224864414,107,1.0
corporate_T5::corporate_T5_PG01,T5,corporate,2012,150,150,2397,0.0625782227784731,150,1.0
corporate_T5::corporate_T5_PG01,T5,corporate,2013,154,154,2397,0.06424697538589905,154,1.0
corporate_T5::corporate_T5_PG01,T5,corporate,2014,163,163,2397,0.06800166875260742,163,1.0
corporate_T5::corporate_T5_PG01,T5,corporate,2015,163,163,2397,0.06800166875260742,163,1.0
corporate_T5::corporate_T5_PG01,T5,corporate,2016,142,142,2397,0.0592407175636212,142,1.0
corporate_T5::corporate_T5_PG01,T5,corporate,2017,139,139,2397,0.05798915310805173,139,1.0
corporate_T5::corporate_T5_PG01,T5,corporate,2018,154,154,2397,0.06424697538589905,154,1.0
corporate_T5::corporate_T5_PG01,T5,corporate,2019,140,140,2397,0.05840634125990822,140,1.0
corporate_T5::corporate_T5_PG01,T5,corporate,2020,142,142,2397,0.0592407175636212,142,1.0
corporate_T5::corporate_T5_PG01,T5,corporate,2021,131,131,2397,0.05465164789319983,131,1.0
corporate_T5::corporate_T5_PG01,T5,corporate,2022,119,119,2397,0.04964539007092199,119,1.0
corporate_T5::corporate_T5_PG01,T5,corporate,2023,151,151,2397,0.06299541093032958,151,1.0
corporate_T5::corporate_T5_PG01,T5,corporate,2024,137,137,2397,0.05715477680433876,137,1.0
corporate_T5::corporate_T5_PG01,T5,corporate,2025,128,128,2397,0.05340008343763037,128,1.0
corporate_T6::corporate_T6_PG01,T6,corporate,2000,14,14,4071,0.0034389584868582657,14,1.0
corporate_T6::corporate_T6_PG01,T6,corporate,2001,9,9,4071,0.002210759027266028,9,1.0
corporate_T6::corporate_T6_PG01,T6,corporate,2002,11,11,4071,0.002702038811102923,11,1.0
corporate_T6::corporate_T6_PG01,T6,corporate,2003,15,15,4071,0.0036845983787767134,15,1.0
corporate_T6::corporate_T6_PG01,T6,corporate,2004,21,21,4071,0.005158437730287398,21,1.0
corporate_T6::corporate_T6_PG01,T6,corporate,2005,23,23,4071,0.005649717514124294,23,1.0
corporate_T6::corporate_T6_PG01,T6,corporate,2006,68,68,4071,0.016703512650454434,70,0.9714285714285714
corporate_T6::corporate_T6_PG01,T6,corporate,2007,91,91,4071,0.022353230164578727,94,0.9680851063829787
corporate_T6::corporate_T6_PG01,T6,corporate,2008,122,122,4071,0.029968066814050603,124,0.9838709677419355
corporate_T6::corporate_T6_PG01,T6,corporate,2009,222,222,4071,0.054532056005895356,224,0.9910714285714286
corporate_T6::corporate_T6_PG01,T6,corporate,2010,226,226,4071,0.05551461557356915,228,0.9912280701754386
corporate_T6::corporate_T6_PG01,T6,corporate,2011,263,263,4071,0.0646032915745517,267,0.9850187265917603
corporate_T6::corporate_T6_PG01,T6,corporate,2012,300,300,4071,0.07369196757553427,301,0.9966777408637874
corporate_T6::corporate_T6_PG01,T6,corporate,2013,302,302,4071,0.07418324735937117,303,0.9966996699669967
corporate_T6::corporate_T6_PG01,T6,corporate,2014,311,311,4071,0.0763940063866372,313,0.9936102236421726
corporate_T6::corporate_T6_PG01,T6,corporate,2015,298,298,4071,0.07320068779169737,299,0.9966555183946488
corporate_T6::corporate_T6_PG01,T6,corporate,2016,231,231,4071,0.056742815033161385,231,1.0
corporate_T6::corporate_T6_PG01,T6,corporate,2017,216,216,4071,0.05305821665438467,216,1.0
corporate_T6::corporate_T6_PG01,T6,corporate,2018,215,215,4071,0.05281257676246622,218,0.9862385321100917
corporate_T6::corporate_T6_PG01,T6,corporate,2019,202,202,4071,0.04961925816752641,202,1.0
corporate_T6::corporate_T6_PG01,T6,corporate,2020,181,181,4071,0.04446082043723901,184,0.9836956521739131
corporate_T6::corporate_T6_PG01,T6,corporate,2021,150,150,4071,0.036845983787767135,152,0.9868421052631579
corporate_T6::corporate_T6_PG01,T6,corporate,2022,139,139,4071,0.03414394497666421,140,0.9928571428571429
corporate_T6::corporate_T6_PG01,T6,corporate,2023,147,147,4071,0.03610906411201179,149,0.9865771812080537
corporate_T6::corporate_T6_PG01,T6,corporate,2024,130,130,4071,0.03193318594939818,132,0.9848484848484849
corporate_T6::corporate_T6_PG01,T6,corporate,2025,130,130,4071,0.03193318594939818,131,0.9923664122137404
corporate_T6::corporate_T6_S002,T6,corporate,2000,0,0,4071,0.0,14,0.0
corporate_T6::corporate_T6_S002,T6,corporate,2001,0,0,4071,0.0,9,0.0
corporate_T6::corporate_T6_S002,T6,corporate,2002,0,0,4071,0.0,11,0.0
corporate_T6::corporate_T6_S002,T6,corporate,2003,0,0,4071,0.0,15,0.0
corporate_T6::corporate_T6_S002,T6,corporate,2004,0,0,4071,0.0,21,0.0
corporate_T6::corporate_T6_S002,T6,corporate,2005,0,0,4071,0.0,23,0.0
corporate_T6::corporate_T6_S002,T6,corporate,2006,2,2,4071,0.0004912797838368951,70,0.02857142857142857
corporate_T6::corporate_T6_S002,T6,corporate,2007,3,3,4071,0.0007369196757553427,94,0.031914893617021274
corporate_T6::corporate_T6_S002,T6,corporate,2008,2,2,4071,0.0004912797838368951,124,0.016129032258064516
corporate_T6::corporate_T6_S002,T6,corporate,2009,3,3,4071,0.0007369196757553427,224,0.013392857142857142
corporate_T6::corporate_T6_S002,T6,corporate,2010,3,3,4071,0.0007369196757553427,228,0.013157894736842105
corporate_T6::corporate_T6_S002,T6,corporate,2011,5,5,4071,0.0012281994595922379,267,0.018726591760299626
corporate_T6::corporate_T6_S002,T6,corporate,2012,3,3,4071,0.0007369196757553427,301,0.009966777408637873
corporate_T6::corporate_T6_S002,T6,corporate,2013,5,5,4071,0.0012281994595922379,303,0.0165016501650165
corporate_T6::corporate_T6_S002,T6,corporate,2014,9,9,4071,0.002210759027266028,313,0.02875399361022364
corporate_T6::corporate_T6_S002,T6,corporate,2015,14,14,4071,0.0034389584868582657,299,0.046822742474916385
corporate_T6::corporate_T6_S002,T6,corporate,2016,10,10,4071,0.0024563989191844758,231,0.04329004329004329
corporate_T6::corporate_T6_S002,T6,corporate,2017,14,14,4071,0.0034389584868582657,216,0.06481481481481481
corporate_T6::corporate_T6_S002,T6,corporate,2018,22,22,4071,0.005404077622205846,218,0.10091743119266056
corporate_T6::corporate_T6_S002,T6,corporate,2019,20,20,4071,0.0049127978383689515,202,0.09900990099009901
corporate_T6::corporate_T6_S002,T6,corporate,2020,18,18,4071,0.004421518054532056,184,0.09782608695652174
corporate_T6::corporate_T6_S002,T6,corporate,2021,14,14,4071,0.0034389584868582657,152,0.09210526315789473
corporate_T6::corporate_T6_S002,T6,corporate,2022,14,14,4071,0.0034389584868582657,140,0.1
corporate_T6::corporate_T6_S002,T6,corporate,2023,18,18,4071,0.004421518054532056,149,0.12080536912751678
corporate_T6::corporate_T6_S002,T6,corporate,2024,24,24,4071,0.0058953574060427415,132,0.18181818181818182
corporate_T6::corporate_T6_S002,T6,corporate,2025,24,24,4071,0.0058953574060427415,131,0.183206106870229
media_T1::media_T1_PG01,T1,media,2000,2,2,1501,0.0013324450366422385,4,0.5
media_T1::media_T1_PG01,T1,media,2001,10,10,1501,0.006662225183211193,13,0.7692307692307693
media_T1::media_T1_PG01,T1,media,2002,12,12,1501,0.007994670219853431,16,0.75
media_T1::media_T1_PG01,T1,media,2003,11,11,1501,0.0073284477015323115,18,0.6111111111111112
media_T1::media_T1_PG01,T1,media,2004,12,12,1501,0.007994670219853431,15,0.8
media_T1::media_T1_PG01,T1,media,2005,21,21,1501,0.013990672884743505,25,0.84
media_T1::media_T1_PG01,T1,media,2006,34,34,1501,0.022651565622918056,36,0.9444444444444444
media_T1::media_T1_PG01,T1,media,2007,41,41,1501,0.02731512325116589,50,0.82
media_T1::media_T1_PG01,T1,media,2008,53,53,1501,0.03530979347101932,62,0.8548387096774194
media_T1::media_T1_PG01,T1,media,2009,29,29,1501,0.019320453031312457,37,0.7837837837837838
media_T1::media_T1_PG01,T1,media,2010,36,36,1501,0.023984010659560292,51,0.7058823529411765
media_T1::media_T1_PG01,T1,media,2011,68,68,1501,0.04530313124583611,89,0.7640449438202247
media_T1::media_T1_PG01,T1,media,2012,90,90,1501,0.05996002664890073,122,0.7377049180327869
media_T1::media_T1_PG01,T1,media,2013,83,83,1501,0.0552964690206529,115,0.7217391304347827
media_T1::media_T1_PG01,T1,media,2014,131,131,1501,0.08727514990006663,175,0.7485714285714286
media_T1::media_T1_PG01,T1,media,2015,93,93,1501,0.061958694203864094,114,0.8157894736842105
media_T1::media_T1_PG01,T1,media,2016,55,55,1501,0.03664223850766156,74,0.7432432432432432
media_T1::media_T1_PG01,T1,media,2017,47,47,1501,0.0313124583610926,56,0.8392857142857143
media_T1::media_T1_PG01,T1,media,2018,13,13,1501,0.008660892738174551,27,0.48148148148148145
media_T1::media_T1_PG01,T1,media,2019,31,31,1501,0.020652898067954697,48,0.6458333333333334
media_T1::media_T1_PG01,T1,media,2020,29,29,1501,0.019320453031312457,38,0.7631578947368421
media_T1::media_T1_PG01,T1,media,2021,47,47,1501,0.0313124583610926,63,0.746031746031746
media_T1::media_T1_PG01,T1,media,2022,44,44,1501,0.029313790806129246,90,0.4888888888888889
media_T1::media_T1_PG01,T1,media,2023,44,44,1501,0.029313790806129246,78,0.5641025641025641
media_T1::media_T1_PG01,T1,media,2024,52,52,1501,0.034643570952698204,80,0.65
media_T1::media_T1_PG01,T1,media,2025,5,5,1501,0.0033311125916055963,5,1.0
media_T1::media_T1_S003,T1,media,2000,0,0,1501,0.0,4,0.0
media_T1::media_T1_S003,T1,media,2001,0,0,1501,0.0,13,0.0
media_T1::media_T1_S003,T1,media,2002,0,0,1501,0.0,16,0.0
media_T1::media_T1_S003,T1,media,2003,0,0,1501,0.0,18,0.0
media_T1::media_T1_S003,T1,media,2004,0,0,1501,0.0,15,0.0
media_T1::media_T1_S003,T1,media,2005,0,0,1501,0.0,25,0.0
media_T1::media_T1_S003,T1,media,2006,0,0,1501,0.0,36,0.0
media_T1::media_T1_S003,T1,media,2007,0,0,1501,0.0,50,0.0
media_T1::media_T1_S003,T1,media,2008,0,0,1501,0.0,62,0.0
media_T1::media_T1_S003,T1,media,2009,0,0,1501,0.0,37,0.0
media_T1::media_T1_S003,T1,media,2010,0,0,1501,0.0,51,0.0
media_T1::media_T1_S003,T1,media,2011,1,1,1501,0.0006662225183211193,89,0.011235955056179775
media_T1::media_T1_S003,T1,media,2012,0,0,1501,0.0,122,0.0
media_T1::media_T1_S003,T1,media,2013,0,0,1501,0.0,115,0.0
media_T1::media_T1_S003,T1,media,2014,5,5,1501,0.0033311125916055963,175,0.02857142857142857
media_T1::media_T1_S003,T1,media,2015,7,7,1501,0.004663557628247834,114,0.06140350877192982
media_T1::media_T1_S003,T1,media,2016,14,14,1501,0.009327115256495669,74,0.1891891891891892
media_T1::media_T1_S003,T1,media,2017,11,11,1501,0.0073284477015323115,56,0.19642857142857142
media_T1::media_T1_S003,T1,media,2018,9,9,1501,0.005996002664890073,27,0.3333333333333333
media_T1::media_T1_S003,T1,media,2019,16,16,1501,0.010659560293137908,48,0.3333333333333333
media_T1::media_T1_S003,T1,media,2020,9,9,1501,0.005996002664890073,38,0.23684210526315788
media_T1::media_T1_S003,T1,media,2021,14,14,1501,0.009327115256495669,63,0.2222222222222222
media_T1::media_T1_S003,T1,media,2022,27,27,1501,0.01798800799467022,90,0.3
media_T1::media_T1_S003,T1,media,2023,22,22,1501,0.014656895403064623,78,0.28205128205128205
media_T1::media_T1_S003,T1,media,2024,27,27,1501,0.01798800799467022,80,0.3375
media_T1::media_T1_S003,T1,media,2025,0,0,1501,0.0,5,0.0
media_T1::media_T1_S006,T1,media,2000,0,0,1501,0.0,4,0.0
media_T1::media_T1_S006,T1,media,2001,0,0,1501,0.0,13,0.0
media_T1::media_T1_S006,T1,media,2002,0,0,1501,0.0,16,0.0
media_T1::media_T1_S006,T1,media,2003,0,0,1501,0.0,18,0.0
media_T1::media_T1_S006,T1,media,2004,0,0,1501,0.0,15,0.0
media_T1::media_T1_S006,T1,media,2005,0,0,1501,0.0,25,0.0
media_T1::media_T1_S006,T1,media,2006,0,0,1501,0.0,36,0.0
media_T1::media_T1_S006,T1,media,2007,1,1,1501,0.0006662225183211193,50,0.02
media_T1::media_T1_S006,T1,media,2008,0,0,1501,0.0,62,0.0
media_T1::media_T1_S006,T1,media,2009,1,1,1501,0.0006662225183211193,37,0.02702702702702703
media_T1::media_T1_S006,T1,media,2010,0,0,1501,0.0,51,0.0
media_T1::media_T1_S006,T1,media,2011,2,2,1501,0.0013324450366422385,89,0.02247191011235955
media_T1::media_T1_S006,T1,media,2012,1,1,1501,0.0006662225183211193,122,0.00819672131147541
media_T1::media_T1_S006,T1,media,2013,0,0,1501,0.0,115,0.0
media_T1::media_T1_S006,T1,media,2014,12,12,1501,0.007994670219853431,175,0.06857142857142857
media_T1::media_T1_S006,T1,media,2015,10,10,1501,0.006662225183211193,114,0.08771929824561403
media_T1::media_T1_S006,T1,media,2016,4,4,1501,0.002664890073284477,74,0.05405405405405406
media_T1::media_T1_S006,T1,media,2017,12,12,1501,0.007994670219853431,56,0.21428571428571427
media_T1::media_T1_S006,T1,media,2018,2,2,1501,0.0013324450366422385,27,0.07407407407407407
media_T1::media_T1_S006,T1,media,2019,1,1,1501,0.0006662225183211193,48,0.020833333333333332
media_T1::media_T1_S006,T1,media,2020,0,0,1501,0.0,38,0.0
media_T1::media_T1_S006,T1,media,2021,2,2,1501,0.0013324450366422385,63,0.031746031746031744
media_T1::media_T1_S006,T1,media,2022,7,7,1501,0.004663557628247834,90,0.07777777777777778
media_T1::media_T1_S006,T1,media,2023,1,1,1501,0.0006662225183211193,78,0.01282051282051282
media_T1::media_T1_S006,T1,media,2024,8,8,1501,0.005329780146568954,80,0.1
media_T1::media_T1_S006,T1,media,2025,0,0,1501,0.0,5,0.0
media_T1::media_T1_S007,T1,media,2000,0,0,1501,0.0,4,0.0
media_T1::media_T1_S007,T1,media,2001,0,0,1501,0.0,13,0.0
media_T1::media_T1_S007,T1,media,2002,0,0,1501,0.0,16,0.0
media_T1::media_T1_S007,T1,media,2003,0,0,1501,0.0,18,0.0
media_T1::media_T1_S007,T1,media,2004,2,2,1501,0.0013324450366422385,15,0.13333333333333333
media_T1::media_T1_S007,T1,media,2005,1,1,1501,0.0006662225183211193,25,0.04
media_T1::media_T1_S007,T1,media,2006,0,0,1501,0.0,36,0.0
media_T1::media_T1_S007,T1,media,2007,0,0,1501,0.0,50,0.0
media_T1::media_T1_S007,T1,media,2008,1,1,1501,0.0006662225183211193,62,0.016129032258064516
media_T1::media_T1_S007,T1,media,2009,1,1,1501,0.0006662225183211193,37,0.02702702702702703
media_T1::media_T1_S007,T1,media,2010,0,0,1501,0.0,51,0.0
media_T1::media_T1_S007,T1,media,2011,2,2,1501,0.0013324450366422385,89,0.02247191011235955
media_T1::media_T1_S007,T1,media,2012,2,2,1501,0.0013324450366422385,122,0.01639344262295082
media_T1::media_T1_S007,T1,media,2013,4,4,1501,0.002664890073284477,115,0.034782608695652174
media_T1::media_T1_S007,T1,media,2014,7,7,1501,0.004663557628247834,175,0.04
media_T1::media_T1_S007,T1,media,2015,2,2,1501,0.0013324450366422385,114,0.017543859649122806
media_T1::media_T1_S007,T1,media,2016,2,2,1501,0.0013324450366422385,74,0.02702702702702703
media_T1::media_T1_S007,T1,media,2017,0,0,1501,0.0,56,0.0
media_T1::media_T1_S007,T1,media,2018,1,1,1501,0.0006662225183211193,27,0.037037037037037035
media_T1::media_T1_S007,T1,media,2019,4,4,1501,0.002664890073284477,48,0.08333333333333333
media_T1::media_T1_S007,T1,media,2020,1,1,1501,0.0006662225183211193,38,0.02631578947368421
media_T1::media_T1_S007,T1,media,2021,4,4,1501,0.002664890073284477,63,0.06349206349206349
media_T1::media_T1_S007,T1,media,2022,22,22,1501,0.014656895403064623,90,0.24444444444444444
media_T1::media_T1_S007,T1,media,2023,16,16,1501,0.010659560293137908,78,0.20512820512820512
media_T1::media_T1_S007,T1,media,2024,6,6,1501,0.003997335109926716,80,0.075
media_T1::media_T1_S007,T1,media,2025,0,0,1501,0.0,5,0.0
media_T1::media_T1_S009,T1,media,2000,0,0,1501,0.0,4,0.0
media_T1::media_T1_S009,T1,media,2001,0,0,1501,0.0,13,0.0
media_T1::media_T1_S009,T1,media,2002,0,0,1501,0.0,16,0.0
media_T1::media_T1_S009,T1,media,2003,0,0,1501,0.0,18,0.0
media_T1::media_T1_S009,T1,media,2004,0,0,1501,0.0,15,0.0
media_T1::media_T1_S009,T1,media,2005,0,0,1501,0.0,25,0.0
media_T1::media_T1_S009,T1,media,2006,0,0,1501,0.0,36,0.0
media_T1::media_T1_S009,T1,media,2007,1,1,1501,0.0006662225183211193,50,0.02
media_T1::media_T1_S009,T1,media,2008,2,2,1501,0.0013324450366422385,62,0.03225806451612903
media_T1::media_T1_S009,T1,media,2009,1,1,1501,0.0006662225183211193,37,0.02702702702702703
media_T1::media_T1_S009,T1,media,2010,4,4,1501,0.002664890073284477,51,0.0784313725490196
media_T1::media_T1_S009,T1,media,2011,3,3,1501,0.001998667554963358,89,0.033707865168539325
media_T1::media_T1_S009,T1,media,2012,9,9,1501,0.005996002664890073,122,0.07377049180327869
media_T1::media_T1_S009,T1,media,2013,4,4,1501,0.002664890073284477,115,0.034782608695652174
media_T1::media_T1_S009,T1,media,2014,13,13,1501,0.008660892738174551,175,0.07428571428571429
media_T1::media_T1_S009,T1,media,2015,5,5,1501,0.0033311125916055963,114,0.043859649122807015
media_T1::media_T1_S009,T1,media,2016,3,3,1501,0.001998667554963358,74,0.04054054054054054
media_T1::media_T1_S009,T1,media,2017,3,3,1501,0.001998667554963358,56,0.05357142857142857
media_T1::media_T1_S009,T1,media,2018,1,1,1501,0.0006662225183211193,27,0.037037037037037035
media_T1::media_T1_S009,T1,media,2019,2,2,1501,0.0013324450366422385,48,0.041666666666666664
media_T1::media_T1_S009,T1,media,2020,0,0,1501,0.0,38,0.0
media_T1::media_T1_S009,T1,media,2021,0,0,1501,0.0,63,0.0
media_T1::media_T1_S009,T1,media,2022,3,3,1501,0.001998667554963358,90,0.03333333333333333
media_T1::media_T1_S009,T1,media,2023,1,1,1501,0.0006662225183211193,78,0.01282051282051282
media_T1::media_T1_S009,T1,media,2024,2,2,1501,0.0013324450366422385,80,0.025
media_T1::media_T1_S009,T1,media,2025,0,0,1501,0.0,5,0.0
media_T2::media_T2_PG01,T2,media,2000,12,12,1784,0.006726457399103139,12,1.0
media_T2::media_T2_PG01,T2,media,2001,9,9,1784,0.005044843049327354,9,1.0
media_T2::media_T2_PG01,T2,media,2002,20,20,1784,0.011210762331838564,20,1.0
media_T2::media_T2_PG01,T2,media,2003,19,19,1784,0.010650224215246636,19,1.0
media_T2::media_T2_PG01,T2,media,2004,16,16,1784,0.008968609865470852,16,1.0
media_T2::media_T2_PG01,T2,media,2005,32,32,1784,0.017937219730941704,32,1.0
media_T2::media_T2_PG01,T2,media,2006,38,38,1784,0.021300448430493273,38,1.0
media_T2::media_T2_PG01,T2,media,2007,43,43,1784,0.024103139013452915,43,1.0
media_T2::media_T2_PG01,T2,media,2008,41,41,1784,0.02298206278026906,41,1.0
media_T2::media_T2_PG01,T2,media,2009,42,42,1784,0.023542600896860985,42,1.0
media_T2::media_T2_PG01,T2,media,2010,56,56,1784,0.03139013452914798,56,1.0
media_T2::media_T2_PG01,T2,media,2011,117,117,1784,0.0655829596412556,117,1.0
media_T2::media_T2_PG01,T2,media,2012,121,121,1784,0.06782511210762332,121,1.0
media_T2::media_T2_PG01,T2,media,2013,169,169,1784,0.09473094170403587,169,1.0
media_T2::media_T2_PG01,T2,media,2014,271,271,1784,0.15190582959641255,271,1.0
media_T2::media_T2_PG01,T2,media,2015,131,131,1784,0.0734304932735426,131,1.0
media_T2::media_T2_PG01,T2,media,2016,93,93,1784,0.052130044843049325,93,1.0
media_T2::media_T2_PG01,T2,media,2017,62,62,1784,0.034753363228699555,62,1.0
media_T2::media_T2_PG01,T2,media,2018,64,64,1784,0.03587443946188341,64,1.0
media_T2::media_T2_PG01,T2,media,2019,73,73,1784,0.04091928251121076,73,1.0
media_T2::media_T2_PG01,T2,media,2020,49,49,1784,0.027466367713004484,49,1.0
media_T2::media_T2_PG01,T2,media,2021,66,66,1784,0.03699551569506727,66,1.0
media_T2::media_T2_PG01,T2,media,2022,69,69,1784,0.03867713004484305,69,1.0
media_T2::media_T2_PG01,T2,media,2023,83,83,1784,0.04652466367713005,83,1.0
media_T2::media_T2_PG01,T2,media,2024,80,80,1784,0.04484304932735426,80,1.0
media_T2::media_T2_PG01,T2,media,2025,8,8,1784,0.004484304932735426,8,1.0
media_T3::media_T3_PG01,T3,media,2000,0,0,7723,0.0,41,0.0
media_T3::media_T3_PG01,T3,media,2001,0,0,7723,0.0,50,0.0
media_T3::media_T3_PG01,T3,media,2002,0,0,7723,0.0,53,0.0
media_T3::media_T3_PG01,T3,media,2003,0,0,7723,0.0,45,0.0
media_T3::media_T3_PG01,T3,media,2004,0,0,7723,0.0,84,0.0
media_T3::media_T3_PG01,T3,media,2005,0,0,7723,0.0,108,0.0
media_T3::media_T3_PG01,T3,media,2006,0,0,7723,0.0,167,0.0
media_T3::media_T3_PG01,T3,media,2007,0,0,7723,0.0,244,0.0
media_T3::media_T3_PG01,T3,media,2008,0,0,7723,0.0,287,0.0
media_T3::media_T3_PG01,T3,media,2009,0,0,7723,0.0,206,0.0
media_T3::media_T3_PG01,T3,media,2010,1,1,7723,0.00012948336138806163,296,0.0033783783783783786
media_T3::media_T3_PG01,T3,media,2011,7,7,7723,0.0009063835297164314,606,0.01155115511551155
media_T3::media_T3_PG01,T3,media,2012,21,21,7723,0.0027191505891492945,701,0.029957203994293864
media_T3::media_T3_PG01,T3,media,2013,104,104,7723,0.01346626958435841,882,0.11791383219954649
media_T3::media_T3_PG01,T3,media,2014,151,151,7723,0.019551987569597307,1204,0.12541528239202657
media_T3::media_T3_PG01,T3,media,2015,1,1,7723,0.00012948336138806163,602,0.0016611295681063123
media_T3::media_T3_PG01,T3,media,2016,0,0,7723,0.0,252,0.0
media_T3::media_T3_PG01,T3,media,2017,0,0,7723,0.0,175,0.0
media_T3::media_T3_PG01,T3,media,2018,0,0,7723,0.0,161,0.0
media_T3::media_T3_PG01,T3,media,2019,0,0,7723,0.0,297,0.0
media_T3::media_T3_PG01,T3,media,2020,0,0,7723,0.0,242,0.0
media_T3::media_T3_PG01,T3,media,2021,0,0,7723,0.0,244,0.0
media_T3::media_T3_PG01,T3,media,2022,0,0,7723,0.0,274,0.0
media_T3::media_T3_PG01,T3,media,2023,0,0,7723,0.0,249,0.0
media_T3::media_T3_PG01,T3,media,2024,0,0,7723,0.0,233,0.0
media_T3::media_T3_PG01,T3,media,2025,0,0,7723,0.0,20,0.0
media_T3::media_T3_PG02,T3,media,2000,0,0,7723,0.0,41,0.0
media_T3::media_T3_PG02,T3,media,2001,0,0,7723,0.0,50,0.0
media_T3::media_T3_PG02,T3,media,2002,0,0,7723,0.0,53,0.0
media_T3::media_T3_PG02,T3,media,2003,0,0,7723,0.0,45,0.0
media_T3::media_T3_PG02,T3,media,2004,0,0,7723,0.0,84,0.0
media_T3::media_T3_PG02,T3,media,2005,0,0,7723,0.0,108,0.0
media_T3::media_T3_PG02,T3,media,2006,0,0,7723,0.0,167,0.0
media_T3::media_T3_PG02,T3,media,2007,0,0,7723,0.0,244,0.0
media_T3::media_T3_PG02,T3,media,2008,0,0,7723,0.0,287,0.0
media_T3::media_T3_PG02,T3,media,2009,0,0,7723,0.0,206,0.0
media_T3::media_T3_PG02,T3,media,2010,0,0,7723,0.0,296,0.0
media_T3::media_T3_PG02,T3,media,2011,0,0,7723,0.0,606,0.0
media_T3::media_T3_PG02,T3,media,2012,0,0,7723,0.0,701,0.0
media_T3::media_T3_PG02,T3,media,2013,13,13,7723,0.0016832836980448013,882,0.01473922902494331
media_T3::media_T3_PG02,T3,media,2014,183,183,7723,0.02369545513401528,1204,0.15199335548172757
media_T3::media_T3_PG02,T3,media,2015,61,61,7723,0.00789848504467176,602,0.10132890365448505
media_T3::media_T3_PG02,T3,media,2016,0,0,7723,0.0,252,0.0
media_T3::media_T3_PG02,T3,media,2017,0,0,7723,0.0,175,0.0
media_T3::media_T3_PG02,T3,media,2018,0,0,7723,0.0,161,0.0
media_T3::media_T3_PG02,T3,media,2019,0,0,7723,0.0,297,0.0
media_T3::media_T3_PG02,T3,media,2020,0,0,7723,0.0,242,0.0
media_T3::media_T3_PG02,T3,media,2021,0,0,7723,0.0,244,0.0
media_T3::media_T3_PG02,T3,media,2022,0,0,7723,0.0,274,0.0
media_T3::media_T3_PG02,T3,media,2023,0,0,7723,0.0,249,0.0
media_T3::media_T3_PG02,T3,media,2024,0,0,7723,0.0,233,0.0
media_T3::media_T3_PG02,T3,media,2025,0,0,7723,0.0,20,0.0
media_T3::media_T3_S000,T3,media,2000,41,41,7723,0.005308817816910527,41,1.0
media_T3::media_T3_S000,T3,media,2001,50,50,7723,0.006474168069403082,50,1.0
media_T3::media_T3_S000,T3,media,2002,53,53,7723,0.0068626181535672666,53,1.0
media_T3::media_T3_S000,T3,media,2003,45,45,7723,0.0058267512624627735,45,1.0
media_T3::media_T3_S000,T3,media,2004,84,84,7723,0.010876602356597178,84,1.0
media_T3::media_T3_S000,T3,media,2005,108,108,7723,0.013984203029910656,108,1.0
media_T3::media_T3_S000,T3,media,2006,167,167,7723,0.021623721351806294,167,1.0
media_T3::media_T3_S000,T3,media,2007,244,244,7723,0.03159394017868704,244,1.0
media_T3::media_T3_S000,T3,media,2008,287,287,7723,0.03716172471837369,287,1.0
media_T3::media_T3_S000,T3,media,2009,206,206,7723,0.026673572445940697,206,1.0
media_T3::media_T3_S000,T3,media,2010,296,296,7723,0.038327074970866244,296,1.0
media_T3::media_T3_S000,T3,media,2011,603,603,7723,0.07807846691700117,606,0.995049504950495
media_T3::media_T3_S000,T3,media,2012,696,696,7723,0.0901204195260909,701,0.992867332382311
media_T3::media_T3_S000,T3,media,2013,824,824,7723,0.10669428978376279,882,0.9342403628117913
media_T3::media_T3_S000,T3,media,2014,915,915,7723,0.11847727567007639,1204,0.7599667774086378
media_T3::media_T3_S000,T3,media,2015,499,499,7723,0.06461219733264276,602,0.8289036544850499
media_T3::media_T3_S000,T3,media,2016,252,252,7723,0.03262980706979153,252,1.0
media_T3::media_T3_S000,T3,media,2017,175,175,7723,0.022659588242910787,175,1.0
media_T3::media_T3_S000,T3,media,2018,161,161,7723,0.020846821183477922,161,1.0
media_T3::media_T3_S000,T3,media,2019,297,297,7723,0.0384565583322543,297,1.0
media_T3::media_T3_S000,T3,media,2020,241,241,7723,0.031205490094522854,242,0.9958677685950413
media_T3::media_T3_S000,T3,media,2021,244,244,7723,0.03159394017868704,244,1.0
media_T3::media_T3_S000,T3,media,2022,274,274,7723,0.03547844102032889,274,1.0
media_T3::media_T3_S000,T3,media,2023,249,249,7723,0.03224135698562735,249,1.0
media_T3::media_T3_S000,T3,media,2024,232,232,7723,0.0300401398420303,233,0.9957081545064378
media_T3::media_T3_S000,T3,media,2025,20,20,7723,0.0025896672277612325,20,1.0
media_T3::media_T3_S001,T3,media,2000,0,0,7723,0.0,41,0.0
media_T3::media_T3_S001,T3,media,2001,0,0,7723,0.0,50,0.0
media_T3::media_T3_S001,T3,media,2002,0,0,7723,0.0,53,0.0
media_T3::media_T3_S001,T3,media,2003,0,0,7723,0.0,45,0.0
media_T3::media_T3_S001,T3,media,2004,0,0,7723,0.0,84,0.0
media_T3::media_T3_S001,T3,media,2005,0,0,7723,0.0,108,0.0
media_T3::media_T3_S001,T3,media,2006,0,0,7723,0.0,167,0.0
media_T3::media_T3_S001,T3,media,2007,0,0,7723,0.0,244,0.0
media_T3::media_T3_S001,T3,media,2008,0,0,7723,0.0,287,0.0
media_T3::media_T3_S001,T3,media,2009,0,0,7723,0.0,206,0.0
media_T3::media_T3_S001,T3,media,2010,0,0,7723,0.0,296,0.0
media_T3::media_T3_S001,T3,media,2011,0,0,7723,0.0,606,0.0
media_T3::media_T3_S001,T3,media,2012,1,1,7723,0.00012948336138806163,701,0.0014265335235378032
media_T3::media_T3_S001,T3,media,2013,0,0,7723,0.0,882,0.0
media_T3::media_T3_S001,T3,media,2014,23,23,7723,0.0029781173119254175,1204,0.01910299003322259
media_T3::media_T3_S001,T3,media,2015,123,123,7723,0.01592645345073158,602,0.20431893687707642
media_T3::media_T3_S001,T3,media,2016,0,0,7723,0.0,252,0.0
media_T3::media_T3_S001,T3,media,2017,0,0,7723,0.0,175,0.0
media_T3::media_T3_S001,T3,media,2018,0,0,7723,0.0,161,0.0
media_T3::media_T3_S001,T3,media,2019,0,0,7723,0.0,297,0.0
media_T3::media_T3_S001,T3,media,2020,0,0,7723,0.0,242,0.0
media_T3::media_T3_S001,T3,media,2021,0,0,7723,0.0,244,0.0
media_T3::media_T3_S001,T3,media,2022,0,0,7723,0.0,274,0.0
media_T3::media_T3_S001,T3,media,2023,0,0,7723,0.0,249,0.0
media_T3::media_T3_S001,T3,media,2024,0,0,7723,0.0,233,0.0
media_T3::media_T3_S001,T3,media,2025,0,0,7723,0.0,20,0.0
media_T3::media_T3_S002,T3,media,2000,0,0,7723,0.0,41,0.0
media_T3::media_T3_S002,T3,media,2001,0,0,7723,0.0,50,0.0
media_T3::media_T3_S002,T3,media,2002,0,0,7723,0.0,53,0.0
media_T3::media_T3_S002,T3,media,2003,0,0,7723,0.0,45,0.0
media_T3::media_T3_S002,T3,media,2004,0,0,7723,0.0,84,0.0
media_T3::media_T3_S002,T3,media,2005,0,0,7723,0.0,108,0.0
media_T3::media_T3_S002,T3,media,2006,0,0,7723,0.0,167,0.0
media_T3::media_T3_S002,T3,media,2007,0,0,7723,0.0,244,0.0
media_T3::media_T3_S002,T3,media,2008,0,0,7723,0.0,287,0.0
media_T3::media_T3_S002,T3,media,2009,0,0,7723,0.0,206,0.0
media_T3::media_T3_S002,T3,media,2010,1,1,7723,0.00012948336138806163,296,0.0033783783783783786
media_T3::media_T3_S002,T3,media,2011,1,1,7723,0.00012948336138806163,606,0.0016501650165016502
media_T3::media_T3_S002,T3,media,2012,1,1,7723,0.00012948336138806163,701,0.0014265335235378032
media_T3::media_T3_S002,T3,media,2013,10,10,7723,0.0012948336138806163,882,0.011337868480725623
media_T3::media_T3_S002,T3,media,2014,109,109,7723,0.014113686391298718,1204,0.09053156146179402
media_T3::media_T3_S002,T3,media,2015,6,6,7723,0.0007769001683283698,602,0.009966777408637873
media_T3::media_T3_S002,T3,media,2016,0,0,7723,0.0,252,0.0
media_T3::media_T3_S002,T3,media,2017,0,0,7723,0.0,175,0.0
media_T3::media_T3_S002,T3,media,2018,0,0,7723,0.0,161,0.0
media_T3::media_T3_S002,T3,media,2019,0,0,7723,0.0,297,0.0
media_T3::media_T3_S002,T3,media,2020,1,1,7723,0.00012948336138806163,242,0.004132231404958678
media_T3::media_T3_S002,T3,media,2021,0,0,7723,0.0,244,0.0
media_T3::media_T3_S002,T3,media,2022,0,0,7723,0.0,274,0.0
media_T3::media_T3_S002,T3,media,2023,0,0,7723,0.0,249,0.0
media_T3::media_T3_S002,T3,media,2024,1,1,7723,0.00012948336138806163,233,0.004291845493562232
media_T3::media_T3_S002,T3,media,2025,0,0,7723,0.0,20,0.0
media_T3::media_T3_S008,T3,media,2000,0,0,7723,0.0,41,0.0
media_T3::media_T3_S008,T3,media,2001,0,0,7723,0.0,50,0.0
media_T3::media_T3_S008,T3,media,2002,0,0,7723,0.0,53,0.0
media_T3::media_T3_S008,T3,media,2003,0,0,7723,0.0,45,0.0
media_T3::media_T3_S008,T3,media,2004,0,0,7723,0.0,84,0.0
media_T3::media_T3_S008,T3,media,2005,0,0,7723,0.0,108,0.0
media_T3::media_T3_S008,T3,media,2006,0,0,7723,0.0,167,0.0
media_T3::media_T3_S008,T3,media,2007,0,0,7723,0.0,244,0.0
media_T3::media_T3_S008,T3,media,2008,0,0,7723,0.0,287,0.0
media_T3::media_T3_S008,T3,media,2009,0,0,7723,0.0,206,0.0
media_T3::media_T3_S008,T3,media,2010,0,0,7723,0.0,296,0.0
media_T3::media_T3_S008,T3,media,2011,0,0,7723,0.0,606,0.0
media_T3::media_T3_S008,T3,media,2012,0,0,7723,0.0,701,0.0
media_T3::media_T3_S008,T3,media,2013,2,2,7723,0.00025896672277612325,882,0.0022675736961451248
media_T3::media_T3_S008,T3,media,2014,62,62,7723,0.008027968406059821,1204,0.05149501661129568
media_T3::media_T3_S008,T3,media,2015,1,1,7723,0.00012948336138806163,602,0.0016611295681063123
media_T3::media_T3_S008,T3,media,2016,0,0,7723,0.0,252,0.0
media_T3::media_T3_S008,T3,media,2017,0,0,7723,0.0,175,0.0
media_T3::media_T3_S008,T3,media,2018,0,0,7723,0.0,161,0.0
media_T3::media_T3_S008,T3,media,2019,0,0,7723,0.0,297,0.0
media_T3::media_T3_S008,T3,media,2020,0,0,7723,0.0,242,0.0
media_T3::media_T3_S008,T3,media,2021,0,0,7723,0.0,244,0.0
media_T3::media_T3_S008,T3,media,2022,0,0,7723,0.0,274,0.0
media_T3::media_T3_S008,T3,media,2023,0,0,7723,0.0,249,0.0
media_T3::media_T3_S008,T3,media,2024,0,0,7723,0.0,233,0.0
media_T3::media_T3_S008,T3,media,2025,0,0,7723,0.0,20,0.0
media_T4::media_T4_PG01,T4,media,2000,6,6,2067,0.002902757619738752,7,0.8571428571428571
media_T4::media_T4_PG01,T4,media,2001,9,9,2067,0.0043541364296081275,10,0.9
media_T4::media_T4_PG01,T4,media,2002,9,9,2067,0.0043541364296081275,12,0.75
media_T4::media_T4_PG01,T4,media,2003,6,6,2067,0.002902757619738752,8,0.75
media_T4::media_T4_PG01,T4,media,2004,7,7,2067,0.003386550556361877,10,0.7
media_T4::media_T4_PG01,T4,media,2005,22,22,2067,0.010643444605708756,24,0.9166666666666666
media_T4::media_T4_PG01,T4,media,2006,39,39,2067,0.018867924528301886,46,0.8478260869565217
media_T4::media_T4_PG01,T4,media,2007,51,51,2067,0.02467343976777939,59,0.864406779661017
media_T4::media_T4_PG01,T4,media,2008,72,72,2067,0.03483309143686502,79,0.9113924050632911
media_T4::media_T4_PG01,T4,media,2009,46,46,2067,0.022254475084663765,55,0.8363636363636363
media_T4::media_T4_PG01,T4,media,2010,55,55,2067,0.026608611514271893,59,0.9322033898305084
media_T4::media_T4_PG01,T4,media,2011,122,122,2067,0.059022738268021284,134,0.9104477611940298
media_T4::media_T4_PG01,T4,media,2012,126,126,2067,0.06095791001451379,150,0.84
media_T4::media_T4_PG01,T4,media,2013,148,148,2067,0.07160135462022255,170,0.8705882352941177
media_T4::media_T4_PG01,T4,media,2014,159,159,2067,0.07692307692307693,182,0.8736263736263736
media_T4::media_T4_PG01,T4,media,2015,173,173,2067,0.08369617803580068,191,0.9057591623036649
media_T4::media_T4_PG01,T4,media,2016,74,74,2067,0.03580067731011127,83,0.891566265060241
media_T4::media_T4_PG01,T4,media,2017,47,47,2067,0.022738268021286888,50,0.94
media_T4::media_T4_PG01,T4,media,2018,34,34,2067,0.01644895984518626,42,0.8095238095238095
media_T4::media_T4_PG01,T4,media,2019,74,74,2067,0.03580067731011127,95,0.7789473684210526
media_T4::media_T4_PG01,T4,media,2020,64,64,2067,0.030962747943880018,83,0.7710843373493976
media_T4::media_T4_PG01,T4,media,2021,112,112,2067,0.05418480890179003,130,0.8615384615384616
media_T4::media_T4_PG01,T4,media,2022,114,114,2067,0.055152394775036286,126,0.9047619047619048
media_T4::media_T4_PG01,T4,media,2023,131,131,2067,0.06337687469762941,150,0.8733333333333333
media_T4::media_T4_PG01,T4,media,2024,98,98,2067,0.04741170778906628,105,0.9333333333333333
media_T4::media_T4_PG01,T4,media,2025,4,4,2067,0.0019351717464925011,7,0.5714285714285714
media_T4::media_T4_S006,T4,media,2000,1,1,2067,0.0004837929366231253,7,0.14285714285714285
media_T4::media_T4_S006,T4,media,2001,0,0,2067,0.0,10,0.0
media_T4::media_T4_S006,T4,media,2002,1,1,2067,0.0004837929366231253,12,0.08333333333333333
media_T4::media_T4_S006,T4,media,2003,1,1,2067,0.0004837929366231253,8,0.125
media_T4::media_T4_S006,T4,media,2004,3,3,2067,0.001451378809869376,10,0.3
media_T4::media_T4_S006,T4,media,2005,2,2,2067,0.0009675858732462506,24,0.08333333333333333
media_T4::media_T4_S006,T4,media,2006,10,10,2067,0.004837929366231253,46,0.21739130434782608
media_T4::media_T4_S006,T4,media,2007,5,5,2067,0.0024189646831156266,59,0.0847457627118644
media_T4::media_T4_S006,T4,media,2008,6,6,2067,0.002902757619738752,79,0.0759493670886076
media_T4::media_T4_S006,T4,media,2009,4,4,2067,0.0019351717464925011,55,0.07272727272727272
media_T4::media_T4_S006,T4,media,2010,0,0,2067,0.0,59,0.0
media_T4::media_T4_S006,T4,media,2011,3,3,2067,0.001451378809869376,134,0.022388059701492536
media_T4::media_T4_S006,T4,media,2012,7,7,2067,0.003386550556361877,150,0.04666666666666667
media_T4::media_T4_S006,T4,media,2013,5,5,2067,0.0024189646831156266,170,0.029411764705882353
media_T4::media_T4_S006,T4,media,2014,7,7,2067,0.003386550556361877,182,0.038461538461538464
media_T4::media_T4_S006,T4,media,2015,2,2,2067,0.0009675858732462506,191,0.010471204188481676
media_T4::media_T4_S006,T4,media,2016,4,4,2067,0.0019351717464925011,83,0.04819277108433735
media_T4::media_T4_S006,T4,media,2017,3,3,2067,0.001451378809869376,50,0.06
media_T4::media_T4_S006,T4,media,2018,2,2,2067,0.0009675858732462506,42,0.047619047619047616
media_T4::media_T4_S006,T4,media,2019,21,21,2067,0.010159651669085631,95,0.22105263157894736
media_T4::media_T4_S006,T4,media,2020,15,15,2067,0.00725689404934688,83,0.18072289156626506
media_T4::media_T4_S006,T4,media,2021,13,13,2067,0.006289308176100629,130,0.1
media_T4::media_T4_S006,T4,media,2022,6,6,2067,0.002902757619738752,126,0.047619047619047616
media_T4::media_T4_S006,T4,media,2023,18,18,2067,0.008708272859216255,150,0.12
media_T4::media_T4_S006,T4,media,2024,5,5,2067,0.0024189646831156266,105,0.047619047619047616
media_T4::media_T4_S006,T4,media,2025,2,2,2067,0.0009675858732462506,7,0.2857142857142857
media_T5::media_T5_S000,T5,media,2000,3,3,1293,0.002320185614849188,4,0.75
media_T5::media_T5_S000,T5,media,2001,6,6,1293,0.004640371229698376,8,0.75
media_T5::media_T5_S000,T5,media,2002,2,2,1293,0.0015467904098994587,3,0.6666666666666666
media_T5::media_T5_S000,T5,media,2003,8,8,1293,0.006187161639597835,8,1.0
media_T5::media_T5_S000,T5,media,2004,7,7,1293,0.005413766434648105,9,0.7777777777777778
media_T5::media_T5_S000,T5,media,2005,5,5,1293,0.0038669760247486465,7,0.7142857142857143
media_T5::media_T5_S000,T5,media,2006,12,12,1293,0.009280742459396751,21,0.5714285714285714
media_T5::media_T5_S000,T5,media,2007,13,13,1293,0.010054137664346482,16,0.8125
media_T5::media_T5_S000,T5,media,2008,16,16,1293,0.01237432327919567,26,0.6153846153846154
media_T5::media_T5_S000,T5,media,2009,22,22,1293,0.017014694508894045,26,0.8461538461538461
media_T5::media_T5_S000,T5,media,2010,14,14,1293,0.01082753286929621,26,0.5384615384615384
media_T5::media_T5_S000,T5,media,2011,34,34,1293,0.026295436968290797,43,0.7906976744186046
media_T5::media_T5_S000,T5,media,2012,46,46,1293,0.03557617942768755,64,0.71875
media_T5::media_T5_S000,T5,media,2013,70,70,1293,0.054137664346481054,94,0.7446808510638298
media_T5::media_T5_S000,T5,media,2014,86,86,1293,0.06651198762567673,124,0.6935483870967742
media_T5::media_T5_S000,T5,media,2015,69,69,1293,0.05336426914153132,107,0.6448598130841121
media_T5::media_T5_S000,T5,media,2016,44,44,1293,0.03402938901778809,66,0.6666666666666666
media_T5::media_T5_S000,T5,media,2017,39,39,1293,0.030162412993039442,48,0.8125
media_T5::media_T5_S000,T5,media,2018,27,27,1293,0.02088167053364269,36,0.75
media_T5::media_T5_S000,T5,media,2019,50,50,1293,0.038669760247486466,63,0.7936507936507936
media_T5::media_T5_S000,T5,media,2020,48,48,1293,0.037122969837587005,57,0.8421052631578947
media_T5::media_T5_S000,T5,media,2021,68,68,1293,0.05259087393658159,84,0.8095238095238095
media_T5::media_T5_S000,T5,media,2022,100,100,1293,0.07733952049497293,130,0.7692307692307693
media_T5::media_T5_S000,T5,media,2023,106,106,1293,0.08197989172467131,132,0.803030303030303
media_T5::media_T5_S000,T5,media,2024,71,71,1293,0.05491105955143078,88,0.8068181818181818
media_T5::media_T5_S000,T5,media,2025,3,3,1293,0.002320185614849188,3,1.0
media_T6::media_T6_S000,T6,media,2000,16,16,1685,0.009495548961424332,17,0.9411764705882353
media_T6::media_T6_S000,T6,media,2001,18,18,1685,0.010682492581602374,20,0.9
media_T6::media_T6_S000,T6,media,2002,13,13,1685,0.00771513353115727,15,0.8666666666666667
media_T6::media_T6_S000,T6,media,2003,14,14,1685,0.00830860534124629,15,0.9333333333333333
media_T6::media_T6_S000,T6,media,2004,20,20,1685,0.011869436201780416,23,0.8695652173913043
media_T6::media_T6_S000,T6,media,2005,25,25,1685,0.01483679525222552,28,0.8928571428571429
media_T6::media_T6_S000,T6,media,2006,31,31,1685,0.018397626112759646,36,0.8611111111111112
media_T6::media_T6_S000,T6,media,2007,33,33,1685,0.019584569732937686,36,0.9166666666666666
media_T6::media_T6_S000,T6,media,2008,36,36,1685,0.021364985163204748,46,0.782608695652174
media_T6::media_T6_S000,T6,media,2009,26,26,1685,0.01543026706231454,33,0.7878787878787878
media_T6::media_T6_S000,T6,media,2010,53,53,1685,0.0314540059347181,61,0.8688524590163934
media_T6::media_T6_S000,T6,media,2011,89,89,1685,0.052818991097922846,104,0.8557692307692307
media_T6::media_T6_S000,T6,media,2012,81,81,1685,0.048071216617210685,93,0.8709677419354839
media_T6::media_T6_S000,T6,media,2013,76,76,1685,0.045103857566765576,90,0.8444444444444444
media_T6::media_T6_S000,T6,media,2014,85,85,1685,0.050445103857566766,110,0.7727272727272727
media_T6::media_T6_S000,T6,media,2015,97,97,1685,0.057566765578635014,118,0.8220338983050848
media_T6::media_T6_S000,T6,media,2016,62,62,1685,0.03679525222551929,85,0.7294117647058823
media_T6::media_T6_S000,T6,media,2017,39,39,1685,0.02314540059347181,70,0.5571428571428572
media_T6::media_T6_S000,T6,media,2018,50,50,1685,0.02967359050445104,69,0.7246376811594203
media_T6::media_T6_S000,T6,media,2019,54,54,1685,0.032047477744807124,87,0.6206896551724138
media_T6::media_T6_S000,T6,media,2020,64,64,1685,0.03798219584569733,84,0.7619047619047619
media_T6::media_T6_S000,T6,media,2021,86,86,1685,0.05103857566765579,106,0.8113207547169812
media_T6::media_T6_S000,T6,media,2022,95,95,1685,0.05637982195845697,127,0.7480314960629921
media_T6::media_T6_S000,T6,media,2023,86,86,1685,0.05103857566765579,113,0.7610619469026548
media_T6::media_T6_S000,T6,media,2024,71,71,1685,0.042136498516320474,97,0.7319587628865979
media_T6::media_T6_S000,T6,media,2025,2,2,1685,0.0011869436201780415,2,1.0
